== 22:34:54 results/phase5/cond_wikipedia.npz wikipedia_v3 olmo2_1b,gemma2_2b,qwen25_3b,olmo2_7b C_harmonic,D_chord,E_modulation A_win40,B_any,D_doc --nperm-res=5000 --nperm-loo=5000
corpus=wikipedia_v3; source counts [38, 162, 438, 813, 2943, 2666, 4285, 6334, 4719, 6139, 4283, 3096, 1542, 232, 121]; neutral=False rich=False targetprior=False templates=[0, 1, 2, 3] nperm_res=5000 nperm_loo=5000 nboot=0 docboot=None
model      family        extract       | resid r (p) | LOO Spearman: theory corpus both  ΔCV (p) ΔR² (p) ΔKL (p) [theory KL] | twins raw/line-controlled (p): Cb|B Gb|F# Db|C#
olmo2_1b   C_harmonic    A_win40       | +0.16 (0.1802) | +0.86 +0.68 +0.87  Δ +0.003 (0.3517) ΔR² +0.037 (0.2258) ΔKL +0.0025 (0.4239) [KL th 0.144] | +0.85/+0.74(0.012) +0.75/+0.03(0.476) +0.40/+0.47(0.103)
olmo2_1b   C_harmonic    B_any         | +0.14 (0.1932) | +0.86 +0.59 +0.86  Δ -0.003 (0.7876) ΔR² +0.019 (0.3127) ΔKL +0.0035 (0.3259) [KL th 0.144] | +0.76/+0.66(0.029) +0.59/+0.18(0.318) +0.39/+0.32(0.198)
olmo2_1b   C_harmonic    D_doc         | +0.19 (0.1790) | +0.86 +0.67 +0.85  Δ -0.015 (0.9796) ΔR² +0.059 (0.1940) ΔKL -0.0092 (0.9762) [KL th 0.144] | +0.84/+0.43(0.112) +0.67/-0.08(0.582) +0.40/+0.30(0.187)
olmo2_1b   D_chord       A_win40       | +0.12 (0.3019) | +0.86 +0.60 +0.85  Δ -0.002 (0.7245) ΔR² +0.018 (0.4881) ΔKL +0.0045 (0.3377) [KL th 0.184] | +0.78/+0.30(0.211) +0.85/+0.23(0.277) +0.36/+0.30(0.223)
olmo2_1b   D_chord       B_any         | +0.14 (0.2496) | +0.86 +0.53 +0.85  Δ -0.002 (0.7405) ΔR² +0.008 (0.5765) ΔKL +0.0084 (0.2268) [KL th 0.184] | +0.70/+0.29(0.231) +0.45/-0.26(0.757) +0.36/+0.08(0.432)
olmo2_1b   D_chord       D_doc         | +0.04 (0.4443) | +0.86 +0.60 +0.84  Δ -0.021 (0.9938) ΔR² +0.018 (0.5805) ΔKL -0.0146 (0.7950) [KL th 0.184] | +0.78/+0.18(0.315) +0.70/-0.27(0.764) +0.54/+0.26(0.242)
olmo2_1b   E_modulation  A_win40       | +0.28 (0.0296) | +0.91 +0.72 +0.90  Δ -0.011 (0.9602) ΔR² +0.102 (0.0154) ΔKL +0.0056 (0.0092) [KL th 0.061] | +0.86/+0.47(0.110) +0.85/+0.49(0.087) +0.41/+0.52(0.075)
olmo2_1b   E_modulation  B_any         | +0.20 (0.0720) | +0.91 +0.63 +0.91  Δ -0.003 (0.7467) ΔR² +0.047 (0.0694) ΔKL +0.0039 (0.0232) [KL th 0.061] | +0.80/+0.49(0.082) +0.61/+0.93(0.000) +0.38/+0.36(0.174)
olmo2_1b   E_modulation  D_doc         | +0.29 (0.0618) | +0.91 +0.75 +0.89  Δ -0.015 (0.9702) ΔR² +0.136 (0.0162) ΔKL +0.0008 (0.2342) [KL th 0.061] | +0.89/+0.41(0.137) +0.78/+0.63(0.036) +0.51/+0.18(0.308)
gemma2_2b  C_harmonic    A_win40       | -0.01 (0.5271) | +0.89 +0.61 +0.89  Δ -0.001 (0.7880) ΔR² -0.011 (0.9782) ΔKL -0.0008 (0.6499) [KL th 0.120] | +0.68/+0.08(0.421) +0.79/+0.11(0.383) +0.28/+0.79(0.006)
gemma2_2b  C_harmonic    B_any         | -0.01 (0.5351) | +0.89 +0.52 +0.89  Δ -0.001 (0.6965) ΔR² -0.008 (0.9148) ΔKL +0.0001 (0.5143) [KL th 0.120] | +0.65/+0.20(0.309) +0.53/-0.06(0.559) +0.34/+0.82(0.004)
gemma2_2b  C_harmonic    D_doc         | +0.03 (0.4277) | +0.89 +0.63 +0.89  Δ -0.007 (0.9722) ΔR² -0.007 (0.9674) ΔKL -0.0099 (0.9712) [KL th 0.120] | +0.72/-0.01(0.511) +0.68/-0.01(0.508) +0.32/-0.49(0.902)
gemma2_2b  D_chord       A_win40       | -0.10 (0.7546) | +0.95 +0.61 +0.96  Δ +0.002 (0.1860) ΔR² -0.009 (0.9644) ΔKL +0.0000 (0.3383) [KL th 0.050] | +0.78/+0.33(0.198) +0.84/+0.14(0.369) +0.23/+0.39(0.148)
gemma2_2b  D_chord       B_any         | -0.10 (0.7658) | +0.95 +0.52 +0.96  Δ +0.002 (0.1202) ΔR² +0.001 (0.5811) ΔKL +0.0003 (0.2815) [KL th 0.050] | +0.69/+0.03(0.466) +0.48/+0.11(0.420) +0.29/+0.40(0.144)
gemma2_2b  D_chord       D_doc         | +0.06 (0.3799) | +0.95 +0.66 +0.96  Δ +0.001 (0.3199) ΔR² -0.017 (0.9992) ΔKL -0.0011 (0.5799) [KL th 0.050] | +0.81/+0.15(0.368) +0.81/+0.43(0.121) +0.28/-0.40(0.852)
gemma2_2b  E_modulation  A_win40       | +0.11 (0.2757) | +0.93 +0.72 +0.93  Δ -0.004 (0.8908) ΔR² +0.022 (0.2829) ΔKL +0.0039 (0.0968) [KL th 0.071] | +0.79/+0.18(0.329) +0.84/+0.34(0.212) +0.17/+0.53(0.069)
gemma2_2b  E_modulation  B_any         | +0.08 (0.3149) | +0.93 +0.62 +0.93  Δ -0.002 (0.6861) ΔR² -0.002 (0.7013) ΔKL +0.0015 (0.1958) [KL th 0.071] | +0.74/+0.21(0.308) +0.59/+0.74(0.008) +0.23/+0.64(0.032)
gemma2_2b  E_modulation  D_doc         | +0.32 (0.0396) | +0.93 +0.75 +0.94  Δ +0.002 (0.2376) ΔR² +0.124 (0.0302) ΔKL +0.0117 (0.0086) [KL th 0.071] | +0.84/+0.34(0.188) +0.74/+0.44(0.122) +0.49/+0.16(0.337)
qwen25_3b  C_harmonic    A_win40       | +0.28 (0.0490) | +0.85 +0.70 +0.85  Δ -0.000 (0.8152) ΔR² +0.110 (0.0414) ΔKL +0.0087 (0.2432) [KL th 0.149] | +0.90/+0.76(0.009) +0.83/+0.53(0.083) +0.47/+0.52(0.076)
qwen25_3b  C_harmonic    B_any         | +0.25 (0.0486) | +0.85 +0.60 +0.85  Δ +0.004 (0.4623) ΔR² +0.064 (0.0798) ΔKL +0.0064 (0.2517) [KL th 0.149] | +0.79/+0.60(0.040) +0.65/+0.89(0.001) +0.45/+0.45(0.109)
qwen25_3b  C_harmonic    D_doc         | +0.27 (0.0870) | +0.85 +0.68 +0.82  Δ -0.026 (1.0000) ΔR² +0.107 (0.0736) ΔKL -0.0068 (0.9278) [KL th 0.149] | +0.89/+0.46(0.106) +0.78/+0.51(0.076) +0.27/-0.30(0.773)
qwen25_3b  D_chord       A_win40       | +0.22 (0.0982) | +0.90 +0.67 +0.90  Δ +0.007 (0.0928) ΔR² +0.059 (0.1112) ΔKL +0.0057 (0.2779) [KL th 0.131] | +0.83/+0.44(0.120) +0.81/-0.03(0.520) +0.13/+0.08(0.430)
qwen25_3b  D_chord       B_any         | +0.23 (0.0622) | +0.90 +0.57 +0.90  Δ +0.000 (0.5201) ΔR² +0.051 (0.0912) ΔKL +0.0091 (0.1570) [KL th 0.131] | +0.77/+0.38(0.161) +0.45/+0.09(0.408) +0.18/+0.08(0.413)
qwen25_3b  D_chord       D_doc         | +0.11 (0.3083) | +0.90 +0.66 +0.88  Δ -0.018 (0.9896) ΔR² +0.017 (0.4287) ΔKL -0.0102 (0.9448) [KL th 0.131] | +0.84/+0.38(0.161) +0.77/+0.52(0.077) +0.38/+0.06(0.465)
qwen25_3b  E_modulation  A_win40       | +0.20 (0.1126) | +0.93 +0.71 +0.93  Δ +0.000 (0.4415) ΔR² +0.023 (0.2701) ΔKL -0.0012 (0.7099) [KL th 0.053] | +0.79/+0.29(0.230) +0.86/+0.47(0.099) +0.32/+0.44(0.109)
qwen25_3b  E_modulation  B_any         | +0.16 (0.1384) | +0.93 +0.60 +0.93  Δ -0.002 (0.6575) ΔR² -0.004 (0.7906) ΔKL -0.0004 (0.5617) [KL th 0.053] | +0.73/+0.27(0.267) +0.51/+0.56(0.062) +0.36/+0.45(0.120)
qwen25_3b  E_modulation  D_doc         | +0.24 (0.1078) | +0.93 +0.72 +0.91  Δ -0.021 (0.9938) ΔR² +0.052 (0.1664) ΔKL -0.0052 (0.8964) [KL th 0.053] | +0.81/+0.08(0.457) +0.79/+0.43(0.125) +0.34/+0.04(0.497)
olmo2_7b   C_harmonic    A_win40       | +0.28 (0.0212) | +0.78 +0.63 +0.79  Δ +0.010 (0.1322) ΔR² +0.066 (0.0448) ΔKL +0.0053 (0.2731) [KL th 0.235] | +0.82/+0.41(0.139) +0.81/+0.30(0.230) +0.13/+0.04(0.462)
olmo2_7b   C_harmonic    B_any         | +0.26 (0.0182) | +0.78 +0.54 +0.79  Δ +0.006 (0.1878) ΔR² +0.051 (0.0540) ΔKL +0.0028 (0.3147) [KL th 0.235] | +0.74/+0.35(0.181) +0.46/+0.40(0.137) +0.20/+0.08(0.407)
olmo2_7b   C_harmonic    D_doc         | +0.34 (0.0128) | +0.78 +0.65 +0.79  Δ +0.011 (0.1562) ΔR² +0.133 (0.0080) ΔKL -0.0057 (0.9012) [KL th 0.235] | +0.80/+0.10(0.408) +0.70/+0.20(0.300) +0.23/-0.39(0.847)
olmo2_7b   D_chord       A_win40       | +0.30 (0.0130) | +0.86 +0.62 +0.87  Δ +0.008 (0.1294) ΔR² +0.073 (0.0246) ΔKL +0.0139 (0.0982) [KL th 0.200] | +0.76/+0.10(0.399) +0.83/+0.27(0.259) +0.02/-0.32(0.791)
olmo2_7b   D_chord       B_any         | +0.29 (0.0134) | +0.86 +0.53 +0.86  Δ +0.002 (0.2915) ΔR² +0.069 (0.0200) ΔKL +0.0158 (0.0506) [KL th 0.200] | +0.73/+0.26(0.261) +0.41/-0.28(0.739) +0.13/-0.08(0.573)
olmo2_7b   D_chord       D_doc         | +0.24 (0.0632) | +0.86 +0.62 +0.86  Δ -0.001 (0.4955) ΔR² +0.080 (0.0336) ΔKL -0.0102 (0.8846) [KL th 0.200] | +0.77/-0.02(0.547) +0.67/-0.26(0.752) +0.31/-0.31(0.803)
olmo2_7b   E_modulation  A_win40       | +0.38 (0.0020) | +0.89 +0.75 +0.90  Δ +0.008 (0.2088) ΔR² +0.220 (0.0002) ΔKL +0.0074 (0.0014) [KL th 0.052] | +0.88/+0.71(0.017) +0.83/+0.06(0.447) +0.21/+0.72(0.014)
olmo2_7b   E_modulation  B_any         | +0.31 (0.0048) | +0.89 +0.65 +0.90  Δ +0.011 (0.0836) ΔR² +0.129 (0.0008) ΔKL +0.0053 (0.0044) [KL th 0.052] | +0.80/+0.67(0.027) +0.54/+0.50(0.087) +0.25/+0.63(0.038)
olmo2_7b   E_modulation  D_doc         | +0.47 (0.0014) | +0.89 +0.74 +0.88  Δ -0.012 (0.9954) ΔR² +0.296 (0.0002) ΔKL -0.0015 (0.7642) [KL th 0.052] | +0.92/+0.65(0.028) +0.76/+0.37(0.162) +0.34/-0.23(0.743)
saved wikipedia_v3
== 22:38:24 results/phase5/cond_wikipedia.npz wikipedia_v3 olmo2_1b,gemma2_2b,qwen25_3b,olmo2_7b C_harmonic,D_chord,E_modulation A_win40,B_any,D_doc --neutral --nperm-res=5000 --nperm-loo=5000
corpus=wikipedia_v3; source counts [38, 162, 438, 813, 2943, 2666, 4285, 6334, 4719, 6139, 4283, 3096, 1542, 232, 121]; neutral=True rich=False targetprior=False templates=[0, 1, 2, 3] nperm_res=5000 nperm_loo=5000 nboot=0 docboot=None
model      family        extract       | resid r (p) | LOO Spearman: theory corpus both  ΔCV (p) ΔR² (p) ΔKL (p) [theory KL] | twins raw/line-controlled (p): Cb|B Gb|F# Db|C#
olmo2_1b   C_harmonic    A_win40       | +0.34 (0.0080) | +0.58 +0.54 +0.60  Δ +0.015 (0.1050) ΔR² +0.139 (0.0050) ΔKL +0.0239 (0.0262) [KL th 0.221] | 
olmo2_1b   C_harmonic    B_any         | +0.22 (0.0628) | +0.58 +0.47 +0.56  Δ -0.019 (0.8012) ΔR² +0.066 (0.0418) ΔKL +0.0153 (0.0636) [KL th 0.221] | 
olmo2_1b   C_harmonic    D_doc         | +0.40 (0.0024) | +0.58 +0.42 +0.57  Δ -0.010 (0.6203) ΔR² +0.148 (0.0108) ΔKL +0.0142 (0.1466) [KL th 0.221] | 
olmo2_1b   D_chord       A_win40       | +0.15 (0.4013) | +0.74 +0.43 +0.72  Δ -0.016 (0.9380) ΔR² +0.008 (0.6367) ΔKL +0.0057 (0.1882) [KL th 0.223] | 
olmo2_1b   D_chord       B_any         | +0.11 (0.5055) | +0.74 +0.38 +0.72  Δ -0.013 (0.9048) ΔR² -0.004 (0.8946) ΔKL +0.0034 (0.1870) [KL th 0.223] | 
olmo2_1b   D_chord       D_doc         | +0.19 (0.4095) | +0.74 +0.34 +0.72  Δ -0.012 (0.9036) ΔR² +0.013 (0.6281) ΔKL +0.0058 (0.2418) [KL th 0.223] | 
olmo2_1b   E_modulation  A_win40       | +0.47 (0.0002) | +0.74 +0.63 +0.73  Δ -0.005 (0.7455) ΔR² +0.286 (0.0004) ΔKL +0.0368 (0.0004) [KL th 0.134] | 
olmo2_1b   E_modulation  B_any         | +0.31 (0.0056) | +0.74 +0.53 +0.73  Δ -0.010 (0.8732) ΔR² +0.152 (0.0024) ΔKL +0.0207 (0.0006) [KL th 0.134] | 
olmo2_1b   E_modulation  D_doc         | +0.60 (0.0002) | +0.74 +0.54 +0.74  Δ +0.003 (0.3491) ΔR² +0.357 (0.0002) ΔKL +0.0451 (0.0002) [KL th 0.134] | 
gemma2_2b  C_harmonic    A_win40       | +0.17 (0.2773) | +0.73 +0.45 +0.69  Δ -0.042 (0.9980) ΔR² +0.033 (0.2571) ΔKL +0.0001 (0.5491) [KL th 0.193] | 
gemma2_2b  C_harmonic    B_any         | +0.12 (0.3863) | +0.73 +0.40 +0.70  Δ -0.029 (0.9788) ΔR² +0.016 (0.3657) ΔKL +0.0007 (0.4811) [KL th 0.193] | 
gemma2_2b  C_harmonic    D_doc         | +0.22 (0.2300) | +0.73 +0.38 +0.69  Δ -0.036 (0.9918) ΔR² +0.055 (0.2252) ΔKL -0.0022 (0.7473) [KL th 0.193] | 
gemma2_2b  D_chord       A_win40       | +0.18 (0.2789) | +0.78 +0.41 +0.76  Δ -0.020 (0.9312) ΔR² +0.021 (0.4087) ΔKL +0.0016 (0.4043) [KL th 0.203] | 
gemma2_2b  D_chord       B_any         | +0.12 (0.3911) | +0.78 +0.34 +0.77  Δ -0.017 (0.9026) ΔR² +0.002 (0.6171) ΔKL +0.0016 (0.3819) [KL th 0.203] | 
gemma2_2b  D_chord       D_doc         | +0.25 (0.2286) | +0.78 +0.39 +0.78  Δ -0.006 (0.7173) ΔR² +0.041 (0.3423) ΔKL +0.0023 (0.4587) [KL th 0.203] | 
gemma2_2b  E_modulation  A_win40       | +0.47 (0.0002) | +0.75 +0.60 +0.77  Δ +0.020 (0.0064) ΔR² +0.298 (0.0002) ΔKL +0.0292 (0.0002) [KL th 0.127] | 
gemma2_2b  E_modulation  B_any         | +0.31 (0.0028) | +0.75 +0.52 +0.76  Δ +0.001 (0.2839) ΔR² +0.169 (0.0004) ΔKL +0.0191 (0.0004) [KL th 0.127] | 
gemma2_2b  E_modulation  D_doc         | +0.59 (0.0002) | +0.75 +0.53 +0.78  Δ +0.022 (0.0038) ΔR² +0.382 (0.0002) ΔKL +0.0359 (0.0002) [KL th 0.127] | 
qwen25_3b  C_harmonic    A_win40       | +0.33 (0.0406) | +0.74 +0.56 +0.71  Δ -0.021 (0.9800) ΔR² +0.146 (0.0126) ΔKL +0.0237 (0.0564) [KL th 0.212] | 
qwen25_3b  C_harmonic    B_any         | +0.21 (0.1706) | +0.74 +0.51 +0.72  Δ -0.015 (0.9458) ΔR² +0.070 (0.0706) ΔKL +0.0148 (0.1014) [KL th 0.212] | 
qwen25_3b  C_harmonic    D_doc         | +0.38 (0.0300) | +0.74 +0.45 +0.67  Δ -0.062 (1.0000) ΔR² +0.162 (0.0136) ΔKL +0.0181 (0.1496) [KL th 0.212] | 
qwen25_3b  D_chord       A_win40       | +0.29 (0.0640) | +0.74 +0.53 +0.75  Δ +0.005 (0.3241) ΔR² +0.140 (0.0180) ΔKL +0.0156 (0.0360) [KL th 0.178] | 
qwen25_3b  D_chord       B_any         | +0.21 (0.1442) | +0.74 +0.44 +0.74  Δ -0.005 (0.7347) ΔR² +0.079 (0.0478) ΔKL +0.0071 (0.1158) [KL th 0.178] | 
qwen25_3b  D_chord       D_doc         | +0.36 (0.0456) | +0.74 +0.42 +0.74  Δ -0.001 (0.5829) ΔR² +0.136 (0.0320) ΔKL +0.0169 (0.0498) [KL th 0.178] | 
qwen25_3b  E_modulation  A_win40       | +0.38 (0.0086) | +0.83 +0.59 +0.82  Δ -0.008 (0.8658) ΔR² +0.185 (0.0022) ΔKL +0.0164 (0.0008) [KL th 0.117] | 
qwen25_3b  E_modulation  B_any         | +0.24 (0.0538) | +0.83 +0.47 +0.83  Δ -0.001 (0.5409) ΔR² +0.091 (0.0194) ΔKL +0.0086 (0.0064) [KL th 0.117] | 
qwen25_3b  E_modulation  D_doc         | +0.50 (0.0008) | +0.83 +0.45 +0.81  Δ -0.026 (0.9750) ΔR² +0.236 (0.0020) ΔKL +0.0233 (0.0002) [KL th 0.117] | 
olmo2_7b   C_harmonic    A_win40       | +0.35 (0.0168) | +0.55 +0.44 +0.64  Δ +0.087 (0.0002) ΔR² +0.147 (0.0034) ΔKL +0.0393 (0.0036) [KL th 0.283] | 
olmo2_7b   C_harmonic    B_any         | +0.26 (0.0534) | +0.55 +0.41 +0.60  Δ +0.042 (0.0078) ΔR² +0.090 (0.0158) ΔKL +0.0302 (0.0118) [KL th 0.283] | 
olmo2_7b   C_harmonic    D_doc         | +0.41 (0.0046) | +0.55 +0.43 +0.63  Δ +0.075 (0.0006) ΔR² +0.167 (0.0042) ΔKL +0.0393 (0.0072) [KL th 0.283] | 
olmo2_7b   D_chord       A_win40       | +0.35 (0.0354) | +0.64 +0.47 +0.65  Δ +0.009 (0.2849) ΔR² +0.128 (0.0304) ΔKL +0.0644 (0.0004) [KL th 0.357] | 
olmo2_7b   D_chord       B_any         | +0.28 (0.0756) | +0.64 +0.42 +0.62  Δ -0.018 (0.9282) ΔR² +0.078 (0.0610) ΔKL +0.0536 (0.0014) [KL th 0.357] | 
olmo2_7b   D_chord       D_doc         | +0.44 (0.0200) | +0.64 +0.44 +0.64  Δ +0.003 (0.4233) ΔR² +0.159 (0.0322) ΔKL +0.0705 (0.0014) [KL th 0.357] | 
olmo2_7b   E_modulation  A_win40       | +0.47 (0.0014) | +0.74 +0.64 +0.78  Δ +0.047 (0.0002) ΔR² +0.329 (0.0004) ΔKL +0.0356 (0.0002) [KL th 0.130] | 
olmo2_7b   E_modulation  B_any         | +0.32 (0.0174) | +0.74 +0.57 +0.77  Δ +0.028 (0.0020) ΔR² +0.179 (0.0018) ΔKL +0.0204 (0.0006) [KL th 0.130] | 
olmo2_7b   E_modulation  D_doc         | +0.60 (0.0008) | +0.74 +0.51 +0.74  Δ +0.001 (0.4619) ΔR² +0.375 (0.0002) ΔKL +0.0393 (0.0002) [KL th 0.130] | 
saved wikipedia_v3_neutral
== 22:41:51 results/phase5/cond_wikipedia.npz wikipedia_v3 olmo2_1b,gemma2_2b,qwen25_3b,olmo2_7b C_harmonic,E_modulation A_win40,D_doc --neutral --rich --nperm-res=5000 --nperm-loo=5000
corpus=wikipedia_v3; source counts [38, 162, 438, 813, 2943, 2666, 4285, 6334, 4719, 6139, 4283, 3096, 1542, 232, 121]; neutral=True rich=True targetprior=False templates=[0, 1, 2, 3] nperm_res=5000 nperm_loo=5000 nboot=0 docboot=None
model      family        extract       | resid r (p) | LOO Spearman: theory corpus both  ΔCV (p) ΔR² (p) ΔKL (p) [theory KL] | twins raw/line-controlled (p): Cb|B Gb|F# Db|C#
olmo2_1b   C_harmonic    A_win40       | +0.22 (0.0884) | +0.56 +0.54 +0.59  Δ +0.035 (0.1410) ΔR² +0.054 (0.1152) ΔKL +0.0075 (0.2134) [KL th 0.205] | 
olmo2_1b   C_harmonic    D_doc         | +0.30 (0.0326) | +0.56 +0.42 +0.57  Δ +0.016 (0.3359) ΔR² +0.070 (0.1232) ΔKL +0.0014 (0.4627) [KL th 0.205] | 
olmo2_1b   E_modulation  A_win40       | +0.38 (0.0014) | +0.74 +0.63 +0.73  Δ -0.010 (0.8478) ΔR² +0.172 (0.0012) ΔKL +0.0234 (0.0006) [KL th 0.123] | 
olmo2_1b   E_modulation  D_doc         | +0.53 (0.0002) | +0.74 +0.54 +0.75  Δ +0.015 (0.1320) ΔR² +0.264 (0.0008) ΔKL +0.0340 (0.0004) [KL th 0.123] | 
gemma2_2b  C_harmonic    A_win40       | +0.00 (0.6447) | +0.72 +0.45 +0.71  Δ -0.010 (0.9330) ΔR² -0.006 (0.8080) ΔKL -0.0021 (0.7231) [KL th 0.190] | 
gemma2_2b  C_harmonic    D_doc         | +0.10 (0.5035) | +0.72 +0.38 +0.71  Δ -0.010 (0.9270) ΔR² +0.006 (0.5899) ΔKL -0.0044 (0.8558) [KL th 0.190] | 
gemma2_2b  E_modulation  A_win40       | +0.38 (0.0006) | +0.76 +0.60 +0.77  Δ +0.012 (0.0294) ΔR² +0.179 (0.0004) ΔKL +0.0189 (0.0004) [KL th 0.116] | 
gemma2_2b  E_modulation  D_doc         | +0.52 (0.0002) | +0.76 +0.53 +0.78  Δ +0.025 (0.0028) ΔR² +0.285 (0.0002) ΔKL +0.0256 (0.0002) [KL th 0.116] | 
qwen25_3b  C_harmonic    A_win40       | +0.20 (0.2232) | +0.72 +0.56 +0.72  Δ -0.007 (0.9554) ΔR² +0.038 (0.2482) ΔKL +0.0084 (0.2647) [KL th 0.196] | 
qwen25_3b  C_harmonic    D_doc         | +0.26 (0.1640) | +0.72 +0.45 +0.68  Δ -0.039 (1.0000) ΔR² +0.050 (0.2382) ΔKL +0.0044 (0.4569) [KL th 0.196] | 
qwen25_3b  E_modulation  A_win40       | +0.25 (0.0660) | +0.84 +0.59 +0.84  Δ -0.001 (0.5951) ΔR² +0.064 (0.0696) ΔKL +0.0067 (0.0132) [KL th 0.105] | 
qwen25_3b  E_modulation  D_doc         | +0.39 (0.0066) | +0.84 +0.45 +0.82  Δ -0.021 (0.9512) ΔR² +0.114 (0.0378) ΔKL +0.0131 (0.0030) [KL th 0.105] | 
olmo2_7b   C_harmonic    A_win40       | +0.17 (0.1970) | +0.61 +0.44 +0.65  Δ +0.035 (0.0320) ΔR² +0.029 (0.2148) ΔKL +0.0075 (0.2565) [KL th 0.241] | 
olmo2_7b   C_harmonic    D_doc         | +0.29 (0.0780) | +0.61 +0.43 +0.64  Δ +0.023 (0.1094) ΔR² +0.048 (0.1668) ΔKL +0.0085 (0.2971) [KL th 0.241] | 
olmo2_7b   E_modulation  A_win40       | +0.35 (0.0130) | +0.76 +0.64 +0.77  Δ +0.015 (0.0078) ΔR² +0.177 (0.0014) ΔKL +0.0175 (0.0002) [KL th 0.112] | 
olmo2_7b   E_modulation  D_doc         | +0.51 (0.0010) | +0.76 +0.51 +0.74  Δ -0.018 (0.8444) ΔR² +0.235 (0.0008) ΔKL +0.0222 (0.0008) [KL th 0.112] | 
saved wikipedia_v3_neutral_rich
== 22:43:36 results/phase5/cond_wikipedia.npz wikipedia_v3 olmo2_1b,gemma2_2b,qwen25_3b,olmo2_7b C_harmonic,E_modulation A_win40,D_doc --rich --nperm-res=5000 --nperm-loo=5000
corpus=wikipedia_v3; source counts [38, 162, 438, 813, 2943, 2666, 4285, 6334, 4719, 6139, 4283, 3096, 1542, 232, 121]; neutral=False rich=True targetprior=False templates=[0, 1, 2, 3] nperm_res=5000 nperm_loo=5000 nboot=0 docboot=None
model      family        extract       | resid r (p) | LOO Spearman: theory corpus both  ΔCV (p) ΔR² (p) ΔKL (p) [theory KL] | twins raw/line-controlled (p): Cb|B Gb|F# Db|C#
olmo2_1b   C_harmonic    A_win40       | +0.13 (0.2440) | +0.86 +0.68 +0.87  Δ +0.006 (0.1592) ΔR² +0.015 (0.4341) ΔKL +0.0029 (0.4133) [KL th 0.147] | +0.85/+0.74(0.010) +0.75/+0.03(0.478) +0.40/+0.47(0.097)
olmo2_1b   C_harmonic    D_doc         | +0.19 (0.1826) | +0.86 +0.67 +0.85  Δ -0.013 (0.9460) ΔR² +0.041 (0.2935) ΔKL -0.0096 (0.9808) [KL th 0.147] | +0.84/+0.43(0.115) +0.67/-0.08(0.592) +0.40/+0.30(0.192)
olmo2_1b   E_modulation  A_win40       | +0.24 (0.0510) | +0.90 +0.72 +0.91  Δ +0.008 (0.0438) ΔR² +0.047 (0.1040) ΔKL +0.0103 (0.0004) [KL th 0.066] | +0.86/+0.47(0.113) +0.85/+0.49(0.093) +0.41/+0.52(0.078)
olmo2_1b   E_modulation  D_doc         | +0.28 (0.0686) | +0.90 +0.75 +0.90  Δ -0.001 (0.6789) ΔR² +0.096 (0.0566) ΔKL +0.0055 (0.0224) [KL th 0.066] | +0.89/+0.41(0.141) +0.78/+0.63(0.038) +0.51/+0.18(0.316)
gemma2_2b  C_harmonic    A_win40       | -0.00 (0.4937) | +0.90 +0.61 +0.89  Δ -0.004 (0.8162) ΔR² -0.006 (0.9070) ΔKL -0.0014 (0.7213) [KL th 0.121] | +0.68/+0.08(0.424) +0.79/+0.11(0.398) +0.28/+0.79(0.007)
gemma2_2b  C_harmonic    D_doc         | +0.04 (0.3849) | +0.90 +0.63 +0.88  Δ -0.013 (0.9936) ΔR² +0.009 (0.5261) ΔKL -0.0137 (0.9866) [KL th 0.121] | +0.72/-0.01(0.510) +0.68/-0.01(0.507) +0.32/-0.49(0.897)
gemma2_2b  E_modulation  A_win40       | +0.19 (0.1280) | +0.94 +0.72 +0.94  Δ +0.001 (0.2266) ΔR² +0.062 (0.1028) ΔKL +0.0102 (0.0072) [KL th 0.072] | +0.79/+0.18(0.332) +0.84/+0.34(0.198) +0.17/+0.53(0.071)
gemma2_2b  E_modulation  D_doc         | +0.37 (0.0182) | +0.94 +0.75 +0.94  Δ +0.003 (0.1276) ΔR² +0.195 (0.0054) ΔKL +0.0161 (0.0008) [KL th 0.072] | +0.84/+0.34(0.196) +0.74/+0.44(0.127) +0.49/+0.16(0.331)
qwen25_3b  C_harmonic    A_win40       | +0.13 (0.2501) | +0.85 +0.70 +0.85  Δ +0.004 (0.5101) ΔR² -0.002 (0.7900) ΔKL +0.0066 (0.3043) [KL th 0.153] | +0.90/+0.76(0.010) +0.83/+0.53(0.068) +0.47/+0.52(0.073)
qwen25_3b  C_harmonic    D_doc         | +0.17 (0.2056) | +0.85 +0.68 +0.84  Δ -0.007 (0.9900) ΔR² +0.014 (0.5403) ΔKL -0.0015 (0.7760) [KL th 0.153] | +0.89/+0.46(0.103) +0.78/+0.51(0.082) +0.27/-0.30(0.766)
qwen25_3b  E_modulation  A_win40       | +0.13 (0.2200) | +0.92 +0.71 +0.92  Δ +0.001 (0.5555) ΔR² -0.012 (0.9920) ΔKL +0.0021 (0.2016) [KL th 0.058] | +0.79/+0.29(0.236) +0.86/+0.47(0.104) +0.32/+0.44(0.121)
qwen25_3b  E_modulation  D_doc         | +0.22 (0.1286) | +0.92 +0.72 +0.91  Δ -0.015 (0.9954) ΔR² +0.030 (0.3045) ΔKL -0.0006 (0.6353) [KL th 0.058] | +0.81/+0.08(0.454) +0.79/+0.43(0.118) +0.34/+0.04(0.492)
olmo2_7b   C_harmonic    A_win40       | +0.13 (0.2044) | +0.79 +0.63 +0.81  Δ +0.016 (0.0640) ΔR² -0.014 (0.9914) ΔKL -0.0002 (0.5829) [KL th 0.223] | +0.82/+0.41(0.137) +0.81/+0.30(0.229) +0.13/+0.04(0.457)
olmo2_7b   C_harmonic    D_doc         | +0.23 (0.0856) | +0.79 +0.65 +0.79  Δ -0.001 (0.6843) ΔR² +0.056 (0.1420) ΔKL -0.0077 (0.9480) [KL th 0.223] | +0.80/+0.10(0.403) +0.70/+0.20(0.299) +0.23/-0.39(0.844)
olmo2_7b   E_modulation  A_win40       | +0.31 (0.0084) | +0.90 +0.75 +0.90  Δ +0.003 (0.2002) ΔR² +0.103 (0.0042) ΔKL +0.0106 (0.0008) [KL th 0.058] | +0.88/+0.71(0.014) +0.83/+0.06(0.456) +0.21/+0.72(0.016)
olmo2_7b   E_modulation  D_doc         | +0.44 (0.0012) | +0.90 +0.74 +0.88  Δ -0.018 (0.9970) ΔR² +0.201 (0.0010) ΔKL +0.0036 (0.0656) [KL th 0.058] | +0.92/+0.65(0.033) +0.76/+0.37(0.159) +0.34/-0.23(0.740)
saved wikipedia_v3_rich
== 22:45:21 results/phase5/cond_wikipedia.npz wikipedia_v3 olmo2_1b,gemma2_2b,qwen25_3b,olmo2_7b C_harmonic,D_chord,E_modulation A_win40,B_any,D_doc --neutral --targetprior --nperm-res=5000 --nperm-loo=5000
corpus=wikipedia_v3; source counts [38, 162, 438, 813, 2943, 2666, 4285, 6334, 4719, 6139, 4283, 3096, 1542, 232, 121]; neutral=True rich=False targetprior=True templates=[0, 1, 2, 3] nperm_res=5000 nperm_loo=5000 nboot=0 docboot=None
model      family        extract       | resid r (p) | LOO Spearman: theory corpus both  ΔCV (p) ΔR² (p) ΔKL (p) [theory KL] | twins raw/line-controlled (p): Cb|B Gb|F# Db|C#
olmo2_1b   C_harmonic    A_win40       | +0.34 (0.0084) | +0.64 +0.54 +0.68  Δ +0.035 (0.0006) ΔR² +0.221 (0.0002) ΔKL +0.0323 (0.0002) [KL th 0.177] | 
olmo2_1b   C_harmonic    B_any         | +0.22 (0.0642) | +0.64 +0.47 +0.66  Δ +0.022 (0.0068) ΔR² +0.112 (0.0016) ΔKL +0.0175 (0.0018) [KL th 0.177] | 
olmo2_1b   C_harmonic    D_doc         | +0.40 (0.0016) | +0.64 +0.42 +0.69  Δ +0.048 (0.0002) ΔR² +0.273 (0.0002) ΔKL +0.0362 (0.0002) [KL th 0.177] | 
olmo2_1b   D_chord       A_win40       | +0.15 (0.4173) | +0.95 +0.43 +0.95  Δ -0.004 (0.9770) ΔR² +0.159 (0.0006) ΔKL +0.0148 (0.0002) [KL th 0.064] | 
olmo2_1b   D_chord       B_any         | +0.11 (0.5245) | +0.95 +0.38 +0.95  Δ -0.002 (0.9476) ΔR² +0.071 (0.0056) ΔKL +0.0072 (0.0004) [KL th 0.064] | 
olmo2_1b   D_chord       D_doc         | +0.19 (0.4157) | +0.95 +0.34 +0.94  Δ -0.013 (0.9998) ΔR² +0.252 (0.0002) ΔKL +0.0160 (0.0002) [KL th 0.064] | 
olmo2_1b   E_modulation  A_win40       | +0.47 (0.0006) | +0.76 +0.63 +0.78  Δ +0.019 (0.0020) ΔR² +0.345 (0.0002) ΔKL +0.0407 (0.0002) [KL th 0.126] | 
olmo2_1b   E_modulation  B_any         | +0.31 (0.0086) | +0.76 +0.53 +0.76  Δ +0.005 (0.1684) ΔR² +0.185 (0.0006) ΔKL +0.0229 (0.0002) [KL th 0.126] | 
olmo2_1b   E_modulation  D_doc         | +0.60 (0.0002) | +0.76 +0.54 +0.76  Δ +0.004 (0.2418) ΔR² +0.439 (0.0002) ΔKL +0.0468 (0.0002) [KL th 0.126] | 
gemma2_2b  C_harmonic    A_win40       | +0.17 (0.2821) | +0.84 +0.45 +0.81  Δ -0.029 (0.9998) ΔR² +0.098 (0.0002) ΔKL +0.0068 (0.0044) [KL th 0.128] | 
gemma2_2b  C_harmonic    B_any         | +0.12 (0.3705) | +0.84 +0.40 +0.83  Δ -0.005 (0.6907) ΔR² +0.057 (0.0058) ΔKL +0.0034 (0.0222) [KL th 0.128] | 
gemma2_2b  C_harmonic    D_doc         | +0.22 (0.2362) | +0.84 +0.38 +0.83  Δ -0.010 (0.9088) ΔR² +0.194 (0.0002) ΔKL +0.0197 (0.0002) [KL th 0.128] | 
gemma2_2b  D_chord       A_win40       | +0.18 (0.2831) | +0.91 +0.41 +0.91  Δ +0.002 (0.3473) ΔR² +0.093 (0.0010) ΔKL +0.0090 (0.0006) [KL th 0.100] | 
gemma2_2b  D_chord       B_any         | +0.12 (0.3989) | +0.91 +0.34 +0.91  Δ +0.000 (0.6545) ΔR² +0.034 (0.0182) ΔKL +0.0026 (0.0182) [KL th 0.100] | 
gemma2_2b  D_chord       D_doc         | +0.25 (0.2314) | +0.91 +0.39 +0.91  Δ +0.001 (0.3991) ΔR² +0.183 (0.0002) ΔKL +0.0116 (0.0008) [KL th 0.100] | 
gemma2_2b  E_modulation  A_win40       | +0.47 (0.0002) | +0.74 +0.60 +0.75  Δ +0.008 (0.1292) ΔR² +0.319 (0.0002) ΔKL +0.0345 (0.0002) [KL th 0.130] | 
gemma2_2b  E_modulation  B_any         | +0.31 (0.0022) | +0.74 +0.52 +0.72  Δ -0.017 (0.9960) ΔR² +0.174 (0.0002) ΔKL +0.0198 (0.0004) [KL th 0.130] | 
gemma2_2b  E_modulation  D_doc         | +0.59 (0.0002) | +0.74 +0.53 +0.76  Δ +0.019 (0.0092) ΔR² +0.409 (0.0002) ΔKL +0.0418 (0.0002) [KL th 0.130] | 
qwen25_3b  C_harmonic    A_win40       | +0.33 (0.0414) | +0.78 +0.56 +0.81  Δ +0.035 (0.0002) ΔR² +0.272 (0.0002) ΔKL +0.0422 (0.0002) [KL th 0.150] | 
qwen25_3b  C_harmonic    B_any         | +0.21 (0.1802) | +0.78 +0.51 +0.80  Δ +0.023 (0.0002) ΔR² +0.140 (0.0010) ΔKL +0.0223 (0.0006) [KL th 0.150] | 
qwen25_3b  C_harmonic    D_doc         | +0.38 (0.0312) | +0.78 +0.45 +0.79  Δ +0.018 (0.0004) ΔR² +0.336 (0.0002) ΔKL +0.0448 (0.0002) [KL th 0.150] | 
qwen25_3b  D_chord       A_win40       | +0.29 (0.0626) | +0.82 +0.53 +0.83  Δ +0.001 (0.0388) ΔR² +0.293 (0.0002) ΔKL +0.0268 (0.0002) [KL th 0.130] | 
qwen25_3b  D_chord       B_any         | +0.21 (0.1414) | +0.82 +0.44 +0.79  Δ -0.030 (0.9950) ΔR² +0.179 (0.0002) ΔKL +0.0141 (0.0008) [KL th 0.130] | 
qwen25_3b  D_chord       D_doc         | +0.36 (0.0446) | +0.82 +0.42 +0.81  Δ -0.018 (0.9746) ΔR² +0.394 (0.0002) ΔKL +0.0399 (0.0002) [KL th 0.130] | 
qwen25_3b  E_modulation  A_win40       | +0.38 (0.0080) | +0.79 +0.59 +0.82  Δ +0.029 (0.0036) ΔR² +0.247 (0.0002) ΔKL +0.0246 (0.0002) [KL th 0.119] | 
qwen25_3b  E_modulation  B_any         | +0.24 (0.0570) | +0.79 +0.47 +0.81  Δ +0.019 (0.0326) ΔR² +0.127 (0.0012) ΔKL +0.0117 (0.0014) [KL th 0.119] | 
qwen25_3b  E_modulation  D_doc         | +0.50 (0.0014) | +0.79 +0.45 +0.77  Δ -0.020 (0.9986) ΔR² +0.329 (0.0002) ΔKL +0.0314 (0.0002) [KL th 0.119] | 
olmo2_7b   C_harmonic    A_win40       | +0.35 (0.0146) | +0.62 +0.44 +0.69  Δ +0.068 (0.0002) ΔR² +0.223 (0.0002) ΔKL +0.0577 (0.0002) [KL th 0.234] | 
olmo2_7b   C_harmonic    B_any         | +0.26 (0.0446) | +0.62 +0.41 +0.67  Δ +0.055 (0.0002) ΔR² +0.148 (0.0004) ΔKL +0.0420 (0.0002) [KL th 0.234] | 
olmo2_7b   C_harmonic    D_doc         | +0.41 (0.0020) | +0.62 +0.43 +0.68  Δ +0.061 (0.0002) ΔR² +0.235 (0.0002) ΔKL +0.0515 (0.0002) [KL th 0.234] | 
olmo2_7b   D_chord       A_win40       | +0.35 (0.0338) | +0.69 +0.47 +0.74  Δ +0.042 (0.0002) ΔR² +0.226 (0.0002) ΔKL +0.1004 (0.0002) [KL th 0.300] | 
olmo2_7b   D_chord       B_any         | +0.28 (0.0736) | +0.69 +0.42 +0.73  Δ +0.037 (0.0006) ΔR² +0.167 (0.0002) ΔKL +0.0800 (0.0002) [KL th 0.300] | 
olmo2_7b   D_chord       D_doc         | +0.44 (0.0212) | +0.69 +0.44 +0.72  Δ +0.029 (0.0004) ΔR² +0.329 (0.0002) ΔKL +0.1154 (0.0002) [KL th 0.300] | 
olmo2_7b   E_modulation  A_win40       | +0.47 (0.0016) | +0.69 +0.64 +0.74  Δ +0.055 (0.0002) ΔR² +0.416 (0.0002) ΔKL +0.0467 (0.0002) [KL th 0.127] | 
olmo2_7b   E_modulation  B_any         | +0.32 (0.0162) | +0.69 +0.57 +0.69  Δ +0.004 (0.0532) ΔR² +0.250 (0.0002) ΔKL +0.0274 (0.0002) [KL th 0.127] | 
olmo2_7b   E_modulation  D_doc         | +0.60 (0.0002) | +0.69 +0.51 +0.70  Δ +0.007 (0.0154) ΔR² +0.480 (0.0002) ΔKL +0.0491 (0.0002) [KL th 0.127] | 
saved wikipedia_v3_neutral_tp
== 22:49:28 results/phase5/cond_wikipedia.npz wikipedia_v3 olmo2_1b,gemma2_2b,qwen25_3b,olmo2_7b C_harmonic,E_modulation A_win40,D_doc --neutral --rich --targetprior --nperm-res=5000 --nperm-loo=5000
corpus=wikipedia_v3; source counts [38, 162, 438, 813, 2943, 2666, 4285, 6334, 4719, 6139, 4283, 3096, 1542, 232, 121]; neutral=True rich=True targetprior=True templates=[0, 1, 2, 3] nperm_res=5000 nperm_loo=5000 nboot=0 docboot=None
model      family        extract       | resid r (p) | LOO Spearman: theory corpus both  ΔCV (p) ΔR² (p) ΔKL (p) [theory KL] | twins raw/line-controlled (p): Cb|B Gb|F# Db|C#
olmo2_1b   C_harmonic    A_win40       | +0.22 (0.0890) | +0.65 +0.54 +0.67  Δ +0.024 (0.0118) ΔR² +0.114 (0.0006) ΔKL +0.0134 (0.0010) [KL th 0.157] | 
olmo2_1b   C_harmonic    D_doc         | +0.30 (0.0382) | +0.65 +0.42 +0.68  Δ +0.030 (0.0008) ΔR² +0.176 (0.0002) ΔKL +0.0187 (0.0002) [KL th 0.157] | 
olmo2_1b   E_modulation  A_win40       | +0.38 (0.0018) | +0.76 +0.63 +0.77  Δ +0.012 (0.0050) ΔR² +0.222 (0.0002) ΔKL +0.0266 (0.0002) [KL th 0.115] | 
olmo2_1b   E_modulation  D_doc         | +0.53 (0.0002) | +0.76 +0.54 +0.76  Δ -0.001 (0.4439) ΔR² +0.345 (0.0002) ΔKL +0.0345 (0.0002) [KL th 0.115] | 
gemma2_2b  C_harmonic    A_win40       | +0.00 (0.6631) | +0.81 +0.45 +0.80  Δ -0.012 (0.9978) ΔR² +0.027 (0.0092) ΔKL -0.0002 (0.3039) [KL th 0.125] | 
gemma2_2b  C_harmonic    D_doc         | +0.10 (0.4891) | +0.81 +0.38 +0.81  Δ -0.003 (0.9102) ΔR² +0.124 (0.0004) ΔKL +0.0117 (0.0004) [KL th 0.125] | 
gemma2_2b  E_modulation  A_win40       | +0.38 (0.0012) | +0.73 +0.60 +0.75  Δ +0.024 (0.0086) ΔR² +0.201 (0.0002) ΔKL +0.0223 (0.0002) [KL th 0.117] | 
gemma2_2b  E_modulation  D_doc         | +0.52 (0.0002) | +0.73 +0.53 +0.76  Δ +0.037 (0.0008) ΔR² +0.315 (0.0002) ΔKL +0.0293 (0.0002) [KL th 0.117] | 
qwen25_3b  C_harmonic    A_win40       | +0.20 (0.2206) | +0.79 +0.56 +0.80  Δ +0.017 (0.0082) ΔR² +0.125 (0.0004) ΔKL +0.0194 (0.0002) [KL th 0.128] | 
qwen25_3b  C_harmonic    D_doc         | +0.26 (0.1648) | +0.79 +0.45 +0.79  Δ +0.005 (0.1668) ΔR² +0.196 (0.0002) ΔKL +0.0225 (0.0002) [KL th 0.128] | 
qwen25_3b  E_modulation  A_win40       | +0.25 (0.0652) | +0.81 +0.59 +0.82  Δ +0.012 (0.0092) ΔR² +0.105 (0.0008) ΔKL +0.0113 (0.0008) [KL th 0.105] | 
qwen25_3b  E_modulation  D_doc         | +0.39 (0.0078) | +0.81 +0.45 +0.77  Δ -0.036 (0.9988) ΔR² +0.195 (0.0002) ΔKL +0.0182 (0.0004) [KL th 0.105] | 
olmo2_7b   C_harmonic    A_win40       | +0.17 (0.1962) | +0.68 +0.44 +0.71  Δ +0.029 (0.0006) ΔR² +0.081 (0.0012) ΔKL +0.0179 (0.0004) [KL th 0.177] | 
olmo2_7b   C_harmonic    D_doc         | +0.29 (0.0766) | +0.68 +0.43 +0.68  Δ -0.007 (0.7221) ΔR² +0.097 (0.0004) ΔKL +0.0136 (0.0002) [KL th 0.177] | 
olmo2_7b   E_modulation  A_win40       | +0.35 (0.0176) | +0.69 +0.64 +0.74  Δ +0.054 (0.0002) ΔR² +0.254 (0.0002) ΔKL +0.0254 (0.0002) [KL th 0.107] | 
olmo2_7b   E_modulation  D_doc         | +0.51 (0.0012) | +0.69 +0.51 +0.68  Δ -0.009 (0.9926) ΔR² +0.344 (0.0002) ΔKL +0.0294 (0.0002) [KL th 0.107] | 
saved wikipedia_v3_neutral_rich_tp
== 22:51:26 results/phase5/cond_wikipedia.npz wikipedia_v3 olmo2_1b,gemma2_2b,qwen25_3b,olmo2_7b C_harmonic,D_chord,E_modulation A_win40,B_any,D_doc --targetprior --nperm-res=5000 --nperm-loo=5000
corpus=wikipedia_v3; source counts [38, 162, 438, 813, 2943, 2666, 4285, 6334, 4719, 6139, 4283, 3096, 1542, 232, 121]; neutral=False rich=False targetprior=True templates=[0, 1, 2, 3] nperm_res=5000 nperm_loo=5000 nboot=0 docboot=None
model      family        extract       | resid r (p) | LOO Spearman: theory corpus both  ΔCV (p) ΔR² (p) ΔKL (p) [theory KL] | twins raw/line-controlled (p): Cb|B Gb|F# Db|C#
olmo2_1b   C_harmonic    A_win40       | +0.16 (0.1876) | +0.91 +0.68 +0.91  Δ +0.002 (0.3187) ΔR² +0.053 (0.0010) ΔKL +0.0018 (0.0208) [KL th 0.076] | +0.85/+0.74(0.012) +0.75/+0.03(0.469) +0.40/+0.47(0.102)
olmo2_1b   C_harmonic    B_any         | +0.14 (0.1842) | +0.91 +0.59 +0.91  Δ +0.004 (0.1626) ΔR² +0.038 (0.0024) ΔKL +0.0014 (0.0314) [KL th 0.076] | +0.76/+0.66(0.028) +0.59/+0.18(0.323) +0.39/+0.32(0.205)
olmo2_1b   C_harmonic    D_doc         | +0.19 (0.1776) | +0.91 +0.67 +0.91  Δ +0.002 (0.3103) ΔR² +0.046 (0.0022) ΔKL +0.0008 (0.0964) [KL th 0.076] | +0.84/+0.43(0.125) +0.67/-0.08(0.577) +0.40/+0.30(0.194)
olmo2_1b   D_chord       A_win40       | +0.12 (0.2925) | +0.98 +0.60 +0.98  Δ +0.002 (0.0118) ΔR² +0.046 (0.0048) ΔKL +0.0022 (0.0002) [KL th 0.028] | +0.78/+0.30(0.207) +0.85/+0.23(0.272) +0.36/+0.30(0.208)
olmo2_1b   D_chord       B_any         | +0.14 (0.2513) | +0.98 +0.53 +0.98  Δ +0.003 (0.0086) ΔR² +0.043 (0.0046) ΔKL +0.0022 (0.0002) [KL th 0.028] | +0.70/+0.29(0.229) +0.45/-0.26(0.755) +0.36/+0.08(0.423)
olmo2_1b   D_chord       D_doc         | +0.04 (0.4433) | +0.98 +0.60 +0.98  Δ +0.003 (0.0068) ΔR² +0.051 (0.0032) ΔKL +0.0023 (0.0004) [KL th 0.028] | +0.78/+0.18(0.330) +0.70/-0.27(0.766) +0.54/+0.26(0.242)
olmo2_1b   E_modulation  A_win40       | +0.28 (0.0318) | +0.94 +0.72 +0.94  Δ -0.002 (0.8740) ΔR² +0.124 (0.0002) ΔKL +0.0040 (0.0002) [KL th 0.045] | +0.86/+0.47(0.113) +0.85/+0.49(0.084) +0.41/+0.52(0.078)
olmo2_1b   E_modulation  B_any         | +0.20 (0.0680) | +0.94 +0.63 +0.94  Δ +0.004 (0.0116) ΔR² +0.071 (0.0014) ΔKL +0.0020 (0.0022) [KL th 0.045] | +0.80/+0.49(0.090) +0.61/+0.93(0.000) +0.38/+0.36(0.175)
olmo2_1b   E_modulation  D_doc         | +0.29 (0.0634) | +0.94 +0.75 +0.93  Δ -0.004 (0.9884) ΔR² +0.085 (0.0002) ΔKL +0.0030 (0.0002) [KL th 0.045] | +0.89/+0.41(0.142) +0.78/+0.63(0.036) +0.51/+0.18(0.302)
gemma2_2b  C_harmonic    A_win40       | -0.01 (0.5335) | +0.94 +0.61 +0.94  Δ +0.001 (0.2853) ΔR² -0.008 (0.8584) ΔKL -0.0009 (0.7598) [KL th 0.060] | +0.68/+0.08(0.425) +0.79/+0.11(0.398) +0.28/+0.79(0.006)
gemma2_2b  C_harmonic    B_any         | -0.01 (0.5385) | +0.94 +0.52 +0.94  Δ +0.000 (0.6123) ΔR² -0.007 (0.7896) ΔKL -0.0001 (0.2795) [KL th 0.060] | +0.65/+0.20(0.314) +0.53/-0.06(0.558) +0.34/+0.82(0.005)
gemma2_2b  C_harmonic    D_doc         | +0.03 (0.4319) | +0.94 +0.63 +0.93  Δ -0.002 (0.9586) ΔR² -0.004 (0.7443) ΔKL -0.0032 (0.9956) [KL th 0.060] | +0.72/-0.01(0.508) +0.68/-0.01(0.504) +0.32/-0.49(0.902)
gemma2_2b  D_chord       A_win40       | -0.10 (0.7616) | +0.97 +0.61 +0.97  Δ +0.003 (0.0328) ΔR² -0.009 (0.8724) ΔKL +0.0004 (0.0902) [KL th 0.033] | +0.78/+0.33(0.202) +0.84/+0.14(0.369) +0.23/+0.39(0.145)
gemma2_2b  D_chord       B_any         | -0.10 (0.7610) | +0.97 +0.52 +0.98  Δ +0.004 (0.0086) ΔR² +0.002 (0.2130) ΔKL +0.0006 (0.0596) [KL th 0.033] | +0.69/+0.03(0.469) +0.48/+0.11(0.399) +0.29/+0.40(0.137)
gemma2_2b  D_chord       D_doc         | +0.06 (0.3885) | +0.97 +0.66 +0.97  Δ +0.000 (0.4745) ΔR² -0.033 (0.9996) ΔKL -0.0009 (0.8762) [KL th 0.033] | +0.81/+0.15(0.369) +0.81/+0.43(0.119) +0.28/-0.40(0.848)
gemma2_2b  E_modulation  A_win40       | +0.11 (0.2631) | +0.95 +0.72 +0.95  Δ -0.001 (0.5731) ΔR² +0.036 (0.0028) ΔKL +0.0023 (0.0012) [KL th 0.040] | +0.79/+0.18(0.316) +0.84/+0.34(0.192) +0.17/+0.53(0.067)
gemma2_2b  E_modulation  B_any         | +0.08 (0.2975) | +0.95 +0.62 +0.95  Δ -0.002 (0.8518) ΔR² +0.001 (0.2224) ΔKL +0.0009 (0.0160) [KL th 0.040] | +0.74/+0.21(0.293) +0.59/+0.74(0.005) +0.23/+0.64(0.035)
gemma2_2b  E_modulation  D_doc         | +0.32 (0.0362) | +0.95 +0.75 +0.95  Δ -0.008 (1.0000) ΔR² +0.039 (0.0018) ΔKL +0.0010 (0.0086) [KL th 0.040] | +0.84/+0.34(0.186) +0.74/+0.44(0.124) +0.49/+0.16(0.322)
qwen25_3b  C_harmonic    A_win40       | +0.28 (0.0448) | +0.93 +0.70 +0.94  Δ +0.010 (0.0004) ΔR² +0.176 (0.0002) ΔKL +0.0066 (0.0002) [KL th 0.059] | +0.90/+0.76(0.009) +0.83/+0.53(0.069) +0.47/+0.52(0.072)
qwen25_3b  C_harmonic    B_any         | +0.25 (0.0556) | +0.93 +0.60 +0.93  Δ +0.006 (0.0084) ΔR² +0.136 (0.0002) ΔKL +0.0033 (0.0026) [KL th 0.059] | +0.79/+0.60(0.044) +0.65/+0.89(0.002) +0.45/+0.45(0.104)
qwen25_3b  C_harmonic    D_doc         | +0.27 (0.0940) | +0.93 +0.68 +0.93  Δ +0.001 (0.2887) ΔR² +0.124 (0.0002) ΔKL +0.0009 (0.0846) [KL th 0.059] | +0.89/+0.46(0.099) +0.78/+0.51(0.079) +0.27/-0.30(0.783)
qwen25_3b  D_chord       A_win40       | +0.22 (0.0918) | +0.93 +0.67 +0.93  Δ +0.002 (0.0366) ΔR² +0.083 (0.0008) ΔKL +0.0011 (0.0314) [KL th 0.056] | +0.83/+0.44(0.120) +0.81/-0.03(0.524) +0.13/+0.08(0.426)
qwen25_3b  D_chord       B_any         | +0.23 (0.0606) | +0.93 +0.57 +0.93  Δ -0.001 (0.5163) ΔR² +0.067 (0.0012) ΔKL +0.0003 (0.1588) [KL th 0.056] | +0.77/+0.38(0.161) +0.45/+0.09(0.398) +0.18/+0.08(0.423)
qwen25_3b  D_chord       D_doc         | +0.11 (0.2999) | +0.93 +0.66 +0.92  Δ -0.005 (0.9642) ΔR² +0.071 (0.0006) ΔKL -0.0015 (0.9546) [KL th 0.056] | +0.84/+0.38(0.163) +0.77/+0.52(0.072) +0.38/+0.06(0.440)
qwen25_3b  E_modulation  A_win40       | +0.20 (0.1132) | +0.96 +0.71 +0.95  Δ -0.006 (0.9990) ΔR² -0.002 (0.6259) ΔKL -0.0013 (0.9766) [KL th 0.027] | +0.79/+0.29(0.235) +0.86/+0.47(0.100) +0.32/+0.44(0.116)
qwen25_3b  E_modulation  B_any         | +0.16 (0.1466) | +0.96 +0.60 +0.95  Δ -0.005 (0.9944) ΔR² -0.008 (0.9172) ΔKL -0.0010 (0.9590) [KL th 0.027] | +0.73/+0.27(0.245) +0.51/+0.56(0.054) +0.36/+0.45(0.118)
qwen25_3b  E_modulation  D_doc         | +0.24 (0.1038) | +0.96 +0.72 +0.95  Δ -0.010 (1.0000) ΔR² -0.034 (1.0000) ΔKL -0.0022 (0.9974) [KL th 0.027] | +0.81/+0.08(0.450) +0.79/+0.43(0.125) +0.34/+0.04(0.496)
olmo2_7b   C_harmonic    A_win40       | +0.28 (0.0218) | +0.83 +0.63 +0.84  Δ +0.014 (0.0024) ΔR² +0.093 (0.0002) ΔKL +0.0064 (0.0060) [KL th 0.170] | +0.82/+0.41(0.132) +0.81/+0.30(0.227) +0.13/+0.04(0.466)
olmo2_7b   C_harmonic    B_any         | +0.26 (0.0202) | +0.83 +0.54 +0.84  Δ +0.006 (0.0530) ΔR² +0.081 (0.0002) ΔKL +0.0034 (0.0380) [KL th 0.170] | +0.74/+0.35(0.174) +0.46/+0.40(0.151) +0.20/+0.08(0.416)
olmo2_7b   C_harmonic    D_doc         | +0.34 (0.0134) | +0.83 +0.65 +0.83  Δ +0.001 (0.1872) ΔR² +0.065 (0.0002) ΔKL -0.0068 (0.9998) [KL th 0.170] | +0.80/+0.10(0.413) +0.70/+0.20(0.297) +0.23/-0.39(0.842)
olmo2_7b   D_chord       A_win40       | +0.30 (0.0164) | +0.88 +0.62 +0.87  Δ -0.005 (0.8628) ΔR² +0.067 (0.0006) ΔKL +0.0103 (0.0016) [KL th 0.158] | +0.76/+0.10(0.396) +0.83/+0.27(0.238) +0.02/-0.32(0.788)
olmo2_7b   D_chord       B_any         | +0.29 (0.0118) | +0.88 +0.53 +0.87  Δ -0.008 (0.9366) ΔR² +0.069 (0.0014) ΔKL +0.0087 (0.0054) [KL th 0.158] | +0.73/+0.26(0.256) +0.41/-0.28(0.750) +0.13/-0.08(0.567)
olmo2_7b   D_chord       D_doc         | +0.24 (0.0652) | +0.88 +0.62 +0.87  Δ -0.006 (0.8928) ΔR² +0.080 (0.0016) ΔKL +0.0071 (0.0046) [KL th 0.158] | +0.77/-0.02(0.541) +0.67/-0.26(0.737) +0.31/-0.31(0.792)
olmo2_7b   E_modulation  A_win40       | +0.38 (0.0012) | +0.92 +0.75 +0.91  Δ -0.008 (0.9656) ΔR² +0.239 (0.0002) ΔKL +0.0072 (0.0002) [KL th 0.043] | +0.88/+0.71(0.018) +0.83/+0.06(0.438) +0.21/+0.72(0.015)
olmo2_7b   E_modulation  B_any         | +0.31 (0.0040) | +0.92 +0.65 +0.91  Δ -0.007 (0.9242) ΔR² +0.172 (0.0002) ΔKL +0.0046 (0.0002) [KL th 0.043] | +0.80/+0.67(0.025) +0.54/+0.50(0.085) +0.25/+0.63(0.038)
olmo2_7b   E_modulation  D_doc         | +0.47 (0.0006) | +0.92 +0.74 +0.90  Δ -0.018 (1.0000) ΔR² +0.203 (0.0002) ΔKL -0.0003 (0.6601) [KL th 0.043] | +0.92/+0.65(0.029) +0.76/+0.37(0.171) +0.34/-0.23(0.737)
saved wikipedia_v3_tp
== 22:55:44 results/phase5/cond_wikipedia_matched_sym.npz matched_sym olmo2_1b,gemma2_2b,qwen25_3b,olmo2_7b C_harmonic,D_chord,E_modulation A_win40 --neutral --nperm-res=5000 --nperm-loo=5000
corpus=matched_sym; source counts [38, 162, 438, 813, 2943, 2666, 4285, 6334, 4719, 6139, 4283, 3096, 1542, 232, 121]; neutral=True rich=False targetprior=False templates=[0, 1, 2, 3] nperm_res=5000 nperm_loo=5000 nboot=0 docboot=None
model      family        extract       | resid r (p) | LOO Spearman: theory corpus both  ΔCV (p) ΔR² (p) ΔKL (p) [theory KL] | twins raw/line-controlled (p): Cb|B Gb|F# Db|C#
olmo2_1b   C_harmonic    A_win40       | +0.32 (0.0144) | +0.58 +0.54 +0.61  Δ +0.024 (0.0582) ΔR² +0.129 (0.0100) ΔKL +0.0178 (0.0666) [KL th 0.221] | 
olmo2_1b   D_chord       A_win40       | +0.12 (0.4667) | +0.74 +0.43 +0.72  Δ -0.018 (0.9504) ΔR² +0.006 (0.6703) ΔKL +0.0005 (0.2971) [KL th 0.223] | 
olmo2_1b   E_modulation  A_win40       | +0.50 (0.0004) | +0.74 +0.68 +0.76  Δ +0.021 (0.0536) ΔR² +0.304 (0.0002) ΔKL +0.0388 (0.0002) [KL th 0.134] | 
gemma2_2b  C_harmonic    A_win40       | +0.17 (0.2843) | +0.73 +0.50 +0.71  Δ -0.022 (0.9492) ΔR² +0.037 (0.2585) ΔKL +0.0015 (0.4729) [KL th 0.193] | 
gemma2_2b  D_chord       A_win40       | +0.16 (0.2987) | +0.78 +0.43 +0.76  Δ -0.023 (0.9598) ΔR² +0.018 (0.4421) ΔKL -0.0018 (0.5733) [KL th 0.203] | 
gemma2_2b  E_modulation  A_win40       | +0.49 (0.0002) | +0.75 +0.66 +0.78  Δ +0.027 (0.0020) ΔR² +0.321 (0.0002) ΔKL +0.0302 (0.0002) [KL th 0.127] | 
qwen25_3b  C_harmonic    A_win40       | +0.32 (0.0430) | +0.74 +0.61 +0.71  Δ -0.022 (0.9770) ΔR² +0.147 (0.0118) ΔKL +0.0178 (0.0936) [KL th 0.212] | 
qwen25_3b  D_chord       A_win40       | +0.31 (0.0532) | +0.74 +0.58 +0.75  Δ +0.003 (0.4001) ΔR² +0.158 (0.0106) ΔKL +0.0209 (0.0130) [KL th 0.178] | 
qwen25_3b  E_modulation  A_win40       | +0.40 (0.0064) | +0.83 +0.62 +0.82  Δ -0.013 (0.9274) ΔR² +0.198 (0.0032) ΔKL +0.0159 (0.0014) [KL th 0.117] | 
olmo2_7b   C_harmonic    A_win40       | +0.37 (0.0092) | +0.55 +0.50 +0.65  Δ +0.100 (0.0004) ΔR² +0.161 (0.0026) ΔKL +0.0406 (0.0050) [KL th 0.283] | 
olmo2_7b   D_chord       A_win40       | +0.36 (0.0324) | +0.64 +0.54 +0.67  Δ +0.027 (0.0736) ΔR² +0.147 (0.0228) ΔKL +0.0718 (0.0004) [KL th 0.357] | 
olmo2_7b   E_modulation  A_win40       | +0.52 (0.0010) | +0.74 +0.72 +0.80  Δ +0.067 (0.0002) ΔR² +0.360 (0.0002) ΔKL +0.0395 (0.0002) [KL th 0.130] | 
saved matched_sym_neutral
== 23:33:57 results/phase5/cond_wikipedia_matched_sym.npz matched_sym olmo2_1b,gemma2_2b,qwen25_3b,olmo2_7b C_harmonic,D_chord,E_modulation A_win40 --nperm-res=5000 --nperm-loo=5000
corpus=matched_sym; source counts [38, 162, 438, 813, 2943, 2666, 4285, 6334, 4719, 6139, 4283, 3096, 1542, 232, 121]; neutral=False rich=False targetprior=False templates=[0, 1, 2, 3] nperm_res=5000 nperm_loo=5000 nboot=0 docboot=None
model      family        extract       | resid r (p) | LOO Spearman: theory corpus both  ΔCV (p) ΔR² (p) ΔKL (p) [theory KL] | twins raw/line-controlled (p): Cb|B Gb|F# Db|C#
olmo2_1b   C_harmonic    A_win40       | +0.13 (0.2484) | +0.86 +0.67 +0.86  Δ -0.000 (0.6101) ΔR² +0.023 (0.3459) ΔKL -0.0001 (0.6065) [KL th 0.144] | +0.84/+0.63(0.035) +0.82/-0.01(0.519) +0.88/+0.75(0.007)
olmo2_1b   D_chord       A_win40       | +0.08 (0.3673) | +0.86 +0.60 +0.84  Δ -0.012 (0.9676) ΔR² +0.009 (0.6215) ΔKL -0.0023 (0.5921) [KL th 0.184] | +0.76/+0.20(0.289) +0.86/-0.08(0.591) +0.78/+0.28(0.231)
olmo2_1b   E_modulation  A_win40       | +0.25 (0.0580) | +0.91 +0.74 +0.91  Δ -0.001 (0.6243) ΔR² +0.098 (0.0192) ΔKL +0.0037 (0.0360) [KL th 0.061] | +0.86/+0.48(0.091) +0.89/+0.51(0.084) +0.88/+0.63(0.036)
gemma2_2b  C_harmonic    A_win40       | -0.01 (0.5251) | +0.89 +0.63 +0.89  Δ +0.000 (0.6033) ΔR² -0.014 (0.9908) ΔKL -0.0011 (0.6925) [KL th 0.120] | +0.67/+0.02(0.476) +0.87/+0.36(0.172) +0.75/+0.53(0.077)
gemma2_2b  D_chord       A_win40       | -0.09 (0.7417) | +0.95 +0.62 +0.95  Δ +0.001 (0.3163) ΔR² -0.016 (0.9950) ΔKL -0.0002 (0.4011) [KL th 0.050] | +0.79/+0.42(0.131) +0.91/+0.42(0.126) +0.70/+0.44(0.114)
gemma2_2b  E_modulation  A_win40       | +0.10 (0.2707) | +0.93 +0.74 +0.93  Δ -0.001 (0.5589) ΔR² +0.025 (0.2677) ΔKL +0.0037 (0.0988) [KL th 0.071] | +0.79/+0.23(0.281) +0.88/+0.44(0.116) +0.68/+0.18(0.312)
qwen25_3b  C_harmonic    A_win40       | +0.27 (0.0596) | +0.85 +0.71 +0.84  Δ -0.004 (0.9520) ΔR² +0.118 (0.0398) ΔKL +0.0060 (0.3265) [KL th 0.149] | +0.91/+0.79(0.008) +0.90/+0.60(0.046) +0.83/+0.57(0.061)
qwen25_3b  D_chord       A_win40       | +0.21 (0.1120) | +0.90 +0.69 +0.90  Δ +0.001 (0.4683) ΔR² +0.056 (0.1238) ΔKL +0.0064 (0.2549) [KL th 0.131] | +0.82/+0.46(0.101) +0.86/-0.04(0.540) +0.70/+0.12(0.370)
qwen25_3b  E_modulation  A_win40       | +0.21 (0.1134) | +0.93 +0.73 +0.93  Δ -0.006 (0.8834) ΔR² +0.031 (0.2284) ΔKL -0.0027 (0.8218) [KL th 0.053] | +0.78/+0.27(0.258) +0.91/+0.63(0.038) +0.76/+0.19(0.308)
olmo2_7b   C_harmonic    A_win40       | +0.29 (0.0172) | +0.78 +0.65 +0.80  Δ +0.022 (0.0292) ΔR² +0.093 (0.0158) ΔKL +0.0087 (0.1842) [KL th 0.235] | +0.81/+0.44(0.117) +0.86/+0.56(0.055) +0.57/-0.26(0.749)
olmo2_7b   D_chord       A_win40       | +0.30 (0.0178) | +0.86 +0.64 +0.88  Δ +0.015 (0.0350) ΔR² +0.089 (0.0146) ΔKL +0.0143 (0.0952) [KL th 0.200] | +0.76/+0.15(0.343) +0.84/-0.08(0.579) +0.54/-0.64(0.974)
olmo2_7b   E_modulation  A_win40       | +0.41 (0.0010) | +0.89 +0.78 +0.90  Δ +0.011 (0.1254) ΔR² +0.269 (0.0002) ΔKL +0.0086 (0.0002) [KL th 0.052] | +0.89/+0.79(0.005) +0.90/+0.40(0.140) +0.73/+0.49(0.096)
saved matched_sym
== 23:35:16 results/phase5/cond_wikipedia_matched_sym.npz matched_sym olmo2_1b,gemma2_2b,qwen25_3b,olmo2_7b C_harmonic,E_modulation A_win40 --neutral --targetprior --nperm-res=5000 --nperm-loo=5000
corpus=matched_sym; source counts [38, 162, 438, 813, 2943, 2666, 4285, 6334, 4719, 6139, 4283, 3096, 1542, 232, 121]; neutral=True rich=False targetprior=True templates=[0, 1, 2, 3] nperm_res=5000 nperm_loo=5000 nboot=0 docboot=None
model      family        extract       | resid r (p) | LOO Spearman: theory corpus both  ΔCV (p) ΔR² (p) ΔKL (p) [theory KL] | twins raw/line-controlled (p): Cb|B Gb|F# Db|C#
olmo2_1b   C_harmonic    A_win40       | +0.32 (0.0170) | +0.64 +0.54 +0.68  Δ +0.037 (0.0002) ΔR² +0.213 (0.0002) ΔKL +0.0286 (0.0002) [KL th 0.177] | 
olmo2_1b   E_modulation  A_win40       | +0.50 (0.0002) | +0.76 +0.68 +0.79  Δ +0.034 (0.0002) ΔR² +0.375 (0.0002) ΔKL +0.0443 (0.0002) [KL th 0.126] | 
gemma2_2b  C_harmonic    A_win40       | +0.17 (0.2793) | +0.84 +0.50 +0.82  Δ -0.019 (0.9934) ΔR² +0.126 (0.0002) ΔKL +0.0123 (0.0008) [KL th 0.128] | 
gemma2_2b  E_modulation  A_win40       | +0.49 (0.0002) | +0.74 +0.66 +0.75  Δ +0.005 (0.2635) ΔR² +0.352 (0.0002) ΔKL +0.0374 (0.0002) [KL th 0.130] | 
qwen25_3b  C_harmonic    A_win40       | +0.32 (0.0470) | +0.78 +0.61 +0.81  Δ +0.035 (0.0002) ΔR² +0.301 (0.0002) ΔKL +0.0427 (0.0002) [KL th 0.150] | 
qwen25_3b  E_modulation  A_win40       | +0.40 (0.0062) | +0.79 +0.62 +0.79  Δ +0.001 (0.5611) ΔR² +0.279 (0.0002) ΔKL +0.0275 (0.0002) [KL th 0.119] | 
olmo2_7b   C_harmonic    A_win40       | +0.37 (0.0094) | +0.62 +0.50 +0.71  Δ +0.090 (0.0002) ΔR² +0.254 (0.0002) ΔKL +0.0639 (0.0002) [KL th 0.234] | 
olmo2_7b   E_modulation  A_win40       | +0.52 (0.0014) | +0.69 +0.72 +0.76  Δ +0.067 (0.0002) ΔR² +0.453 (0.0002) ΔKL +0.0501 (0.0002) [KL th 0.127] | 
saved matched_sym_neutral_tp
== 23:36:31 results/phase5/cond_wikipedia_matched_rev.npz matched_rev olmo2_1b,gemma2_2b,qwen25_3b,olmo2_7b C_harmonic,D_chord,E_modulation A_win40 --neutral --nperm-res=5000 --nperm-loo=5000
corpus=matched_rev; source counts [38, 162, 438, 813, 2943, 2666, 4285, 6334, 4719, 6139, 4283, 3096, 1542, 232, 121]; neutral=True rich=False targetprior=False templates=[0, 1, 2, 3] nperm_res=5000 nperm_loo=5000 nboot=0 docboot=None
model      family        extract       | resid r (p) | LOO Spearman: theory corpus both  ΔCV (p) ΔR² (p) ΔKL (p) [theory KL] | twins raw/line-controlled (p): Cb|B Gb|F# Db|C#
olmo2_1b   C_harmonic    A_win40       | +0.27 (0.0384) | +0.58 +0.44 +0.57  Δ -0.016 (0.7686) ΔR² +0.094 (0.0246) ΔKL +0.0083 (0.2120) [KL th 0.221] | 
olmo2_1b   D_chord       A_win40       | +0.10 (0.5073) | +0.74 +0.36 +0.72  Δ -0.013 (0.9096) ΔR² -0.000 (0.7940) ΔKL -0.0038 (0.4121) [KL th 0.223] | 
olmo2_1b   E_modulation  A_win40       | +0.47 (0.0010) | +0.74 +0.66 +0.74  Δ +0.007 (0.2136) ΔR² +0.257 (0.0006) ΔKL +0.0292 (0.0002) [KL th 0.134] | 
gemma2_2b  C_harmonic    A_win40       | +0.16 (0.2887) | +0.73 +0.47 +0.71  Δ -0.023 (0.9642) ΔR² +0.041 (0.2218) ΔKL +0.0031 (0.4165) [KL th 0.193] | 
gemma2_2b  D_chord       A_win40       | +0.14 (0.3519) | +0.78 +0.39 +0.76  Δ -0.026 (0.9702) ΔR² +0.015 (0.4647) ΔKL -0.0041 (0.6455) [KL th 0.203] | 
gemma2_2b  E_modulation  A_win40       | +0.45 (0.0004) | +0.75 +0.64 +0.79  Δ +0.038 (0.0004) ΔR² +0.309 (0.0002) ΔKL +0.0274 (0.0002) [KL th 0.127] | 
qwen25_3b  C_harmonic    A_win40       | +0.29 (0.0716) | +0.74 +0.57 +0.71  Δ -0.030 (0.9930) ΔR² +0.122 (0.0236) ΔKL +0.0094 (0.2318) [KL th 0.212] | 
qwen25_3b  D_chord       A_win40       | +0.29 (0.0688) | +0.74 +0.54 +0.75  Δ +0.012 (0.1960) ΔR² +0.131 (0.0202) ΔKL +0.0174 (0.0268) [KL th 0.178] | 
qwen25_3b  E_modulation  A_win40       | +0.37 (0.0082) | +0.83 +0.58 +0.83  Δ -0.007 (0.8360) ΔR² +0.185 (0.0026) ΔKL +0.0125 (0.0016) [KL th 0.117] | 
olmo2_7b   C_harmonic    A_win40       | +0.36 (0.0080) | +0.55 +0.49 +0.63  Δ +0.082 (0.0002) ΔR² +0.136 (0.0034) ΔKL +0.0351 (0.0120) [KL th 0.283] | 
olmo2_7b   D_chord       A_win40       | +0.33 (0.0508) | +0.64 +0.51 +0.65  Δ +0.012 (0.2436) ΔR² +0.123 (0.0340) ΔKL +0.0566 (0.0006) [KL th 0.357] | 
olmo2_7b   E_modulation  A_win40       | +0.49 (0.0016) | +0.74 +0.68 +0.78  Δ +0.045 (0.0002) ΔR² +0.308 (0.0002) ΔKL +0.0300 (0.0002) [KL th 0.130] | 
saved matched_rev_neutral
== 23:37:46 results/phase5/cond_wikipedia_matched_rev.npz matched_rev olmo2_1b,gemma2_2b,qwen25_3b,olmo2_7b C_harmonic,D_chord,E_modulation A_win40 --nperm-res=5000 --nperm-loo=5000
corpus=matched_rev; source counts [38, 162, 438, 813, 2943, 2666, 4285, 6334, 4719, 6139, 4283, 3096, 1542, 232, 121]; neutral=False rich=False targetprior=False templates=[0, 1, 2, 3] nperm_res=5000 nperm_loo=5000 nboot=0 docboot=None
model      family        extract       | resid r (p) | LOO Spearman: theory corpus both  ΔCV (p) ΔR² (p) ΔKL (p) [theory KL] | twins raw/line-controlled (p): Cb|B Gb|F# Db|C#
olmo2_1b   C_harmonic    A_win40       | +0.08 (0.3447) | +0.86 +0.62 +0.86  Δ -0.004 (0.8370) ΔR² +0.002 (0.6241) ΔKL -0.0018 (0.8142) [KL th 0.144] | +0.78/+0.29(0.222) +0.77/-0.07(0.576) +0.91/+0.76(0.005)
olmo2_1b   D_chord       A_win40       | +0.02 (0.4725) | +0.86 +0.55 +0.85  Δ -0.007 (0.9020) ΔR² +0.000 (0.7722) ΔKL -0.0027 (0.6311) [KL th 0.184] | +0.72/+0.07(0.429) +0.77/-0.32(0.797) +0.80/+0.45(0.112)
olmo2_1b   E_modulation  A_win40       | +0.17 (0.1298) | +0.91 +0.72 +0.90  Δ -0.005 (0.8630) ΔR² +0.044 (0.1054) ΔKL +0.0001 (0.3035) [KL th 0.061] | +0.80/+0.41(0.136) +0.84/+0.31(0.196) +0.86/+0.48(0.095)
gemma2_2b  C_harmonic    A_win40       | +0.01 (0.4837) | +0.89 +0.60 +0.89  Δ +0.000 (0.5869) ΔR² -0.016 (0.9970) ΔKL -0.0006 (0.6247) [KL th 0.120] | +0.58/+0.06(0.436) +0.83/+0.36(0.156) +0.68/-0.17(0.664)
gemma2_2b  D_chord       A_win40       | -0.08 (0.7069) | +0.95 +0.58 +0.96  Δ +0.001 (0.2721) ΔR² -0.016 (0.9962) ΔKL -0.0004 (0.4463) [KL th 0.050] | +0.71/+0.36(0.179) +0.87/+0.42(0.125) +0.73/+0.41(0.134)
gemma2_2b  E_modulation  A_win40       | +0.07 (0.3439) | +0.93 +0.73 +0.93  Δ +0.001 (0.3251) ΔR² +0.001 (0.6261) ΔKL +0.0014 (0.2543) [KL th 0.071] | +0.73/+0.53(0.061) +0.83/+0.37(0.171) +0.61/-0.38(0.845)
qwen25_3b  C_harmonic    A_win40       | +0.24 (0.0900) | +0.85 +0.69 +0.85  Δ -0.001 (0.8588) ΔR² +0.095 (0.0532) ΔKL +0.0016 (0.4903) [KL th 0.149] | +0.86/+0.50(0.081) +0.85/+0.41(0.145) +0.85/+0.41(0.143)
qwen25_3b  D_chord       A_win40       | +0.17 (0.1782) | +0.90 +0.67 +0.90  Δ +0.002 (0.3517) ΔR² +0.015 (0.3943) ΔKL +0.0036 (0.3557) [KL th 0.131] | +0.73/+0.46(0.110) +0.81/-0.01(0.508) +0.76/+0.46(0.108)
qwen25_3b  E_modulation  A_win40       | +0.16 (0.1702) | +0.93 +0.71 +0.93  Δ -0.003 (0.7169) ΔR² +0.022 (0.2903) ΔKL -0.0030 (0.8418) [KL th 0.053] | +0.68/+0.11(0.416) +0.86/+0.51(0.070) +0.76/-0.13(0.628)
olmo2_7b   C_harmonic    A_win40       | +0.25 (0.0420) | +0.78 +0.63 +0.79  Δ +0.009 (0.1536) ΔR² +0.057 (0.0724) ΔKL +0.0051 (0.2875) [KL th 0.235] | +0.70/+0.01(0.512) +0.82/+0.51(0.071) +0.58/-0.39(0.850)
olmo2_7b   D_chord       A_win40       | +0.26 (0.0332) | +0.86 +0.62 +0.87  Δ +0.012 (0.0680) ΔR² +0.045 (0.0834) ΔKL +0.0058 (0.2490) [KL th 0.200] | +0.67/+0.15(0.352) +0.77/-0.33(0.809) +0.56/-0.62(0.967)
olmo2_7b   E_modulation  A_win40       | +0.38 (0.0014) | +0.89 +0.75 +0.90  Δ +0.005 (0.3079) ΔR² +0.204 (0.0004) ΔKL +0.0035 (0.0406) [KL th 0.052] | +0.83/+0.57(0.056) +0.86/+0.50(0.093) +0.69/-0.18(0.683)
saved matched_rev
== 23:39:03 results/phase5/cond_wikipedia_matched_rev.npz matched_rev olmo2_1b,gemma2_2b,qwen25_3b,olmo2_7b C_harmonic,E_modulation A_win40 --neutral --targetprior --nperm-res=5000 --nperm-loo=5000
corpus=matched_rev; source counts [38, 162, 438, 813, 2943, 2666, 4285, 6334, 4719, 6139, 4283, 3096, 1542, 232, 121]; neutral=True rich=False targetprior=True templates=[0, 1, 2, 3] nperm_res=5000 nperm_loo=5000 nboot=0 docboot=None
model      family        extract       | resid r (p) | LOO Spearman: theory corpus both  ΔCV (p) ΔR² (p) ΔKL (p) [theory KL] | twins raw/line-controlled (p): Cb|B Gb|F# Db|C#
olmo2_1b   C_harmonic    A_win40       | +0.27 (0.0298) | +0.64 +0.44 +0.67  Δ +0.030 (0.0016) ΔR² +0.157 (0.0002) ΔKL +0.0180 (0.0002) [KL th 0.177] | 
olmo2_1b   E_modulation  A_win40       | +0.47 (0.0008) | +0.76 +0.66 +0.77  Δ +0.012 (0.0260) ΔR² +0.325 (0.0002) ΔKL +0.0353 (0.0002) [KL th 0.126] | 
gemma2_2b  C_harmonic    A_win40       | +0.16 (0.2983) | +0.84 +0.47 +0.83  Δ -0.011 (0.9114) ΔR² +0.139 (0.0002) ΔKL +0.0166 (0.0002) [KL th 0.128] | 
gemma2_2b  E_modulation  A_win40       | +0.45 (0.0002) | +0.74 +0.64 +0.76  Δ +0.019 (0.0066) ΔR² +0.331 (0.0002) ΔKL +0.0338 (0.0002) [KL th 0.130] | 
qwen25_3b  C_harmonic    A_win40       | +0.29 (0.0708) | +0.78 +0.57 +0.81  Δ +0.034 (0.0002) ΔR² +0.257 (0.0002) ΔKL +0.0318 (0.0002) [KL th 0.150] | 
qwen25_3b  E_modulation  A_win40       | +0.37 (0.0086) | +0.79 +0.58 +0.81  Δ +0.021 (0.0216) ΔR² +0.266 (0.0002) ΔKL +0.0240 (0.0002) [KL th 0.119] | 
olmo2_7b   C_harmonic    A_win40       | +0.36 (0.0126) | +0.62 +0.49 +0.69  Δ +0.074 (0.0002) ΔR² +0.210 (0.0002) ΔKL +0.0575 (0.0002) [KL th 0.234] | 
olmo2_7b   E_modulation  A_win40       | +0.49 (0.0016) | +0.69 +0.68 +0.75  Δ +0.062 (0.0002) ΔR² +0.384 (0.0002) ΔKL +0.0392 (0.0002) [KL th 0.127] | 
saved matched_rev_neutral_tp
== 23:40:23 results/phase5/cond_wikipedia_matched_pmi.npz matched_pmi olmo2_1b,gemma2_2b,qwen25_3b,olmo2_7b C_harmonic,D_chord,E_modulation A_win40 --neutral --nperm-res=5000 --nperm-loo=5000
corpus=matched_pmi; source counts [38, 162, 438, 813, 2943, 2666, 4285, 6334, 4719, 6139, 4283, 3096, 1542, 232, 121]; neutral=True rich=False targetprior=False templates=[0, 1, 2, 3] nperm_res=5000 nperm_loo=5000 nboot=0 docboot=None
model      family        extract       | resid r (p) | LOO Spearman: theory corpus both  ΔCV (p) ΔR² (p) ΔKL (p) [theory KL] | twins raw/line-controlled (p): Cb|B Gb|F# Db|C#
olmo2_1b   C_harmonic    A_win40       | +0.36 (0.0012) | +0.58 +0.01 +0.57  Δ -0.016 (0.8322) ΔR² +0.092 (0.0034) ΔKL +0.0143 (0.0098) [KL th 0.221] | 
olmo2_1b   D_chord       A_win40       | +0.34 (0.0096) | +0.74 +0.17 +0.73  Δ -0.010 (0.8466) ΔR² +0.065 (0.0964) ΔKL -0.0052 (0.4281) [KL th 0.223] | 
olmo2_1b   E_modulation  A_win40       | +0.51 (0.0002) | +0.74 +0.09 +0.72  Δ -0.017 (0.9822) ΔR² +0.212 (0.0002) ΔKL +0.0208 (0.0002) [KL th 0.134] | 
gemma2_2b  C_harmonic    A_win40       | +0.31 (0.0076) | +0.73 +0.14 +0.69  Δ -0.041 (0.9996) ΔR² +0.058 (0.0312) ΔKL +0.0022 (0.2154) [KL th 0.193] | 
gemma2_2b  D_chord       A_win40       | +0.33 (0.0110) | +0.78 +0.21 +0.75  Δ -0.039 (0.9906) ΔR² +0.043 (0.0716) ΔKL -0.0044 (0.5559) [KL th 0.203] | 
gemma2_2b  E_modulation  A_win40       | +0.46 (0.0002) | +0.75 +0.12 +0.74  Δ -0.018 (0.9926) ΔR² +0.195 (0.0004) ΔKL +0.0140 (0.0012) [KL th 0.127] | 
qwen25_3b  C_harmonic    A_win40       | +0.40 (0.0012) | +0.74 +0.02 +0.71  Δ -0.028 (0.9974) ΔR² +0.158 (0.0008) ΔKL +0.0205 (0.0054) [KL th 0.212] | 
qwen25_3b  D_chord       A_win40       | +0.40 (0.0006) | +0.74 +0.13 +0.70  Δ -0.041 (0.9992) ΔR² +0.161 (0.0002) ΔKL +0.0144 (0.0030) [KL th 0.178] | 
qwen25_3b  E_modulation  A_win40       | +0.46 (0.0002) | +0.83 +0.18 +0.82  Δ -0.018 (0.9930) ΔR² +0.181 (0.0002) ΔKL +0.0121 (0.0002) [KL th 0.117] | 
olmo2_7b   C_harmonic    A_win40       | +0.42 (0.0006) | +0.55 -0.13 +0.65  Δ +0.094 (0.0002) ΔR² +0.176 (0.0004) ΔKL +0.0435 (0.0006) [KL th 0.283] | 
olmo2_7b   D_chord       A_win40       | +0.50 (0.0002) | +0.64 +0.02 +0.67  Δ +0.030 (0.0148) ΔR² +0.203 (0.0002) ΔKL +0.0887 (0.0002) [KL th 0.357] | 
olmo2_7b   E_modulation  A_win40       | +0.56 (0.0002) | +0.74 +0.02 +0.75  Δ +0.015 (0.0242) ΔR² +0.317 (0.0002) ΔKL +0.0288 (0.0002) [KL th 0.130] | 
saved matched_pmi_neutral
== 23:41:52 results/phase5/cond_wikipedia_matched_pmi.npz matched_pmi olmo2_1b,gemma2_2b,qwen25_3b,olmo2_7b C_harmonic,D_chord,E_modulation A_win40 --nperm-res=5000 --nperm-loo=5000
corpus=matched_pmi; source counts [38, 162, 438, 813, 2943, 2666, 4285, 6334, 4719, 6139, 4283, 3096, 1542, 232, 121]; neutral=False rich=False targetprior=False templates=[0, 1, 2, 3] nperm_res=5000 nperm_loo=5000 nboot=0 docboot=None
model      family        extract       | resid r (p) | LOO Spearman: theory corpus both  ΔCV (p) ΔR² (p) ΔKL (p) [theory KL] | twins raw/line-controlled (p): Cb|B Gb|F# Db|C#
olmo2_1b   C_harmonic    A_win40       | +0.18 (0.0218) | +0.86 -0.36 +0.86  Δ -0.001 (0.5299) ΔR² +0.039 (0.0192) ΔKL +0.0029 (0.0974) [KL th 0.144] | +0.70/+0.59(0.042) +0.85/-0.03(0.546) +0.74/+0.80(0.003)
olmo2_1b   D_chord       A_win40       | +0.15 (0.0586) | +0.86 +0.01 +0.85  Δ -0.008 (0.9308) ΔR² +0.028 (0.0672) ΔKL -0.0057 (0.7890) [KL th 0.184] | +0.67/+0.25(0.249) +0.87/-0.10(0.600) +0.76/+0.31(0.217)
olmo2_1b   E_modulation  A_win40       | +0.24 (0.0064) | +0.91 -0.51 +0.90  Δ -0.009 (0.9774) ΔR² +0.102 (0.0012) ΔKL +0.0021 (0.0182) [KL th 0.061] | +0.80/+0.50(0.094) +0.89/+0.54(0.072) +0.73/+0.68(0.026)
gemma2_2b  C_harmonic    A_win40       | -0.02 (0.6031) | +0.89 -0.53 +0.88  Δ -0.009 (0.9982) ΔR² -0.009 (0.7986) ΔKL -0.0036 (0.9260) [KL th 0.120] | +0.69/+0.11(0.391) +0.90/+0.40(0.148) +0.85/+0.24(0.257)
gemma2_2b  D_chord       A_win40       | -0.02 (0.5733) | +0.95 -0.00 +0.95  Δ -0.001 (0.7179) ΔR² -0.010 (0.8150) ΔKL -0.0012 (0.7652) [KL th 0.050] | +0.76/+0.47(0.097) +0.91/+0.47(0.090) +0.79/+0.18(0.313)
gemma2_2b  E_modulation  A_win40       | +0.21 (0.0026) | +0.93 -0.10 +0.93  Δ -0.003 (0.8622) ΔR² +0.095 (0.0016) ΔKL +0.0083 (0.0014) [KL th 0.071] | +0.80/+0.39(0.156) +0.87/+0.46(0.109) +0.92/+0.28(0.251)
qwen25_3b  C_harmonic    A_win40       | +0.27 (0.0014) | +0.85 -0.48 +0.85  Δ +0.001 (0.5735) ΔR² +0.104 (0.0014) ΔKL +0.0058 (0.0472) [KL th 0.149] | +0.76/+0.72(0.011) +0.90/+0.62(0.035) +0.53/+0.67(0.027)
qwen25_3b  D_chord       A_win40       | +0.30 (0.0018) | +0.90 -0.45 +0.90  Δ +0.004 (0.0636) ΔR² +0.119 (0.0004) ΔKL +0.0122 (0.0022) [KL th 0.131] | +0.82/+0.56(0.068) +0.85/+0.01(0.493) +0.86/+0.38(0.170)
qwen25_3b  E_modulation  A_win40       | +0.24 (0.0058) | +0.93 -0.56 +0.93  Δ -0.006 (0.9392) ΔR² +0.087 (0.0018) ΔKL -0.0013 (0.7199) [KL th 0.053] | +0.77/+0.26(0.256) +0.90/+0.67(0.022) +0.70/-0.34(0.820)
olmo2_7b   C_harmonic    A_win40       | +0.33 (0.0004) | +0.78 +0.23 +0.79  Δ +0.003 (0.1158) ΔR² +0.107 (0.0004) ΔKL +0.0135 (0.0092) [KL th 0.235] | +0.73/+0.22(0.289) +0.83/+0.59(0.043) +0.70/-0.67(0.973)
olmo2_7b   D_chord       A_win40       | +0.32 (0.0020) | +0.86 -0.28 +0.87  Δ +0.004 (0.0968) ΔR² +0.099 (0.0008) ΔKL +0.0158 (0.0054) [KL th 0.200] | +0.75/+0.13(0.379) +0.83/-0.09(0.607) +0.76/-0.79(0.996)
olmo2_7b   E_modulation  A_win40       | +0.40 (0.0002) | +0.89 -0.05 +0.90  Δ +0.007 (0.0580) ΔR² +0.258 (0.0002) ΔKL +0.0106 (0.0002) [KL th 0.052] | +0.78/+0.72(0.016) +0.89/+0.43(0.133) +0.84/+0.03(0.456)
saved matched_pmi
== 23:43:17 results/phase5/cond_wikipedia_matched_pmi.npz matched_pmi olmo2_1b,gemma2_2b,qwen25_3b,olmo2_7b C_harmonic,E_modulation A_win40 --neutral --targetprior --nperm-res=5000 --nperm-loo=5000
corpus=matched_pmi; source counts [38, 162, 438, 813, 2943, 2666, 4285, 6334, 4719, 6139, 4283, 3096, 1542, 232, 121]; neutral=True rich=False targetprior=True templates=[0, 1, 2, 3] nperm_res=5000 nperm_loo=5000 nboot=0 docboot=None
model      family        extract       | resid r (p) | LOO Spearman: theory corpus both  ΔCV (p) ΔR² (p) ΔKL (p) [theory KL] | twins raw/line-controlled (p): Cb|B Gb|F# Db|C#
olmo2_1b   C_harmonic    A_win40       | +0.36 (0.0016) | +0.64 +0.01 +0.63  Δ -0.011 (0.9672) ΔR² +0.118 (0.0016) ΔKL +0.0138 (0.0026) [KL th 0.177] | 
olmo2_1b   E_modulation  A_win40       | +0.51 (0.0002) | +0.76 +0.09 +0.74  Δ -0.015 (0.9936) ΔR² +0.191 (0.0002) ΔKL +0.0173 (0.0002) [KL th 0.126] | 
gemma2_2b  C_harmonic    A_win40       | +0.31 (0.0078) | +0.84 +0.14 +0.81  Δ -0.022 (0.9994) ΔR² +0.077 (0.0020) ΔKL +0.0041 (0.0246) [KL th 0.128] | 
gemma2_2b  E_modulation  A_win40       | +0.46 (0.0002) | +0.74 +0.12 +0.72  Δ -0.019 (0.9972) ΔR² +0.201 (0.0004) ΔKL +0.0165 (0.0008) [KL th 0.130] | 
qwen25_3b  C_harmonic    A_win40       | +0.40 (0.0006) | +0.78 +0.02 +0.81  Δ +0.030 (0.0004) ΔR² +0.173 (0.0002) ΔKL +0.0205 (0.0004) [KL th 0.150] | 
qwen25_3b  E_modulation  A_win40       | +0.46 (0.0002) | +0.79 +0.18 +0.79  Δ +0.002 (0.5635) ΔR² +0.163 (0.0002) ΔKL +0.0136 (0.0002) [KL th 0.119] | 
olmo2_7b   C_harmonic    A_win40       | +0.42 (0.0002) | +0.62 -0.13 +0.67  Δ +0.053 (0.0002) ΔR² +0.183 (0.0002) ΔKL +0.0399 (0.0002) [KL th 0.234] | 
olmo2_7b   E_modulation  A_win40       | +0.56 (0.0002) | +0.69 +0.02 +0.70  Δ +0.012 (0.0086) ΔR² +0.286 (0.0004) ΔKL +0.0238 (0.0004) [KL th 0.127] | 
saved matched_pmi_neutral_tp
== 23:44:36 results/phase5/cond_wikipedia.npz wikipedia_v3 olmo2_1b,gemma2_2b,qwen25_3b,olmo2_7b E_modulation A_win40,D_doc --neutral --templates=0 --nperm-res=2000 --nperm-loo=2000 --tag=_t0
corpus=wikipedia_v3; source counts [38, 162, 438, 813, 2943, 2666, 4285, 6334, 4719, 6139, 4283, 3096, 1542, 232, 121]; neutral=True rich=False targetprior=False templates=[0] nperm_res=2000 nperm_loo=2000 nboot=0 docboot=None
model      family        extract       | resid r (p) | LOO Spearman: theory corpus both  ΔCV (p) ΔR² (p) ΔKL (p) [theory KL] | twins raw/line-controlled (p): Cb|B Gb|F# Db|C#
olmo2_1b   E_modulation  A_win40       | +0.51 (0.0005) | +0.65 +0.64 +0.69  Δ +0.038 (0.0080) ΔR² +0.320 (0.0005) ΔKL +0.0583 (0.0005) [KL th 0.209] | 
olmo2_1b   E_modulation  D_doc         | +0.64 (0.0005) | +0.65 +0.56 +0.71  Δ +0.067 (0.0005) ΔR² +0.404 (0.0005) ΔKL +0.0655 (0.0005) [KL th 0.209] | 
gemma2_2b  E_modulation  A_win40       | +0.45 (0.0010) | +0.70 +0.54 +0.73  Δ +0.032 (0.0010) ΔR² +0.248 (0.0005) ΔKL +0.0349 (0.0005) [KL th 0.172] | 
gemma2_2b  E_modulation  D_doc         | +0.54 (0.0010) | +0.70 +0.51 +0.76  Δ +0.068 (0.0005) ΔR² +0.314 (0.0005) ΔKL +0.0466 (0.0005) [KL th 0.172] | 
qwen25_3b  E_modulation  A_win40       | +0.36 (0.0140) | +0.77 +0.58 +0.76  Δ -0.008 (0.7581) ΔR² +0.186 (0.0045) ΔKL +0.0176 (0.0060) [KL th 0.116] | 
qwen25_3b  E_modulation  D_doc         | +0.45 (0.0045) | +0.77 +0.47 +0.75  Δ -0.024 (0.9635) ΔR² +0.205 (0.0025) ΔKL +0.0194 (0.0030) [KL th 0.116] | 
olmo2_7b   E_modulation  A_win40       | +0.44 (0.0050) | +0.56 +0.57 +0.71  Δ +0.147 (0.0005) ΔR² +0.249 (0.0005) ΔKL +0.0414 (0.0005) [KL th 0.157] | 
olmo2_7b   E_modulation  D_doc         | +0.52 (0.0005) | +0.56 +0.46 +0.66  Δ +0.097 (0.0005) ΔR² +0.258 (0.0005) ΔKL +0.0433 (0.0005) [KL th 0.157] | 
saved wikipedia_v3_neutral_t0
== 23:45:03 results/phase5/cond_wikipedia.npz wikipedia_v3 olmo2_1b,gemma2_2b,qwen25_3b,olmo2_7b E_modulation A_win40,D_doc --neutral --templates=1,2,3 --nperm-res=2000 --nperm-loo=2000 --tag=_lo0
corpus=wikipedia_v3; source counts [38, 162, 438, 813, 2943, 2666, 4285, 6334, 4719, 6139, 4283, 3096, 1542, 232, 121]; neutral=True rich=False targetprior=False templates=[1, 2, 3] nperm_res=2000 nperm_loo=2000 nboot=0 docboot=None
model      family        extract       | resid r (p) | LOO Spearman: theory corpus both  ΔCV (p) ΔR² (p) ΔKL (p) [theory KL] | twins raw/line-controlled (p): Cb|B Gb|F# Db|C#
olmo2_1b   E_modulation  A_win40       | +0.44 (0.0040) | +0.78 +0.60 +0.76  Δ -0.027 (0.9900) ΔR² +0.244 (0.0005) ΔKL +0.0283 (0.0005) [KL th 0.119] | 
olmo2_1b   E_modulation  D_doc         | +0.57 (0.0005) | +0.78 +0.51 +0.77  Δ -0.011 (0.8821) ΔR² +0.303 (0.0010) ΔKL +0.0362 (0.0005) [KL th 0.119] | 
gemma2_2b  E_modulation  A_win40       | +0.47 (0.0005) | +0.76 +0.60 +0.78  Δ +0.014 (0.0575) ΔR² +0.304 (0.0005) ΔKL +0.0271 (0.0005) [KL th 0.119] | 
gemma2_2b  E_modulation  D_doc         | +0.59 (0.0005) | +0.76 +0.53 +0.79  Δ +0.026 (0.0115) ΔR² +0.392 (0.0005) ΔKL +0.0322 (0.0005) [KL th 0.119] | 
qwen25_3b  E_modulation  A_win40       | +0.38 (0.0085) | +0.83 +0.58 +0.83  Δ -0.001 (0.5822) ΔR² +0.179 (0.0025) ΔKL +0.0158 (0.0005) [KL th 0.122] | 
qwen25_3b  E_modulation  D_doc         | +0.51 (0.0005) | +0.83 +0.44 +0.81  Δ -0.021 (0.9730) ΔR² +0.237 (0.0015) ΔKL +0.0251 (0.0005) [KL th 0.122] | 
olmo2_7b   E_modulation  A_win40       | +0.47 (0.0010) | +0.79 +0.62 +0.81  Δ +0.013 (0.0125) ΔR² +0.341 (0.0005) ΔKL +0.0332 (0.0005) [KL th 0.128] | 
olmo2_7b   E_modulation  D_doc         | +0.61 (0.0005) | +0.79 +0.49 +0.76  Δ -0.032 (0.9760) ΔR² +0.399 (0.0005) ΔKL +0.0376 (0.0005) [KL th 0.128] | 
saved wikipedia_v3_neutral_lo0
== 23:45:30 results/phase5/cond_wikipedia.npz wikipedia_v3 olmo2_1b,gemma2_2b,qwen25_3b,olmo2_7b E_modulation A_win40,D_doc --neutral --templates=1 --nperm-res=2000 --nperm-loo=2000 --tag=_t1
corpus=wikipedia_v3; source counts [38, 162, 438, 813, 2943, 2666, 4285, 6334, 4719, 6139, 4283, 3096, 1542, 232, 121]; neutral=True rich=False targetprior=False templates=[1] nperm_res=2000 nperm_loo=2000 nboot=0 docboot=None
model      family        extract       | resid r (p) | LOO Spearman: theory corpus both  ΔCV (p) ΔR² (p) ΔKL (p) [theory KL] | twins raw/line-controlled (p): Cb|B Gb|F# Db|C#
olmo2_1b   E_modulation  A_win40       | +0.48 (0.0005) | +0.76 +0.61 +0.75  Δ -0.018 (0.9735) ΔR² +0.305 (0.0005) ΔKL +0.0444 (0.0005) [KL th 0.161] | 
olmo2_1b   E_modulation  D_doc         | +0.58 (0.0005) | +0.76 +0.52 +0.74  Δ -0.021 (0.9710) ΔR² +0.349 (0.0005) ΔKL +0.0515 (0.0005) [KL th 0.161] | 
gemma2_2b  E_modulation  A_win40       | +0.42 (0.0010) | +0.74 +0.57 +0.74  Δ +0.005 (0.1489) ΔR² +0.243 (0.0005) ΔKL +0.0278 (0.0005) [KL th 0.146] | 
gemma2_2b  E_modulation  D_doc         | +0.57 (0.0005) | +0.74 +0.52 +0.77  Δ +0.035 (0.0020) ΔR² +0.354 (0.0005) ΔKL +0.0426 (0.0005) [KL th 0.146] | 
qwen25_3b  E_modulation  A_win40       | +0.37 (0.0055) | +0.77 +0.60 +0.76  Δ -0.005 (0.7051) ΔR² +0.189 (0.0020) ΔKL +0.0229 (0.0005) [KL th 0.148] | 
qwen25_3b  E_modulation  D_doc         | +0.52 (0.0005) | +0.77 +0.49 +0.74  Δ -0.024 (0.9450) ΔR² +0.267 (0.0005) ΔKL +0.0323 (0.0005) [KL th 0.148] | 
olmo2_7b   E_modulation  A_win40       | +0.47 (0.0015) | +0.75 +0.60 +0.76  Δ +0.006 (0.0890) ΔR² +0.315 (0.0005) ΔKL +0.0435 (0.0005) [KL th 0.185] | 
olmo2_7b   E_modulation  D_doc         | +0.62 (0.0005) | +0.75 +0.52 +0.76  Δ +0.007 (0.0815) ΔR² +0.402 (0.0005) ΔKL +0.0594 (0.0005) [KL th 0.185] | 
saved wikipedia_v3_neutral_t1
== 23:45:57 results/phase5/cond_wikipedia.npz wikipedia_v3 olmo2_1b,gemma2_2b,qwen25_3b,olmo2_7b E_modulation A_win40,D_doc --neutral --templates=0,2,3 --nperm-res=2000 --nperm-loo=2000 --tag=_lo1
corpus=wikipedia_v3; source counts [38, 162, 438, 813, 2943, 2666, 4285, 6334, 4719, 6139, 4283, 3096, 1542, 232, 121]; neutral=True rich=False targetprior=False templates=[0, 2, 3] nperm_res=2000 nperm_loo=2000 nboot=0 docboot=None
model      family        extract       | resid r (p) | LOO Spearman: theory corpus both  ΔCV (p) ΔR² (p) ΔKL (p) [theory KL] | twins raw/line-controlled (p): Cb|B Gb|F# Db|C#
olmo2_1b   E_modulation  A_win40       | +0.45 (0.0005) | +0.74 +0.62 +0.74  Δ +0.003 (0.4398) ΔR² +0.265 (0.0005) ΔKL +0.0342 (0.0005) [KL th 0.133] | 
olmo2_1b   E_modulation  D_doc         | +0.59 (0.0005) | +0.74 +0.55 +0.77  Δ +0.028 (0.0415) ΔR² +0.343 (0.0005) ΔKL +0.0430 (0.0005) [KL th 0.133] | 
gemma2_2b  E_modulation  A_win40       | +0.47 (0.0010) | +0.77 +0.60 +0.77  Δ +0.008 (0.0255) ΔR² +0.304 (0.0005) ΔKL +0.0297 (0.0005) [KL th 0.126] | 
gemma2_2b  E_modulation  D_doc         | +0.58 (0.0005) | +0.77 +0.52 +0.77  Δ +0.005 (0.0470) ΔR² +0.372 (0.0005) ΔKL +0.0337 (0.0005) [KL th 0.126] | 
qwen25_3b  E_modulation  A_win40       | +0.36 (0.0155) | +0.83 +0.57 +0.83  Δ +0.001 (0.2744) ΔR² +0.176 (0.0070) ΔKL +0.0145 (0.0040) [KL th 0.116] | 
qwen25_3b  E_modulation  D_doc         | +0.47 (0.0050) | +0.83 +0.45 +0.80  Δ -0.025 (0.9880) ΔR² +0.214 (0.0040) ΔKL +0.0203 (0.0005) [KL th 0.116] | 
olmo2_7b   E_modulation  A_win40       | +0.45 (0.0020) | +0.71 +0.64 +0.75  Δ +0.040 (0.0025) ΔR² +0.313 (0.0005) ΔKL +0.0327 (0.0005) [KL th 0.125] | 
olmo2_7b   E_modulation  D_doc         | +0.56 (0.0005) | +0.71 +0.51 +0.72  Δ +0.005 (0.3613) ΔR² +0.339 (0.0005) ΔKL +0.0324 (0.0005) [KL th 0.125] | 
saved wikipedia_v3_neutral_lo1
== 23:46:27 results/phase5/cond_wikipedia.npz wikipedia_v3 olmo2_1b,gemma2_2b,qwen25_3b,olmo2_7b E_modulation A_win40,D_doc --neutral --templates=2 --nperm-res=2000 --nperm-loo=2000 --tag=_t2
corpus=wikipedia_v3; source counts [38, 162, 438, 813, 2943, 2666, 4285, 6334, 4719, 6139, 4283, 3096, 1542, 232, 121]; neutral=True rich=False targetprior=False templates=[2] nperm_res=2000 nperm_loo=2000 nboot=0 docboot=None
model      family        extract       | resid r (p) | LOO Spearman: theory corpus both  ΔCV (p) ΔR² (p) ΔKL (p) [theory KL] | twins raw/line-controlled (p): Cb|B Gb|F# Db|C#
olmo2_1b   E_modulation  A_win40       | +0.37 (0.0105) | +0.81 +0.51 +0.80  Δ -0.010 (0.8466) ΔR² +0.145 (0.0515) ΔKL +0.0180 (0.0020) [KL th 0.121] | 
olmo2_1b   E_modulation  D_doc         | +0.52 (0.0005) | +0.81 +0.45 +0.80  Δ -0.009 (0.8231) ΔR² +0.213 (0.0500) ΔKL +0.0302 (0.0005) [KL th 0.121] | 
gemma2_2b  E_modulation  A_win40       | +0.46 (0.0005) | +0.79 +0.56 +0.76  Δ -0.030 (1.0000) ΔR² +0.320 (0.0005) ΔKL +0.0216 (0.0005) [KL th 0.118] | 
gemma2_2b  E_modulation  D_doc         | +0.55 (0.0005) | +0.79 +0.48 +0.79  Δ +0.002 (0.5987) ΔR² +0.364 (0.0005) ΔKL +0.0163 (0.0015) [KL th 0.118] | 
qwen25_3b  E_modulation  A_win40       | +0.34 (0.0225) | +0.80 +0.54 +0.82  Δ +0.015 (0.2954) ΔR² +0.141 (0.0195) ΔKL +0.0072 (0.1414) [KL th 0.136] | 
qwen25_3b  E_modulation  D_doc         | +0.43 (0.0090) | +0.80 +0.43 +0.82  Δ +0.018 (0.2879) ΔR² +0.160 (0.0280) ΔKL +0.0159 (0.0615) [KL th 0.136] | 
olmo2_7b   E_modulation  A_win40       | +0.37 (0.0150) | +0.85 +0.53 +0.80  Δ -0.045 (1.0000) ΔR² +0.229 (0.0020) ΔKL +0.0081 (0.0585) [KL th 0.110] | 
olmo2_7b   E_modulation  D_doc         | +0.49 (0.0020) | +0.85 +0.43 +0.80  Δ -0.042 (1.0000) ΔR² +0.263 (0.0005) ΔKL +0.0036 (0.2679) [KL th 0.110] | 
saved wikipedia_v3_neutral_t2
== 23:46:57 results/phase5/cond_wikipedia.npz wikipedia_v3 olmo2_1b,gemma2_2b,qwen25_3b,olmo2_7b E_modulation A_win40,D_doc --neutral --templates=0,1,3 --nperm-res=2000 --nperm-loo=2000 --tag=_lo2
corpus=wikipedia_v3; source counts [38, 162, 438, 813, 2943, 2666, 4285, 6334, 4719, 6139, 4283, 3096, 1542, 232, 121]; neutral=True rich=False targetprior=False templates=[0, 1, 3] nperm_res=2000 nperm_loo=2000 nboot=0 docboot=None
model      family        extract       | resid r (p) | LOO Spearman: theory corpus both  ΔCV (p) ΔR² (p) ΔKL (p) [theory KL] | twins raw/line-controlled (p): Cb|B Gb|F# Db|C#
olmo2_1b   E_modulation  A_win40       | +0.49 (0.0005) | +0.74 +0.67 +0.77  Δ +0.030 (0.0010) ΔR² +0.317 (0.0005) ΔKL +0.0441 (0.0005) [KL th 0.147] | 
olmo2_1b   E_modulation  D_doc         | +0.61 (0.0005) | +0.74 +0.57 +0.77  Δ +0.033 (0.0010) ΔR² +0.379 (0.0005) ΔKL +0.0503 (0.0005) [KL th 0.147] | 
gemma2_2b  E_modulation  A_win40       | +0.46 (0.0010) | +0.74 +0.59 +0.77  Δ +0.035 (0.0015) ΔR² +0.270 (0.0005) ΔKL +0.0308 (0.0005) [KL th 0.141] | 
gemma2_2b  E_modulation  D_doc         | +0.58 (0.0005) | +0.74 +0.53 +0.76  Δ +0.028 (0.0060) ΔR² +0.360 (0.0005) ΔKL +0.0415 (0.0005) [KL th 0.141] | 
qwen25_3b  E_modulation  A_win40       | +0.38 (0.0085) | +0.78 +0.61 +0.79  Δ +0.001 (0.3398) ΔR² +0.191 (0.0005) ΔKL +0.0200 (0.0005) [KL th 0.125] | 
qwen25_3b  E_modulation  D_doc         | +0.51 (0.0015) | +0.78 +0.49 +0.77  Δ -0.014 (0.8646) ΔR² +0.252 (0.0015) ΔKL +0.0267 (0.0005) [KL th 0.125] | 
olmo2_7b   E_modulation  A_win40       | +0.49 (0.0015) | +0.69 +0.65 +0.79  Δ +0.093 (0.0005) ΔR² +0.337 (0.0005) ΔKL +0.0465 (0.0005) [KL th 0.152] | 
olmo2_7b   E_modulation  D_doc         | +0.61 (0.0005) | +0.69 +0.53 +0.73  Δ +0.032 (0.0045) ΔR² +0.383 (0.0005) ΔKL +0.0519 (0.0005) [KL th 0.152] | 
saved wikipedia_v3_neutral_lo2
== 23:47:27 results/phase5/cond_wikipedia.npz wikipedia_v3 olmo2_1b,gemma2_2b,qwen25_3b,olmo2_7b E_modulation A_win40,D_doc --neutral --templates=3 --nperm-res=2000 --nperm-loo=2000 --tag=_t3
corpus=wikipedia_v3; source counts [38, 162, 438, 813, 2943, 2666, 4285, 6334, 4719, 6139, 4283, 3096, 1542, 232, 121]; neutral=True rich=False targetprior=False templates=[3] nperm_res=2000 nperm_loo=2000 nboot=0 docboot=None
model      family        extract       | resid r (p) | LOO Spearman: theory corpus both  ΔCV (p) ΔR² (p) ΔKL (p) [theory KL] | twins raw/line-controlled (p): Cb|B Gb|F# Db|C#
olmo2_1b   E_modulation  A_win40       | +0.41 (0.0005) | +0.75 +0.57 +0.73  Δ -0.018 (0.9940) ΔR² +0.218 (0.0005) ΔKL +0.0263 (0.0005) [KL th 0.126] | 
olmo2_1b   E_modulation  D_doc         | +0.52 (0.0010) | +0.75 +0.49 +0.74  Δ -0.003 (0.7801) ΔR² +0.255 (0.0010) ΔKL +0.0301 (0.0005) [KL th 0.126] | 
gemma2_2b  E_modulation  A_win40       | +0.46 (0.0005) | +0.74 +0.61 +0.78  Δ +0.036 (0.0010) ΔR² +0.271 (0.0005) ΔKL +0.0297 (0.0005) [KL th 0.131] | 
gemma2_2b  E_modulation  D_doc         | +0.57 (0.0005) | +0.74 +0.54 +0.77  Δ +0.025 (0.0060) ΔR² +0.349 (0.0005) ΔKL +0.0358 (0.0005) [KL th 0.131] | 
qwen25_3b  E_modulation  A_win40       | +0.37 (0.0105) | +0.75 +0.59 +0.76  Δ +0.005 (0.3203) ΔR² +0.163 (0.0045) ΔKL +0.0197 (0.0020) [KL th 0.149] | 
qwen25_3b  E_modulation  D_doc         | +0.50 (0.0020) | +0.75 +0.49 +0.74  Δ -0.013 (0.9580) ΔR² +0.230 (0.0015) ΔKL +0.0303 (0.0005) [KL th 0.149] | 
olmo2_7b   E_modulation  A_win40       | +0.51 (0.0005) | +0.67 +0.66 +0.75  Δ +0.078 (0.0005) ΔR² +0.364 (0.0005) ΔKL +0.0508 (0.0005) [KL th 0.159] | 
olmo2_7b   E_modulation  D_doc         | +0.62 (0.0005) | +0.67 +0.56 +0.70  Δ +0.032 (0.0090) ΔR² +0.389 (0.0005) ΔKL +0.0505 (0.0005) [KL th 0.159] | 
saved wikipedia_v3_neutral_t3
== 23:47:58 results/phase5/cond_wikipedia.npz wikipedia_v3 olmo2_1b,gemma2_2b,qwen25_3b,olmo2_7b E_modulation A_win40,D_doc --neutral --templates=0,1,2 --nperm-res=2000 --nperm-loo=2000 --tag=_lo3
corpus=wikipedia_v3; source counts [38, 162, 438, 813, 2943, 2666, 4285, 6334, 4719, 6139, 4283, 3096, 1542, 232, 121]; neutral=True rich=False targetprior=False templates=[0, 1, 2] nperm_res=2000 nperm_loo=2000 nboot=0 docboot=None
model      family        extract       | resid r (p) | LOO Spearman: theory corpus both  ΔCV (p) ΔR² (p) ΔKL (p) [theory KL] | twins raw/line-controlled (p): Cb|B Gb|F# Db|C#
olmo2_1b   E_modulation  A_win40       | +0.47 (0.0005) | +0.74 +0.64 +0.73  Δ -0.005 (0.6107) ΔR² +0.295 (0.0005) ΔKL +0.0408 (0.0005) [KL th 0.146] | 
olmo2_1b   E_modulation  D_doc         | +0.61 (0.0010) | +0.74 +0.55 +0.75  Δ +0.010 (0.1339) ΔR² +0.375 (0.0005) ΔKL +0.0508 (0.0005) [KL th 0.146] | 
gemma2_2b  E_modulation  A_win40       | +0.47 (0.0005) | +0.75 +0.58 +0.76  Δ +0.011 (0.0135) ΔR² +0.302 (0.0005) ΔKL +0.0289 (0.0005) [KL th 0.128] | 
gemma2_2b  E_modulation  D_doc         | +0.59 (0.0005) | +0.75 +0.52 +0.76  Δ +0.010 (0.0135) ΔR² +0.386 (0.0005) ΔKL +0.0358 (0.0005) [KL th 0.128] | 
qwen25_3b  E_modulation  A_win40       | +0.37 (0.0080) | +0.84 +0.57 +0.82  Δ -0.014 (0.9385) ΔR² +0.187 (0.0020) ΔKL +0.0156 (0.0005) [KL th 0.113] | 
qwen25_3b  E_modulation  D_doc         | +0.49 (0.0020) | +0.84 +0.43 +0.81  Δ -0.027 (0.9840) ΔR² +0.231 (0.0030) ΔKL +0.0217 (0.0005) [KL th 0.113] | 
olmo2_7b   E_modulation  A_win40       | +0.46 (0.0020) | +0.78 +0.60 +0.79  Δ +0.007 (0.1489) ΔR² +0.303 (0.0005) ΔKL +0.0298 (0.0005) [KL th 0.126] | 
olmo2_7b   E_modulation  D_doc         | +0.58 (0.0005) | +0.78 +0.49 +0.77  Δ -0.019 (0.9250) ΔR² +0.355 (0.0005) ΔKL +0.0348 (0.0005) [KL th 0.126] | 
saved wikipedia_v3_neutral_lo3
== 23:48:28 results/phase5/cond_olmomix_wiki.npz olmomix_wiki olmo2_1b,gemma2_2b,qwen25_3b,olmo2_7b C_harmonic,D_chord,E_modulation A_win40,B_any,D_doc --nperm-res=2000 --nperm-loo=2000
corpus=olmomix_wiki; source counts [32, 106, 288, 405, 937, 783, 1543, 2780, 1797, 2247, 1648, 1469, 762, 167, 97]; neutral=False rich=False targetprior=False templates=[0, 1, 2, 3] nperm_res=2000 nperm_loo=2000 nboot=0 docboot=None
model      family        extract       | resid r (p) | LOO Spearman: theory corpus both  ΔCV (p) ΔR² (p) ΔKL (p) [theory KL] | twins raw/line-controlled (p): Cb|B Gb|F# Db|C#
olmo2_1b   C_harmonic    A_win40       | +0.18 (0.1124) | +0.88 +0.60 +0.88  Δ -0.000 (0.6852) ΔR² +0.034 (0.1634) ΔKL +0.0026 (0.2799) [KL th 0.124] | +0.80/+0.41(0.134) +0.50/+0.12(0.361) +0.63/+0.39(0.165)
olmo2_1b   C_harmonic    B_any         | +0.15 (0.1239) | +0.88 +0.56 +0.88  Δ -0.001 (0.7176) ΔR² +0.018 (0.2214) ΔKL +0.0021 (0.2689) [KL th 0.124] | +0.78/+0.35(0.181) +0.53/+0.26(0.245) +0.70/+0.50(0.082)
olmo2_1b   C_harmonic    D_doc         | +0.22 (0.0955) | +0.88 +0.64 +0.87  Δ -0.008 (0.9750) ΔR² +0.059 (0.1364) ΔKL -0.0031 (0.8981) [KL th 0.124] | +0.72/+0.06(0.451) +0.61/+0.22(0.293) +0.36/-0.05(0.528)
olmo2_1b   D_chord       A_win40       | +0.15 (0.1964) | +0.87 +0.50 +0.87  Δ +0.000 (0.6572) ΔR² +0.011 (0.4983) ΔKL +0.0024 (0.3268) [KL th 0.166] | +0.75/+0.25(0.244) +0.39/-0.48(0.917) +0.57/+0.17(0.315)
olmo2_1b   D_chord       B_any         | +0.07 (0.3318) | +0.87 +0.42 +0.87  Δ -0.000 (0.6822) ΔR² -0.008 (0.9660) ΔKL -0.0006 (0.4698) [KL th 0.166] | +0.70/-0.10(0.598) +0.35/-0.57(0.928) +0.62/+0.31(0.218)
olmo2_1b   D_chord       D_doc         | +0.07 (0.4198) | +0.87 +0.61 +0.86  Δ -0.008 (0.9440) ΔR² +0.008 (0.6367) ΔKL -0.0064 (0.6812) [KL th 0.166] | +0.71/+0.16(0.323) +0.61/+0.12(0.362) +0.37/-0.47(0.915)
olmo2_1b   E_modulation  A_win40       | +0.30 (0.0090) | +0.91 +0.63 +0.90  Δ -0.008 (0.9590) ΔR² +0.100 (0.0045) ΔKL +0.0028 (0.1034) [KL th 0.068] | +0.81/+0.30(0.218) +0.65/+0.80(0.004) +0.67/+0.29(0.231)
olmo2_1b   E_modulation  B_any         | +0.20 (0.0525) | +0.91 +0.59 +0.91  Δ -0.004 (0.7541) ΔR² +0.043 (0.0525) ΔKL -0.0017 (0.7696) [KL th 0.068] | +0.84/+0.38(0.154) +0.65/+0.32(0.189) +0.74/+0.50(0.085)
olmo2_1b   E_modulation  D_doc         | +0.34 (0.0165) | +0.91 +0.70 +0.90  Δ -0.016 (0.9885) ΔR² +0.136 (0.0050) ΔKL +0.0034 (0.1229) [KL th 0.068] | +0.76/+0.18(0.308) +0.65/+0.11(0.396) +0.44/-0.33(0.826)
gemma2_2b  C_harmonic    A_win40       | +0.04 (0.3548) | +0.90 +0.52 +0.90  Δ -0.003 (0.7041) ΔR² -0.010 (0.9395) ΔKL -0.0018 (0.8071) [KL th 0.107] | +0.58/-0.22(0.717) +0.47/-0.04(0.539) +0.48/+0.41(0.133)
gemma2_2b  C_harmonic    B_any         | +0.04 (0.3793) | +0.90 +0.49 +0.90  Δ -0.003 (0.7366) ΔR² -0.007 (0.8596) ΔKL -0.0009 (0.6712) [KL th 0.107] | +0.61/+0.03(0.473) +0.37/-0.13(0.638) +0.51/+0.36(0.161)
gemma2_2b  C_harmonic    D_doc         | -0.00 (0.4883) | +0.90 +0.61 +0.90  Δ -0.006 (0.9400) ΔR² -0.016 (0.9960) ΔKL -0.0043 (0.9310) [KL th 0.107] | +0.53/-0.32(0.806) +0.58/+0.34(0.178) +0.21/-0.56(0.945)
gemma2_2b  D_chord       A_win40       | -0.06 (0.6572) | +0.95 +0.50 +0.95  Δ +0.002 (0.3048) ΔR² -0.003 (0.7041) ΔKL -0.0002 (0.5267) [KL th 0.062] | +0.71/+0.09(0.399) +0.56/+0.35(0.188) +0.48/+0.77(0.008)
gemma2_2b  D_chord       B_any         | -0.15 (0.9070) | +0.95 +0.44 +0.95  Δ +0.002 (0.2364) ΔR² +0.011 (0.2864) ΔKL +0.0012 (0.2884) [KL th 0.062] | +0.70/-0.16(0.670) +0.44/-0.02(0.526) +0.51/+0.69(0.023)
gemma2_2b  D_chord       D_doc         | +0.01 (0.5062) | +0.95 +0.64 +0.95  Δ +0.000 (0.5742) ΔR² -0.015 (0.9955) ΔKL -0.0002 (0.5562) [KL th 0.062] | +0.67/+0.07(0.443) +0.69/+0.56(0.075) +0.16/-0.53(0.929)
gemma2_2b  E_modulation  A_win40       | +0.17 (0.0975) | +0.94 +0.64 +0.94  Δ -0.001 (0.6947) ΔR² +0.024 (0.1619) ΔKL +0.0021 (0.1409) [KL th 0.064] | +0.72/+0.14(0.377) +0.64/+0.68(0.017) +0.40/-0.06(0.556)
gemma2_2b  E_modulation  B_any         | +0.12 (0.1564) | +0.94 +0.60 +0.94  Δ -0.000 (0.5172) ΔR² +0.002 (0.4528) ΔKL -0.0001 (0.4473) [KL th 0.064] | +0.76/+0.30(0.215) +0.55/+0.37(0.179) +0.43/-0.04(0.537)
gemma2_2b  E_modulation  D_doc         | +0.25 (0.0480) | +0.94 +0.68 +0.93  Δ -0.008 (0.9945) ΔR² +0.067 (0.0630) ΔKL +0.0061 (0.0515) [KL th 0.064] | +0.69/+0.15(0.345) +0.56/-0.16(0.669) +0.33/-0.14(0.647)
qwen25_3b  C_harmonic    A_win40       | +0.35 (0.0055) | +0.85 +0.63 +0.86  Δ +0.004 (0.4223) ΔR² +0.152 (0.0040) ΔKL +0.0106 (0.1149) [KL th 0.141] | +0.88/+0.55(0.062) +0.68/+0.92(0.000) +0.67/+0.38(0.153)
qwen25_3b  C_harmonic    B_any         | +0.28 (0.0170) | +0.85 +0.59 +0.85  Δ -0.001 (0.7381) ΔR² +0.090 (0.0160) ΔKL +0.0031 (0.2774) [KL th 0.141] | +0.86/+0.32(0.202) +0.68/+0.34(0.185) +0.74/+0.54(0.075)
qwen25_3b  C_harmonic    D_doc         | +0.34 (0.0210) | +0.85 +0.65 +0.82  Δ -0.029 (1.0000) ΔR² +0.136 (0.0210) ΔKL -0.0032 (0.8756) [KL th 0.141] | +0.79/+0.13(0.357) +0.70/+0.36(0.175) +0.31/-0.54(0.933)
qwen25_3b  D_chord       A_win40       | +0.24 (0.0475) | +0.91 +0.56 +0.90  Δ -0.001 (0.4693) ΔR² +0.061 (0.0380) ΔKL +0.0061 (0.1289) [KL th 0.111] | +0.74/+0.30(0.240) +0.57/+0.31(0.215) +0.50/+0.47(0.095)
qwen25_3b  D_chord       B_any         | +0.21 (0.0500) | +0.91 +0.51 +0.91  Δ +0.001 (0.1939) ΔR² +0.038 (0.0840) ΔKL +0.0101 (0.0495) [KL th 0.111] | +0.75/+0.10(0.386) +0.52/-0.08(0.594) +0.56/+0.54(0.065)
qwen25_3b  D_chord       D_doc         | +0.16 (0.1844) | +0.91 +0.65 +0.90  Δ -0.004 (0.7566) ΔR² +0.028 (0.2399) ΔKL -0.0039 (0.8596) [KL th 0.111] | +0.70/+0.19(0.325) +0.67/+0.42(0.128) +0.20/-0.66(0.973)
qwen25_3b  E_modulation  A_win40       | +0.29 (0.0150) | +0.94 +0.63 +0.93  Δ -0.007 (0.9695) ΔR² +0.051 (0.0610) ΔKL +0.0001 (0.4218) [KL th 0.054] | +0.70/+0.07(0.423) +0.61/+0.64(0.037) +0.56/+0.48(0.097)
qwen25_3b  E_modulation  B_any         | +0.14 (0.1434) | +0.94 +0.57 +0.93  Δ -0.002 (0.8146) ΔR² -0.011 (0.9480) ΔKL -0.0020 (0.8606) [KL th 0.054] | +0.72/+0.01(0.482) +0.55/+0.03(0.486) +0.59/+0.33(0.203)
qwen25_3b  E_modulation  D_doc         | +0.30 (0.0305) | +0.94 +0.69 +0.92  Δ -0.013 (0.9885) ΔR² +0.060 (0.1029) ΔKL -0.0019 (0.8166) [KL th 0.054] | +0.65/-0.08(0.599) +0.69/+0.30(0.222) +0.27/-0.26(0.771)
olmo2_7b   C_harmonic    A_win40       | +0.34 (0.0020) | +0.78 +0.62 +0.80  Δ +0.013 (0.1094) ΔR² +0.115 (0.0020) ΔKL +0.0188 (0.0230) [KL th 0.231] | +0.75/+0.23(0.260) +0.65/+0.67(0.030) +0.39/+0.13(0.367)
olmo2_7b   C_harmonic    B_any         | +0.33 (0.0010) | +0.78 +0.58 +0.79  Δ +0.003 (0.4333) ΔR² +0.096 (0.0020) ΔKL +0.0133 (0.0430) [KL th 0.231] | +0.76/+0.26(0.254) +0.57/+0.17(0.336) +0.39/-0.05(0.539)
olmo2_7b   C_harmonic    D_doc         | +0.31 (0.0150) | +0.78 +0.61 +0.78  Δ +0.000 (0.6087) ΔR² +0.113 (0.0050) ΔKL +0.0056 (0.2634) [KL th 0.231] | +0.67/-0.08(0.587) +0.75/+0.75(0.015) +0.16/-0.25(0.764)
olmo2_7b   D_chord       A_win40       | +0.34 (0.0040) | +0.87 +0.54 +0.86  Δ -0.010 (0.9170) ΔR² +0.097 (0.0035) ΔKL +0.0152 (0.0225) [KL th 0.185] | +0.68/+0.07(0.427) +0.45/-0.55(0.949) +0.38/+0.02(0.479)
olmo2_7b   D_chord       B_any         | +0.30 (0.0080) | +0.87 +0.51 +0.86  Δ -0.006 (0.8306) ΔR² +0.059 (0.0120) ΔKL +0.0155 (0.0140) [KL th 0.185] | +0.70/+0.08(0.451) +0.46/-0.66(0.969) +0.39/-0.17(0.688)
olmo2_7b   D_chord       D_doc         | +0.26 (0.0270) | +0.87 +0.58 +0.86  Δ -0.015 (0.9520) ΔR² +0.077 (0.0235) ΔKL -0.0011 (0.5162) [KL th 0.185] | +0.61/-0.24(0.723) +0.59/-0.12(0.608) +0.24/-0.07(0.594)
olmo2_7b   E_modulation  A_win40       | +0.41 (0.0005) | +0.90 +0.67 +0.91  Δ +0.009 (0.0835) ΔR² +0.249 (0.0005) ΔKL +0.0061 (0.0005) [KL th 0.049] | +0.85/+0.56(0.049) +0.61/+0.77(0.005) +0.45/+0.33(0.195)
olmo2_7b   E_modulation  B_any         | +0.34 (0.0010) | +0.90 +0.62 +0.91  Δ +0.013 (0.0250) ΔR² +0.158 (0.0005) ΔKL +0.0026 (0.0105) [KL th 0.049] | +0.86/+0.59(0.054) +0.62/+0.49(0.097) +0.49/+0.32(0.203)
olmo2_7b   E_modulation  D_doc         | +0.51 (0.0005) | +0.90 +0.72 +0.90  Δ -0.006 (0.9930) ΔR² +0.302 (0.0005) ΔKL +0.0011 (0.1324) [KL th 0.049] | +0.80/+0.37(0.166) +0.67/+0.46(0.093) +0.24/-0.47(0.886)
saved olmomix_wiki
== 23:49:54 results/phase5/cond_olmomix_wiki.npz olmomix_wiki olmo2_1b,gemma2_2b,qwen25_3b,olmo2_7b C_harmonic,D_chord,E_modulation A_win40,B_any,D_doc --neutral --nperm-res=2000 --nperm-loo=2000
corpus=olmomix_wiki; source counts [32, 106, 288, 405, 937, 783, 1543, 2780, 1797, 2247, 1648, 1469, 762, 167, 97]; neutral=True rich=False targetprior=False templates=[0, 1, 2, 3] nperm_res=2000 nperm_loo=2000 nboot=0 docboot=None
model      family        extract       | resid r (p) | LOO Spearman: theory corpus both  ΔCV (p) ΔR² (p) ΔKL (p) [theory KL] | twins raw/line-controlled (p): Cb|B Gb|F# Db|C#
olmo2_1b   C_harmonic    A_win40       | +0.37 (0.0020) | +0.58 +0.50 +0.57  Δ -0.013 (0.9540) ΔR² +0.144 (0.0020) ΔKL +0.0227 (0.0030) [KL th 0.199] | 
olmo2_1b   C_harmonic    B_any         | +0.40 (0.0010) | +0.58 +0.50 +0.58  Δ +0.000 (0.6887) ΔR² +0.156 (0.0010) ΔKL +0.0288 (0.0010) [KL th 0.199] | 
olmo2_1b   C_harmonic    D_doc         | +0.47 (0.0005) | +0.58 +0.45 +0.60  Δ +0.015 (0.3258) ΔR² +0.198 (0.0010) ΔKL +0.0215 (0.0040) [KL th 0.199] | 
olmo2_1b   D_chord       A_win40       | +0.15 (0.5227) | +0.82 +0.36 +0.82  Δ -0.005 (0.7056) ΔR² +0.011 (0.5737) ΔKL +0.0045 (0.1544) [KL th 0.196] | 
olmo2_1b   D_chord       B_any         | +0.15 (0.5352) | +0.82 +0.32 +0.81  Δ -0.007 (0.7661) ΔR² +0.006 (0.6512) ΔKL -0.0041 (0.3443) [KL th 0.196] | 
olmo2_1b   D_chord       D_doc         | +0.26 (0.3293) | +0.82 +0.43 +0.80  Δ -0.022 (0.9540) ΔR² +0.038 (0.4373) ΔKL +0.0178 (0.0920) [KL th 0.196] | 
olmo2_1b   E_modulation  A_win40       | +0.52 (0.0005) | +0.75 +0.59 +0.73  Δ -0.018 (0.9790) ΔR² +0.303 (0.0005) ΔKL +0.0369 (0.0005) [KL th 0.140] | 
olmo2_1b   E_modulation  B_any         | +0.51 (0.0005) | +0.75 +0.56 +0.77  Δ +0.015 (0.0045) ΔR² +0.303 (0.0005) ΔKL +0.0314 (0.0005) [KL th 0.140] | 
olmo2_1b   E_modulation  D_doc         | +0.64 (0.0005) | +0.75 +0.58 +0.75  Δ -0.002 (0.5112) ΔR² +0.415 (0.0005) ΔKL +0.0442 (0.0005) [KL th 0.140] | 
gemma2_2b  C_harmonic    A_win40       | +0.22 (0.1359) | +0.75 +0.41 +0.73  Δ -0.028 (0.9785) ΔR² +0.045 (0.1224) ΔKL -0.0008 (0.4818) [KL th 0.166] | 
gemma2_2b  C_harmonic    B_any         | +0.33 (0.0160) | +0.75 +0.42 +0.74  Δ -0.018 (0.9425) ΔR² +0.092 (0.0195) ΔKL +0.0115 (0.0270) [KL th 0.166] | 
gemma2_2b  C_harmonic    D_doc         | +0.31 (0.0635) | +0.75 +0.44 +0.71  Δ -0.041 (0.9965) ΔR² +0.068 (0.1119) ΔKL -0.0007 (0.5372) [KL th 0.166] | 
gemma2_2b  D_chord       A_win40       | +0.20 (0.2114) | +0.81 +0.35 +0.81  Δ +0.006 (0.3288) ΔR² +0.031 (0.2379) ΔKL +0.0044 (0.2319) [KL th 0.182] | 
gemma2_2b  D_chord       B_any         | +0.21 (0.1884) | +0.81 +0.33 +0.81  Δ +0.000 (0.6797) ΔR² +0.028 (0.2409) ΔKL +0.0012 (0.2914) [KL th 0.182] | 
gemma2_2b  D_chord       D_doc         | +0.34 (0.0730) | +0.81 +0.47 +0.79  Δ -0.018 (0.9955) ΔR² +0.071 (0.1504) ΔKL +0.0082 (0.2524) [KL th 0.182] | 
gemma2_2b  E_modulation  A_win40       | +0.52 (0.0005) | +0.73 +0.56 +0.73  Δ +0.001 (0.4873) ΔR² +0.310 (0.0005) ΔKL +0.0322 (0.0005) [KL th 0.130] | 
gemma2_2b  E_modulation  B_any         | +0.52 (0.0005) | +0.73 +0.56 +0.75  Δ +0.021 (0.0195) ΔR² +0.330 (0.0005) ΔKL +0.0329 (0.0005) [KL th 0.130] | 
gemma2_2b  E_modulation  D_doc         | +0.60 (0.0005) | +0.73 +0.53 +0.75  Δ +0.019 (0.0375) ΔR² +0.365 (0.0005) ΔKL +0.0356 (0.0005) [KL th 0.130] | 
qwen25_3b  C_harmonic    A_win40       | +0.38 (0.0050) | +0.77 +0.56 +0.75  Δ -0.029 (0.9650) ΔR² +0.176 (0.0005) ΔKL +0.0265 (0.0010) [KL th 0.190] | 
qwen25_3b  C_harmonic    B_any         | +0.36 (0.0040) | +0.77 +0.54 +0.74  Δ -0.030 (0.9710) ΔR² +0.169 (0.0050) ΔKL +0.0210 (0.0070) [KL th 0.190] | 
qwen25_3b  C_harmonic    D_doc         | +0.43 (0.0005) | +0.77 +0.49 +0.70  Δ -0.073 (1.0000) ΔR² +0.187 (0.0020) ΔKL +0.0200 (0.0115) [KL th 0.190] | 
qwen25_3b  D_chord       A_win40       | +0.32 (0.0115) | +0.76 +0.45 +0.74  Δ -0.021 (0.9060) ΔR² +0.165 (0.0030) ΔKL +0.0168 (0.0025) [KL th 0.160] | 
qwen25_3b  D_chord       B_any         | +0.35 (0.0040) | +0.76 +0.42 +0.76  Δ -0.004 (0.5882) ΔR² +0.162 (0.0010) ΔKL +0.0262 (0.0005) [KL th 0.160] | 
qwen25_3b  D_chord       D_doc         | +0.42 (0.0070) | +0.76 +0.51 +0.75  Δ -0.016 (0.8531) ΔR² +0.168 (0.0035) ΔKL +0.0201 (0.0005) [KL th 0.160] | 
qwen25_3b  E_modulation  A_win40       | +0.42 (0.0015) | +0.84 +0.54 +0.84  Δ -0.003 (0.6067) ΔR² +0.221 (0.0005) ΔKL +0.0220 (0.0005) [KL th 0.116] | 
qwen25_3b  E_modulation  B_any         | +0.41 (0.0015) | +0.84 +0.51 +0.85  Δ +0.005 (0.0970) ΔR² +0.212 (0.0010) ΔKL +0.0172 (0.0005) [KL th 0.116] | 
qwen25_3b  E_modulation  D_doc         | +0.59 (0.0005) | +0.84 +0.52 +0.80  Δ -0.047 (0.9925) ΔR² +0.301 (0.0005) ΔKL +0.0249 (0.0005) [KL th 0.116] | 
olmo2_7b   C_harmonic    A_win40       | +0.36 (0.0025) | +0.55 +0.52 +0.64  Δ +0.094 (0.0005) ΔR² +0.155 (0.0010) ΔKL +0.0467 (0.0005) [KL th 0.270] | 
olmo2_7b   C_harmonic    B_any         | +0.35 (0.0045) | +0.55 +0.51 +0.63  Δ +0.079 (0.0010) ΔR² +0.145 (0.0015) ΔKL +0.0459 (0.0005) [KL th 0.270] | 
olmo2_7b   C_harmonic    D_doc         | +0.43 (0.0010) | +0.55 +0.42 +0.63  Δ +0.079 (0.0005) ΔR² +0.187 (0.0005) ΔKL +0.0436 (0.0010) [KL th 0.270] | 
olmo2_7b   D_chord       A_win40       | +0.40 (0.0030) | +0.69 +0.46 +0.65  Δ -0.041 (0.9650) ΔR² +0.152 (0.0070) ΔKL +0.0678 (0.0005) [KL th 0.334] | 
olmo2_7b   D_chord       B_any         | +0.40 (0.0035) | +0.69 +0.47 +0.68  Δ -0.010 (0.6442) ΔR² +0.140 (0.0040) ΔKL +0.0695 (0.0005) [KL th 0.334] | 
olmo2_7b   D_chord       D_doc         | +0.50 (0.0015) | +0.69 +0.44 +0.65  Δ -0.038 (0.9335) ΔR² +0.201 (0.0040) ΔKL +0.0740 (0.0005) [KL th 0.334] | 
olmo2_7b   E_modulation  A_win40       | +0.52 (0.0005) | +0.74 +0.62 +0.77  Δ +0.036 (0.0010) ΔR² +0.358 (0.0005) ΔKL +0.0359 (0.0005) [KL th 0.121] | 
olmo2_7b   E_modulation  B_any         | +0.54 (0.0005) | +0.74 +0.59 +0.80  Δ +0.061 (0.0005) ΔR² +0.366 (0.0005) ΔKL +0.0362 (0.0005) [KL th 0.121] | 
olmo2_7b   E_modulation  D_doc         | +0.68 (0.0005) | +0.74 +0.60 +0.76  Δ +0.025 (0.0050) ΔR² +0.440 (0.0005) ΔKL +0.0407 (0.0005) [KL th 0.121] | 
saved olmomix_wiki_neutral
== 23:51:16 results/phase5/cond_olmomix_dclm.npz olmomix_dclm olmo2_1b,gemma2_2b,qwen25_3b,olmo2_7b C_harmonic,D_chord,E_modulation A_win40,B_any,D_doc --nperm-res=2000 --nperm-loo=2000
corpus=olmomix_dclm; source counts [2, 4, 20, 18, 32, 32, 68, 285, 120, 108, 204, 64, 28, 12, 8]; neutral=False rich=False targetprior=False templates=[0, 1, 2, 3] nperm_res=2000 nperm_loo=2000 nboot=0 docboot=None
model      family        extract       | resid r (p) | LOO Spearman: theory corpus both  ΔCV (p) ΔR² (p) ΔKL (p) [theory KL] | twins raw/line-controlled (p): Cb|B Gb|F# Db|C#
/home/moloch/Documents/Research/pitch_fourier/phase5/fingerprint.py:72: ConstantInputWarning: An input array is constant; the correlation coefficient is not defined.
  pred = ridge_fit_predict(X[tr], qv[tr], X[te]); res[name].append(spearmanr(pred, y).correlation)
/home/moloch/Documents/Research/pitch_fourier/phase5/fingerprint.py:72: ConstantInputWarning: An input array is constant; the correlation coefficient is not defined.
  pred = ridge_fit_predict(X[tr], qv[tr], X[te]); res[name].append(spearmanr(pred, y).correlation)
/home/moloch/Documents/Research/pitch_fourier/phase5/fingerprint.py:72: ConstantInputWarning: An input array is constant; the correlation coefficient is not defined.
  pred = ridge_fit_predict(X[tr], qv[tr], X[te]); res[name].append(spearmanr(pred, y).correlation)
/home/moloch/Documents/Research/pitch_fourier/phase5/fingerprint.py:72: ConstantInputWarning: An input array is constant; the correlation coefficient is not defined.
  pred = ridge_fit_predict(X[tr], qv[tr], X[te]); res[name].append(spearmanr(pred, y).correlation)
/home/moloch/Documents/Research/pitch_fourier/phase5/fingerprint.py:72: ConstantInputWarning: An input array is constant; the correlation coefficient is not defined.
  pred = ridge_fit_predict(X[tr], qv[tr], X[te]); res[name].append(spearmanr(pred, y).correlation)
/home/moloch/Documents/Research/pitch_fourier/phase5/fingerprint.py:72: ConstantInputWarning: An input array is constant; the correlation coefficient is not defined.
  pred = ridge_fit_predict(X[tr], qv[tr], X[te]); res[name].append(spearmanr(pred, y).correlation)
/home/moloch/Documents/Research/pitch_fourier/phase5/fingerprint.py:72: ConstantInputWarning: An input array is constant; the correlation coefficient is not defined.
  pred = ridge_fit_predict(X[tr], qv[tr], X[te]); res[name].append(spearmanr(pred, y).correlation)
/home/moloch/Documents/Research/pitch_fourier/phase5/fingerprint.py:72: ConstantInputWarning: An input array is constant; the correlation coefficient is not defined.
  pred = ridge_fit_predict(X[tr], qv[tr], X[te]); res[name].append(spearmanr(pred, y).correlation)
/home/moloch/Documents/Research/pitch_fourier/phase5/fingerprint.py:72: ConstantInputWarning: An input array is constant; the correlation coefficient is not defined.
  pred = ridge_fit_predict(X[tr], qv[tr], X[te]); res[name].append(spearmanr(pred, y).correlation)
/home/moloch/Documents/Research/pitch_fourier/phase5/fingerprint.py:72: ConstantInputWarning: An input array is constant; the correlation coefficient is not defined.
  pred = ridge_fit_predict(X[tr], qv[tr], X[te]); res[name].append(spearmanr(pred, y).correlation)
/home/moloch/Documents/Research/pitch_fourier/phase5/fingerprint.py:72: ConstantInputWarning: An input array is constant; the correlation coefficient is not defined.
  pred = ridge_fit_predict(X[tr], qv[tr], X[te]); res[name].append(spearmanr(pred, y).correlation)
/home/moloch/Documents/Research/pitch_fourier/phase5/fingerprint.py:72: ConstantInputWarning: An input array is constant; the correlation coefficient is not defined.
  pred = ridge_fit_predict(X[tr], qv[tr], X[te]); res[name].append(spearmanr(pred, y).correlation)
/home/moloch/Documents/Research/pitch_fourier/phase5/fingerprint.py:72: ConstantInputWarning: An input array is constant; the correlation coefficient is not defined.
  pred = ridge_fit_predict(X[tr], qv[tr], X[te]); res[name].append(spearmanr(pred, y).correlation)
/home/moloch/Documents/Research/pitch_fourier/phase5/fingerprint.py:72: ConstantInputWarning: An input array is constant; the correlation coefficient is not defined.
  pred = ridge_fit_predict(X[tr], qv[tr], X[te]); res[name].append(spearmanr(pred, y).correlation)
/home/moloch/Documents/Research/pitch_fourier/phase5/fingerprint.py:72: ConstantInputWarning: An input array is constant; the correlation coefficient is not defined.
  pred = ridge_fit_predict(X[tr], qv[tr], X[te]); res[name].append(spearmanr(pred, y).correlation)
/home/moloch/Documents/Research/pitch_fourier/phase5/fingerprint.py:72: ConstantInputWarning: An input array is constant; the correlation coefficient is not defined.
  pred = ridge_fit_predict(X[tr], qv[tr], X[te]); res[name].append(spearmanr(pred, y).correlation)
/home/moloch/Documents/Research/pitch_fourier/phase5/fingerprint.py:72: ConstantInputWarning: An input array is constant; the correlation coefficient is not defined.
  pred = ridge_fit_predict(X[tr], qv[tr], X[te]); res[name].append(spearmanr(pred, y).correlation)
olmo2_1b   C_harmonic    A_win40       | +0.14 (0.1719) | +0.83 +nan +0.84  Δ +0.004 (0.3378) ΔR² +0.006 (0.5047) ΔKL -0.0025 (0.9015) [KL th 0.145] | +0.90/+0.12(0.383) -0.40/-0.57(1.000) -0.21/+0.10(0.416)
olmo2_1b   C_harmonic    B_any         | +0.12 (0.1319) | +0.83 +nan +0.84  Δ +0.001 (0.3708) ΔR² +0.005 (0.3113) ΔKL -0.0051 (0.9950) [KL th 0.145] | +0.29/-0.22(0.774) -0.40/-0.57(1.000) -0.26/-0.12(0.732)
olmo2_1b   C_harmonic    D_doc         | +0.29 (0.0085) | +0.83 +0.39 +0.84  Δ +0.001 (0.4408) ΔR² +0.083 (0.0310) ΔKL +0.0012 (0.4018) [KL th 0.145] | +0.59/+0.38(0.155) -0.11/+0.00(0.495) -0.07/-0.33(0.796)
olmo2_1b   D_chord       A_win40       | -0.04 (0.5647) | +0.89 +nan +0.89  Δ +0.003 (0.6807) ΔR² -0.010 (0.9935) ΔKL -0.0030 (0.6727) [KL th 0.181] | +0.86/-0.11(0.613) -0.23/-0.19(0.778) -0.13/+0.18(0.343)
olmo2_1b   D_chord       B_any         | +0.05 (0.3258) | +0.89 +nan +0.89  Δ -0.001 (0.9230) ΔR² -0.008 (0.8826) ΔKL -0.0040 (0.7891) [KL th 0.181] | +0.25/-0.18(0.764) -0.23/-0.19(0.768) -0.18/-0.02(0.561)
olmo2_1b   D_chord       D_doc         | +0.04 (0.4288) | +0.89 +0.42 +0.88  Δ -0.004 (0.9910) ΔR² -0.008 (0.9425) ΔKL +0.0055 (0.2689) [KL th 0.181] | +0.59/+0.31(0.205) -0.12/+0.08(0.420) +0.17/+0.09(0.436)
olmo2_1b   E_modulation  A_win40       | +0.21 (0.0805) | +0.90 +nan +0.88  Δ -0.013 (0.9470) ΔR² +0.056 (0.1079) ΔKL +0.0106 (0.1994) [KL th 0.165] | +0.86/-0.12(0.626) -0.34/-0.02(0.701) -0.21/+0.04(0.467)
olmo2_1b   E_modulation  B_any         | +0.08 (0.2724) | +0.90 +nan +0.89  Δ -0.002 (0.5532) ΔR² +0.002 (0.4043) ΔKL -0.0048 (0.9415) [KL th 0.165] | +0.31/-0.38(0.922) -0.34/-0.02(0.695) -0.15/+0.11(0.372)
olmo2_1b   E_modulation  D_doc         | +0.30 (0.0235) | +0.90 +0.45 +0.88  Δ -0.011 (0.8596) ΔR² +0.086 (0.0235) ΔKL +0.0167 (0.0780) [KL th 0.165] | +0.48/+0.18(0.319) -0.14/+0.35(0.191) -0.06/-0.39(0.847)
gemma2_2b  C_harmonic    A_win40       | +0.12 (0.2069) | +0.88 +nan +0.88  Δ -0.005 (0.8541) ΔR² +0.011 (0.4213) ΔKL +0.0033 (0.4753) [KL th 0.224] | +0.85/+0.45(0.106) -0.12/+0.22(0.222) -0.30/-0.23(0.719)
gemma2_2b  C_harmonic    B_any         | +0.10 (0.1624) | +0.88 +nan +0.88  Δ +0.000 (0.2619) ΔR² +0.003 (0.3728) ΔKL -0.0043 (0.8991) [KL th 0.224] | +0.40/+0.33(0.217) -0.12/+0.22(0.230) -0.28/-0.09(0.592)
gemma2_2b  C_harmonic    D_doc         | +0.25 (0.0350) | +0.88 +0.45 +0.87  Δ -0.009 (0.9520) ΔR² +0.054 (0.0735) ΔKL +0.0150 (0.1569) [KL th 0.224] | +0.65/+0.78(0.006) -0.16/-0.19(0.678) -0.03/-0.52(0.927)
gemma2_2b  D_chord       A_win40       | -0.02 (0.5742) | +0.94 +nan +0.94  Δ -0.000 (0.4098) ΔR² -0.008 (0.9515) ΔKL -0.0021 (0.8561) [KL th 0.169] | +0.86/-0.09(0.595) -0.14/+0.26(0.147) -0.25/-0.11(0.624)
gemma2_2b  D_chord       B_any         | -0.04 (0.6132) | +0.94 +nan +0.93  Δ -0.003 (0.8506) ΔR² -0.010 (0.8721) ΔKL -0.0030 (0.9235) [KL th 0.169] | +0.36/-0.04(0.616) -0.14/+0.26(0.142) -0.35/-0.50(0.923)
gemma2_2b  D_chord       D_doc         | +0.10 (0.2279) | +0.94 +0.43 +0.94  Δ -0.000 (0.3958) ΔR² +0.001 (0.5942) ΔKL +0.0097 (0.2254) [KL th 0.169] | +0.54/+0.30(0.230) -0.17/-0.02(0.501) +0.05/-0.36(0.832)
gemma2_2b  E_modulation  A_win40       | +0.14 (0.1789) | +0.89 +nan +0.89  Δ -0.001 (0.5852) ΔR² +0.010 (0.4843) ΔKL +0.0049 (0.3573) [KL th 0.173] | +0.85/+0.19(0.313) -0.24/+0.14(0.454) -0.31/-0.51(0.919)
gemma2_2b  E_modulation  B_any         | +0.05 (0.3298) | +0.89 +nan +0.89  Δ +0.001 (0.2674) ΔR² -0.002 (0.5862) ΔKL -0.0036 (0.9315) [KL th 0.173] | +0.30/-0.33(0.923) -0.24/+0.14(0.459) -0.25/-0.08(0.606)
gemma2_2b  E_modulation  D_doc         | +0.34 (0.0060) | +0.89 +0.43 +0.90  Δ +0.007 (0.0540) ΔR² +0.073 (0.0615) ΔKL +0.0257 (0.0250) [KL th 0.173] | +0.50/+0.21(0.298) -0.15/+0.21(0.287) +0.05/-0.45(0.881)
qwen25_3b  C_harmonic    A_win40       | +0.23 (0.0775) | +0.83 +nan +0.82  Δ -0.014 (0.9950) ΔR² +0.045 (0.1609) ΔKL +0.0015 (0.5602) [KL th 0.198] | +0.87/-0.24(0.741) -0.32/+0.23(0.382) -0.26/-0.15(0.652)
qwen25_3b  C_harmonic    B_any         | +0.15 (0.0905) | +0.83 +nan +0.83  Δ -0.003 (0.7191) ΔR² +0.012 (0.2459) ΔKL -0.0040 (0.9555) [KL th 0.198] | +0.32/-0.31(0.927) -0.32/+0.23(0.388) -0.21/-0.12(0.649)
qwen25_3b  C_harmonic    D_doc         | +0.26 (0.0235) | +0.83 +0.47 +0.82  Δ -0.008 (0.9335) ΔR² +0.072 (0.0460) ΔKL +0.0101 (0.1989) [KL th 0.198] | +0.50/+0.25(0.261) -0.05/+0.56(0.060) -0.16/-0.51(0.922)
qwen25_3b  D_chord       A_win40       | +0.22 (0.0570) | +0.91 +nan +0.91  Δ +0.001 (0.4298) ΔR² +0.076 (0.0295) ΔKL +0.0103 (0.0370) [KL th 0.113] | +0.87/+0.02(0.489) -0.23/+0.24(0.320) -0.27/-0.03(0.519)
qwen25_3b  D_chord       B_any         | +0.12 (0.1344) | +0.91 +nan +0.91  Δ +0.000 (0.5537) ΔR² +0.022 (0.1074) ΔKL +0.0000 (0.4073) [KL th 0.113] | +0.31/-0.11(0.778) -0.23/+0.24(0.323) -0.36/-0.44(0.905)
qwen25_3b  D_chord       D_doc         | +0.26 (0.0180) | +0.91 +0.39 +0.91  Δ -0.001 (0.7996) ΔR² +0.059 (0.0330) ΔKL +0.0072 (0.0565) [KL th 0.113] | +0.55/+0.52(0.080) -0.24/-0.21(0.679) +0.05/+0.03(0.473)
qwen25_3b  E_modulation  A_win40       | +0.13 (0.2244) | +0.90 +nan +0.89  Δ -0.008 (0.9700) ΔR² +0.006 (0.5187) ΔKL +0.0028 (0.3943) [KL th 0.148] | +0.85/-0.18(0.646) -0.19/+0.58(0.157) -0.28/-0.19(0.678)
qwen25_3b  E_modulation  B_any         | +0.06 (0.3078) | +0.90 +nan +0.90  Δ -0.001 (0.5962) ΔR² -0.002 (0.5607) ΔKL -0.0027 (0.8696) [KL th 0.148] | +0.35/-0.13(0.690) -0.19/+0.58(0.150) -0.30/-0.27(0.760)
qwen25_3b  E_modulation  D_doc         | +0.26 (0.0435) | +0.90 +0.46 +0.89  Δ -0.006 (0.9205) ΔR² +0.040 (0.1519) ΔKL +0.0150 (0.0870) [KL th 0.148] | +0.52/+0.32(0.219) -0.18/+0.14(0.351) +0.00/-0.25(0.731)
olmo2_7b   C_harmonic    A_win40       | +0.31 (0.0055) | +0.77 +nan +0.77  Δ +0.007 (0.1134) ΔR² +0.112 (0.0070) ΔKL +0.0186 (0.0525) [KL th 0.253] | +0.82/-0.51(0.922) -0.13/+0.78(0.076) -0.29/-0.11(0.612)
olmo2_7b   C_harmonic    B_any         | +0.27 (0.0035) | +0.77 +nan +0.77  Δ +0.008 (0.0480) ΔR² +0.075 (0.0045) ΔKL +0.0108 (0.0395) [KL th 0.253] | +0.30/-0.23(0.861) -0.13/+0.78(0.078) -0.33/-0.18(0.642)
olmo2_7b   C_harmonic    D_doc         | +0.33 (0.0040) | +0.77 +0.48 +0.78  Δ +0.016 (0.0225) ΔR² +0.110 (0.0050) ΔKL +0.0142 (0.0605) [KL th 0.253] | +0.41/-0.24(0.732) -0.07/+0.61(0.047) +0.09/+0.08(0.420)
olmo2_7b   D_chord       A_win40       | +0.28 (0.0145) | +0.83 +nan +0.83  Δ -0.003 (0.7276) ΔR² +0.089 (0.0050) ΔKL +0.0124 (0.0555) [KL th 0.198] | +0.82/-0.42(0.865) -0.27/+0.01(0.295) -0.37/-0.47(0.909)
olmo2_7b   D_chord       B_any         | +0.30 (0.0015) | +0.83 +nan +0.82  Δ -0.010 (0.9465) ΔR² +0.082 (0.0005) ΔKL +0.0093 (0.0365) [KL th 0.198] | +0.31/-0.08(0.607) -0.27/+0.01(0.307) -0.36/-0.37(0.878)
olmo2_7b   D_chord       D_doc         | +0.29 (0.0025) | +0.83 +0.39 +0.83  Δ -0.000 (0.4858) ΔR² +0.076 (0.0065) ΔKL +0.0002 (0.3708) [KL th 0.198] | +0.55/+0.30(0.217) -0.16/+0.30(0.227) +0.06/-0.02(0.485)
olmo2_7b   E_modulation  A_win40       | +0.34 (0.0085) | +0.87 +nan +0.89  Δ +0.013 (0.0220) ΔR² +0.140 (0.0040) ΔKL +0.0094 (0.0575) [KL th 0.096] | +0.84/-0.26(0.735) -0.26/+0.53(0.071) -0.26/+0.06(0.411)
olmo2_7b   E_modulation  B_any         | +0.16 (0.0815) | +0.87 +nan +0.88  Δ +0.003 (0.2489) ΔR² +0.031 (0.0705) ΔKL -0.0034 (0.9425) [KL th 0.096] | +0.32/-0.45(0.922) -0.26/+0.53(0.078) -0.25/+0.21(0.265)
olmo2_7b   E_modulation  D_doc         | +0.39 (0.0005) | +0.87 +0.46 +0.88  Δ +0.009 (0.0855) ΔR² +0.147 (0.0020) ΔKL +0.0146 (0.0080) [KL th 0.096] | +0.42/-0.00(0.487) -0.16/+0.35(0.174) +0.02/-0.28(0.783)
saved olmomix_dclm
== 23:52:50 results/phase5/cond_olmomix_dclm.npz olmomix_dclm olmo2_1b,gemma2_2b,qwen25_3b,olmo2_7b C_harmonic,D_chord,E_modulation A_win40,B_any,D_doc --neutral --nperm-res=2000 --nperm-loo=2000
corpus=olmomix_dclm; source counts [2, 4, 20, 18, 32, 32, 68, 285, 120, 108, 204, 64, 28, 12, 8]; neutral=True rich=False targetprior=False templates=[0, 1, 2, 3] nperm_res=2000 nperm_loo=2000 nboot=0 docboot=None
model      family        extract       | resid r (p) | LOO Spearman: theory corpus both  ΔCV (p) ΔR² (p) ΔKL (p) [theory KL] | twins raw/line-controlled (p): Cb|B Gb|F# Db|C#
== 00:24:20 results/phase5/cond_olmomix_dclm.npz olmomix_dclm olmo2_1b,gemma2_2b,qwen25_3b,olmo2_7b C_harmonic,D_chord,E_modulation A_win40,B_any,D_doc --neutral --nperm-res=2000 --nperm-loo=2000
corpus=olmomix_dclm; source counts [2, 4, 20, 18, 32, 32, 68, 285, 120, 108, 204, 64, 28, 12, 8]; neutral=True rich=False targetprior=False templates=[0, 1, 2, 3] nperm_res=2000 nperm_loo=2000 nboot=0 docboot=None
model      family        extract       | resid r (p) | LOO Spearman: theory corpus both  ΔCV (p) ΔR² (p) ΔKL (p) [theory KL] | twins raw/line-controlled (p): Cb|B Gb|F# Db|C#
olmo2_1b   C_harmonic    A_win40       | +0.40 (0.0005) | +0.53 +0.37 +0.51  Δ -0.022 (0.9860) ΔR² +0.148 (0.0020) ΔKL +0.0176 (0.0095) [KL th 0.202] | 
olmo2_1b   C_harmonic    B_any         | +0.21 (0.0080) | +0.53 +0.14 +0.53  Δ -0.002 (0.4913) ΔR² +0.038 (0.0275) ΔKL -0.0001 (0.3368) [KL th 0.202] | 
olmo2_1b   C_harmonic    D_doc         | +0.34 (0.0020) | +0.53 +0.20 +0.51  Δ -0.028 (0.9940) ΔR² +0.096 (0.0025) ΔKL +0.0112 (0.0200) [KL th 0.202] | 
olmo2_1b   D_chord       A_win40       | +0.33 (0.1594) | +0.82 +0.36 +0.82  Δ -0.009 (0.8681) ΔR² +0.102 (0.1549) ΔKL +0.0544 (0.0750) [KL th 0.382] | 
olmo2_1b   D_chord       B_any         | +0.31 (0.1399) | +0.82 +0.12 +0.84  Δ +0.018 (0.1879) ΔR² +0.062 (0.2414) ΔKL -0.0125 (0.4278) [KL th 0.382] | 
olmo2_1b   D_chord       D_doc         | +0.33 (0.1374) | +0.82 +0.25 +0.82  Δ -0.009 (0.8716) ΔR² +0.092 (0.1634) ΔKL +0.0442 (0.0530) [KL th 0.382] | 
olmo2_1b   E_modulation  A_win40       | +0.45 (0.0005) | +0.66 +0.42 +0.63  Δ -0.022 (0.9820) ΔR² +0.223 (0.0005) ΔKL +0.0365 (0.0185) [KL th 0.211] | 
olmo2_1b   E_modulation  B_any         | +0.17 (0.0075) | +0.66 +0.10 +0.64  Δ -0.018 (0.9695) ΔR² +0.011 (0.4183) ΔKL -0.0020 (0.8171) [KL th 0.211] | 
olmo2_1b   E_modulation  D_doc         | +0.41 (0.0005) | +0.66 +0.28 +0.63  Δ -0.023 (0.9845) ΔR² +0.137 (0.0030) ΔKL +0.0287 (0.0360) [KL th 0.211] | 
gemma2_2b  C_harmonic    A_win40       | +0.38 (0.0045) | +0.73 +0.37 +0.73  Δ +0.003 (0.5312) ΔR² +0.145 (0.0050) ΔKL +0.0234 (0.0290) [KL th 0.208] | 
gemma2_2b  C_harmonic    B_any         | +0.23 (0.0460) | +0.73 +0.11 +0.73  Δ +0.004 (0.4788) ΔR² +0.031 (0.0905) ΔKL -0.0025 (0.6392) [KL th 0.208] | 
gemma2_2b  C_harmonic    D_doc         | +0.35 (0.0115) | +0.73 +0.23 +0.70  Δ -0.030 (0.9985) ΔR² +0.100 (0.0160) ΔKL +0.0177 (0.0405) [KL th 0.208] | 
gemma2_2b  D_chord       A_win40       | +0.36 (0.0400) | +0.82 +0.36 +0.82  Δ -0.002 (0.6347) ΔR² +0.146 (0.0170) ΔKL +0.0455 (0.0515) [KL th 0.294] | 
gemma2_2b  D_chord       B_any         | +0.27 (0.0500) | +0.82 +0.07 +0.82  Δ +0.002 (0.3633) ΔR² +0.059 (0.0650) ΔKL -0.0091 (0.6977) [KL th 0.294] | 
gemma2_2b  D_chord       D_doc         | +0.32 (0.0380) | +0.82 +0.24 +0.83  Δ +0.005 (0.3113) ΔR² +0.091 (0.0335) ΔKL +0.0409 (0.0415) [KL th 0.294] | 
gemma2_2b  E_modulation  A_win40       | +0.42 (0.0005) | +0.66 +0.32 +0.61  Δ -0.042 (1.0000) ΔR² +0.215 (0.0005) ΔKL +0.0290 (0.0010) [KL th 0.173] | 
gemma2_2b  E_modulation  B_any         | +0.11 (0.0100) | +0.66 +0.00 +0.66  Δ +0.001 (0.6827) ΔR² +0.003 (0.6317) ΔKL -0.0019 (0.8766) [KL th 0.173] | 
gemma2_2b  E_modulation  D_doc         | +0.39 (0.0005) | +0.66 +0.20 +0.64  Δ -0.013 (0.9830) ΔR² +0.142 (0.0005) ΔKL +0.0282 (0.0020) [KL th 0.173] | 
qwen25_3b  C_harmonic    A_win40       | +0.45 (0.0010) | +0.69 +0.40 +0.69  Δ +0.007 (0.3578) ΔR² +0.232 (0.0005) ΔKL +0.0342 (0.0060) [KL th 0.244] | 
qwen25_3b  C_harmonic    B_any         | +0.25 (0.0125) | +0.69 +0.15 +0.69  Δ +0.005 (0.3498) ΔR² +0.055 (0.0135) ΔKL +0.0005 (0.3543) [KL th 0.244] | 
qwen25_3b  C_harmonic    D_doc         | +0.38 (0.0025) | +0.69 +0.30 +0.69  Δ +0.007 (0.3453) ΔR² +0.148 (0.0020) ΔKL +0.0302 (0.0115) [KL th 0.244] | 
qwen25_3b  D_chord       A_win40       | +0.46 (0.0005) | +0.78 +0.43 +0.79  Δ +0.008 (0.1139) ΔR² +0.274 (0.0005) ΔKL +0.0391 (0.0005) [KL th 0.184] | 
qwen25_3b  D_chord       B_any         | +0.21 (0.0270) | +0.78 +0.11 +0.78  Δ +0.007 (0.0990) ΔR² +0.048 (0.0265) ΔKL +0.0022 (0.1799) [KL th 0.184] | 
qwen25_3b  D_chord       D_doc         | +0.33 (0.0045) | +0.78 +0.20 +0.77  Δ -0.012 (0.8861) ΔR² +0.100 (0.0075) ΔKL +0.0163 (0.0160) [KL th 0.184] | 
qwen25_3b  E_modulation  A_win40       | +0.39 (0.0010) | +0.76 +0.34 +0.74  Δ -0.022 (0.9685) ΔR² +0.201 (0.0005) ΔKL +0.0301 (0.0140) [KL th 0.186] | 
qwen25_3b  E_modulation  B_any         | +0.19 (0.0055) | +0.76 +0.00 +0.73  Δ -0.030 (0.9990) ΔR² +0.025 (0.1449) ΔKL -0.0022 (0.8351) [KL th 0.186] | 
qwen25_3b  E_modulation  D_doc         | +0.39 (0.0005) | +0.76 +0.23 +0.75  Δ -0.010 (0.7746) ΔR² +0.126 (0.0020) ΔKL +0.0277 (0.0190) [KL th 0.186] | 
olmo2_7b   C_harmonic    A_win40       | +0.52 (0.0005) | +0.53 +0.52 +0.63  Δ +0.099 (0.0005) ΔR² +0.305 (0.0005) ΔKL +0.0713 (0.0005) [KL th 0.275] | 
olmo2_7b   C_harmonic    B_any         | +0.39 (0.0010) | +0.53 +0.37 +0.57  Δ +0.043 (0.0020) ΔR² +0.155 (0.0005) ΔKL +0.0407 (0.0010) [KL th 0.275] | 
olmo2_7b   C_harmonic    D_doc         | +0.42 (0.0005) | +0.53 +0.36 +0.61  Δ +0.080 (0.0005) ΔR² +0.198 (0.0005) ΔKL +0.0495 (0.0005) [KL th 0.275] | 
olmo2_7b   D_chord       A_win40       | +0.51 (0.0010) | +0.56 +0.44 +0.62  Δ +0.059 (0.0215) ΔR² +0.293 (0.0010) ΔKL +0.1249 (0.0005) [KL th 0.418] | 
olmo2_7b   D_chord       B_any         | +0.41 (0.0005) | +0.56 +0.23 +0.56  Δ +0.004 (0.5027) ΔR² +0.155 (0.0010) ΔKL +0.0474 (0.0010) [KL th 0.418] | 
olmo2_7b   D_chord       D_doc         | +0.43 (0.0010) | +0.56 +0.26 +0.59  Δ +0.035 (0.1179) ΔR² +0.174 (0.0005) ΔKL +0.0705 (0.0010) [KL th 0.418] | 
olmo2_7b   E_modulation  A_win40       | +0.54 (0.0005) | +0.66 +0.48 +0.68  Δ +0.023 (0.0280) ΔR² +0.336 (0.0005) ΔKL +0.0471 (0.0005) [KL th 0.166] | 
olmo2_7b   E_modulation  B_any         | +0.25 (0.0025) | +0.66 +0.17 +0.65  Δ -0.007 (0.8296) ΔR² +0.053 (0.0210) ΔKL +0.0021 (0.2764) [KL th 0.166] | 
olmo2_7b   E_modulation  D_doc         | +0.48 (0.0005) | +0.66 +0.29 +0.67  Δ +0.008 (0.1519) ΔR² +0.191 (0.0005) ΔKL +0.0379 (0.0005) [KL th 0.166] | 
saved olmomix_dclm_neutral
== 00:26:02 results/phase5/cond_dolmino_dclm.npz dolmino_dclm olmo2_1b,gemma2_2b,qwen25_3b,olmo2_7b C_harmonic,D_chord,E_modulation A_win40,B_any,D_doc --nperm-res=2000 --nperm-loo=2000
corpus=dolmino_dclm; source counts [4, 23, 19, 33, 52, 66, 192, 686, 239, 190, 297, 130, 47, 21, 20]; neutral=False rich=False targetprior=False templates=[0, 1, 2, 3] nperm_res=2000 nperm_loo=2000 nboot=0 docboot=None
model      family        extract       | resid r (p) | LOO Spearman: theory corpus both  ΔCV (p) ΔR² (p) ΔKL (p) [theory KL] | twins raw/line-controlled (p): Cb|B Gb|F# Db|C#
olmo2_1b   C_harmonic    A_win40       | +0.24 (0.0200) | +0.85 +0.52 +0.86  Δ +0.011 (0.0895) ΔR² +0.047 (0.0500) ΔKL +0.0117 (0.0105) [KL th 0.116] | +0.55/-0.26(0.744) +0.03/-0.43(0.875) +0.21/+0.01(0.480)
olmo2_1b   C_harmonic    B_any         | +0.18 (0.0430) | +0.85 +0.42 +0.85  Δ +0.004 (0.2809) ΔR² +0.017 (0.1489) ΔKL +0.0016 (0.2194) [KL th 0.116] | +0.45/-0.15(0.631) -0.12/-0.30(0.785) -0.20/-0.52(0.928)
olmo2_1b   C_harmonic    D_doc         | +0.25 (0.0400) | +0.85 +0.54 +0.86  Δ +0.008 (0.2099) ΔR² +0.050 (0.0775) ΔKL +0.0049 (0.1154) [KL th 0.116] | +0.54/-0.38(0.857) +0.02/-0.25(0.748) +0.29/-0.17(0.646)
olmo2_1b   D_chord       A_win40       | +0.22 (0.0765) | +0.88 +0.46 +0.88  Δ +0.005 (0.2534) ΔR² +0.028 (0.2184) ΔKL +0.0031 (0.2194) [KL th 0.135] | +0.62/+0.04(0.469) +0.34/+0.41(0.148) +0.06/-0.00(0.487)
olmo2_1b   D_chord       B_any         | +0.17 (0.1079) | +0.88 +0.37 +0.87  Δ -0.003 (0.8811) ΔR² +0.018 (0.2519) ΔKL -0.0048 (0.7491) [KL th 0.135] | +0.60/+0.37(0.160) +0.16/+0.44(0.118) -0.22/-0.34(0.804)
olmo2_1b   D_chord       D_doc         | +0.39 (0.0065) | +0.88 +0.51 +0.90  Δ +0.021 (0.0325) ΔR² +0.138 (0.0125) ΔKL +0.0235 (0.0165) [KL th 0.135] | +0.69/+0.27(0.249) +0.20/+0.55(0.058) +0.14/-0.51(0.915)
olmo2_1b   E_modulation  A_win40       | +0.17 (0.0750) | +0.90 +0.51 +0.90  Δ -0.001 (0.5462) ΔR² +0.049 (0.0360) ΔKL +0.0003 (0.5392) [KL th 0.156] | +0.60/-0.03(0.525) +0.16/-0.12(0.611) +0.20/-0.06(0.555)
olmo2_1b   E_modulation  B_any         | +0.12 (0.1239) | +0.90 +0.41 +0.90  Δ -0.003 (0.7186) ΔR² +0.018 (0.1304) ΔKL -0.0048 (0.9570) [KL th 0.156] | +0.53/+0.04(0.469) -0.00/+0.01(0.494) -0.09/-0.19(0.692)
olmo2_1b   E_modulation  D_doc         | +0.28 (0.0240) | +0.90 +0.55 +0.89  Δ -0.009 (0.9615) ΔR² +0.078 (0.0175) ΔKL +0.0247 (0.0400) [KL th 0.156] | +0.62/-0.15(0.676) +0.07/-0.02(0.549) +0.27/+0.17(0.295)
gemma2_2b  C_harmonic    A_win40       | +0.23 (0.0215) | +0.87 +0.53 +0.88  Δ +0.012 (0.0465) ΔR² +0.079 (0.0090) ΔKL +0.0193 (0.0265) [KL th 0.180] | +0.62/+0.20(0.304) +0.40/+0.63(0.041) -0.13/-0.60(0.963)
gemma2_2b  C_harmonic    B_any         | +0.17 (0.0565) | +0.87 +0.46 +0.89  Δ +0.014 (0.0180) ΔR² +0.050 (0.0325) ΔKL +0.0038 (0.2359) [KL th 0.180] | +0.49/-0.07(0.571) +0.21/+0.78(0.007) -0.31/-0.13(0.634)
gemma2_2b  C_harmonic    D_doc         | +0.27 (0.0220) | +0.87 +0.52 +0.89  Δ +0.013 (0.0760) ΔR² +0.079 (0.0280) ΔKL +0.0176 (0.0710) [KL th 0.180] | +0.56/-0.03(0.522) +0.11/+0.35(0.179) +0.12/-0.23(0.706)
gemma2_2b  D_chord       A_win40       | +0.06 (0.3338) | +0.93 +0.48 +0.94  Δ +0.003 (0.2909) ΔR² -0.001 (0.6222) ΔKL +0.0010 (0.4333) [KL th 0.142] | +0.50/-0.65(0.966) +0.31/+0.31(0.220) -0.05/-0.14(0.635)
gemma2_2b  D_chord       B_any         | -0.01 (0.5117) | +0.93 +0.41 +0.94  Δ +0.002 (0.3193) ΔR² -0.004 (0.6847) ΔKL -0.0009 (0.5897) [KL th 0.142] | +0.43/-0.54(0.936) +0.17/+0.49(0.097) -0.28/-0.05(0.562)
gemma2_2b  D_chord       D_doc         | +0.36 (0.0065) | +0.93 +0.51 +0.94  Δ +0.007 (0.0825) ΔR² +0.113 (0.0145) ΔKL +0.0343 (0.0165) [KL th 0.142] | +0.50/-0.72(0.982) +0.05/+0.05(0.450) +0.16/-0.63(0.967)
gemma2_2b  E_modulation  A_win40       | +0.13 (0.1724) | +0.90 +0.56 +0.90  Δ +0.003 (0.3378) ΔR² +0.025 (0.1774) ΔKL +0.0044 (0.2529) [KL th 0.151] | +0.62/+0.12(0.394) +0.22/-0.15(0.646) -0.16/-0.13(0.640)
gemma2_2b  E_modulation  B_any         | +0.04 (0.3878) | +0.90 +0.49 +0.90  Δ +0.001 (0.4863) ΔR² +0.005 (0.3988) ΔKL -0.0013 (0.6867) [KL th 0.151] | +0.52/-0.01(0.490) +0.00/-0.06(0.574) -0.35/+0.09(0.420)
gemma2_2b  E_modulation  D_doc         | +0.30 (0.0240) | +0.90 +0.61 +0.91  Δ +0.010 (0.0470) ΔR² +0.096 (0.0250) ΔKL +0.0287 (0.0170) [KL th 0.151] | +0.60/-0.06(0.565) -0.02/-0.11(0.609) +0.05/+0.40(0.147)
qwen25_3b  C_harmonic    A_win40       | +0.31 (0.0090) | +0.84 +0.52 +0.84  Δ -0.004 (0.7796) ΔR² +0.121 (0.0045) ΔKL +0.0142 (0.0425) [KL th 0.153] | +0.50/-0.57(0.946) +0.10/-0.17(0.656) +0.37/-0.12(0.636)
qwen25_3b  C_harmonic    B_any         | +0.19 (0.0625) | +0.84 +0.40 +0.83  Δ -0.006 (0.8816) ΔR² +0.036 (0.0895) ΔKL -0.0008 (0.5962) [KL th 0.153] | +0.43/-0.35(0.814) -0.03/-0.05(0.544) +0.08/-0.10(0.612)
qwen25_3b  C_harmonic    D_doc         | +0.38 (0.0015) | +0.84 +0.58 +0.84  Δ +0.004 (0.3118) ΔR² +0.138 (0.0035) ΔKL +0.0168 (0.0460) [KL th 0.153] | +0.56/-0.47(0.901) +0.15/-0.00(0.501) +0.45/+0.10(0.397)
qwen25_3b  D_chord       A_win40       | +0.19 (0.0525) | +0.90 +0.51 +0.91  Δ +0.010 (0.0200) ΔR² +0.040 (0.0430) ΔKL -0.0032 (0.8776) [KL th 0.094] | +0.61/-0.13(0.638) +0.26/+0.18(0.338) +0.07/+0.58(0.052)
qwen25_3b  D_chord       B_any         | +0.14 (0.0905) | +0.90 +0.41 +0.91  Δ +0.006 (0.0680) ΔR² +0.027 (0.0620) ΔKL -0.0059 (0.9690) [KL th 0.094] | +0.52/-0.01(0.511) +0.07/+0.16(0.354) -0.23/+0.25(0.260)
qwen25_3b  D_chord       D_doc         | +0.22 (0.0375) | +0.90 +0.50 +0.91  Δ +0.004 (0.2589) ΔR² +0.035 (0.0860) ΔKL -0.0023 (0.7521) [KL th 0.094] | +0.62/-0.05(0.542) +0.01/-0.08(0.563) +0.11/-0.17(0.674)
qwen25_3b  E_modulation  A_win40       | +0.16 (0.1339) | +0.91 +0.53 +0.91  Δ -0.004 (0.8336) ΔR² +0.013 (0.2754) ΔKL +0.0022 (0.3503) [KL th 0.126] | +0.58/-0.16(0.645) +0.29/+0.46(0.116) +0.07/-0.42(0.858)
qwen25_3b  E_modulation  B_any         | +0.08 (0.2394) | +0.91 +0.44 +0.90  Δ -0.007 (0.9610) ΔR² +0.003 (0.4253) ΔKL -0.0016 (0.7481) [KL th 0.126] | +0.53/-0.02(0.508) +0.16/+0.59(0.049) -0.16/-0.05(0.540)
qwen25_3b  E_modulation  D_doc         | +0.27 (0.0290) | +0.91 +0.56 +0.91  Δ -0.004 (0.8376) ΔR² +0.059 (0.0690) ΔKL +0.0198 (0.0365) [KL th 0.126] | +0.59/-0.19(0.697) +0.12/+0.29(0.227) +0.22/-0.73(0.993)
olmo2_7b   C_harmonic    A_win40       | +0.19 (0.0450) | +0.78 +0.50 +0.78  Δ -0.000 (0.6307) ΔR² +0.050 (0.0240) ΔKL +0.0106 (0.0690) [KL th 0.239] | +0.50/-0.45(0.880) +0.27/+0.22(0.266) -0.15/-0.43(0.875)
olmo2_7b   C_harmonic    B_any         | +0.16 (0.0590) | +0.78 +0.44 +0.77  Δ -0.005 (0.8981) ΔR² +0.034 (0.0460) ΔKL +0.0108 (0.0450) [KL th 0.239] | +0.44/-0.27(0.780) +0.10/+0.24(0.254) -0.27/+0.05(0.446)
olmo2_7b   C_harmonic    D_doc         | +0.19 (0.0555) | +0.78 +0.49 +0.77  Δ -0.008 (0.9455) ΔR² +0.039 (0.0675) ΔKL +0.0097 (0.1069) [KL th 0.239] | +0.51/-0.48(0.897) +0.06/+0.21(0.287) +0.02/-0.71(0.983)
olmo2_7b   D_chord       A_win40       | +0.27 (0.0040) | +0.85 +0.51 +0.85  Δ -0.001 (0.7726) ΔR² +0.074 (0.0010) ΔKL +0.0303 (0.0010) [KL th 0.180] | +0.61/+0.02(0.483) +0.31/+0.48(0.093) -0.08/+0.04(0.445)
olmo2_7b   D_chord       B_any         | +0.19 (0.0220) | +0.85 +0.41 +0.84  Δ -0.007 (0.9765) ΔR² +0.041 (0.0140) ΔKL +0.0131 (0.0190) [KL th 0.180] | +0.54/+0.11(0.406) +0.10/+0.42(0.154) -0.18/+0.65(0.029)
olmo2_7b   D_chord       D_doc         | +0.18 (0.0390) | +0.85 +0.47 +0.85  Δ +0.003 (0.4788) ΔR² +0.032 (0.0505) ΔKL +0.0157 (0.0150) [KL th 0.180] | +0.66/+0.26(0.263) +0.11/+0.68(0.017) +0.10/-0.06(0.566)
olmo2_7b   E_modulation  A_win40       | +0.21 (0.0435) | +0.90 +0.51 +0.90  Δ +0.008 (0.1119) ΔR² +0.083 (0.0075) ΔKL +0.0006 (0.3518) [KL th 0.080] | +0.54/-0.25(0.731) +0.19/-0.13(0.618) -0.10/-0.66(0.968)
olmo2_7b   E_modulation  B_any         | +0.11 (0.1599) | +0.90 +0.41 +0.90  Δ +0.002 (0.4118) ΔR² +0.025 (0.0845) ΔKL -0.0029 (0.9320) [KL th 0.080] | +0.49/-0.13(0.633) -0.01/-0.13(0.627) -0.31/-0.18(0.695)
olmo2_7b   E_modulation  D_doc         | +0.29 (0.0140) | +0.90 +0.54 +0.90  Δ +0.001 (0.5267) ΔR² +0.111 (0.0040) ΔKL +0.0095 (0.0295) [KL th 0.080] | +0.57/-0.34(0.811) +0.04/-0.22(0.722) +0.12/-0.34(0.816)
saved dolmino_dclm
== 00:27:51 results/phase5/cond_dolmino_dclm.npz dolmino_dclm olmo2_1b,gemma2_2b,qwen25_3b,olmo2_7b C_harmonic,D_chord,E_modulation A_win40,B_any,D_doc --neutral --nperm-res=2000 --nperm-loo=2000
corpus=dolmino_dclm; source counts [4, 23, 19, 33, 52, 66, 192, 686, 239, 190, 297, 130, 47, 21, 20]; neutral=True rich=False targetprior=False templates=[0, 1, 2, 3] nperm_res=2000 nperm_loo=2000 nboot=0 docboot=None
model      family        extract       | resid r (p) | LOO Spearman: theory corpus both  ΔCV (p) ΔR² (p) ΔKL (p) [theory KL] | twins raw/line-controlled (p): Cb|B Gb|F# Db|C#
olmo2_1b   C_harmonic    A_win40       | +0.45 (0.0005) | +0.55 +0.49 +0.62  Δ +0.073 (0.0120) ΔR² +0.197 (0.0005) ΔKL +0.0470 (0.0005) [KL th 0.191] | 
olmo2_1b   C_harmonic    B_any         | +0.32 (0.0035) | +0.55 +0.34 +0.56  Δ +0.010 (0.4658) ΔR² +0.115 (0.0010) ΔKL +0.0214 (0.0005) [KL th 0.191] | 
olmo2_1b   C_harmonic    D_doc         | +0.28 (0.0015) | +0.55 +0.34 +0.60  Δ +0.046 (0.0745) ΔR² +0.055 (0.0075) ΔKL +0.0170 (0.0020) [KL th 0.191] | 
olmo2_1b   D_chord       A_win40       | +0.29 (0.1794) | +0.82 +0.41 +0.84  Δ +0.025 (0.3408) ΔR² +0.095 (0.1259) ΔKL -0.0070 (0.4858) [KL th 0.352] | 
olmo2_1b   D_chord       B_any         | +0.26 (0.2514) | +0.82 +0.28 +0.84  Δ +0.024 (0.3433) ΔR² +0.071 (0.1849) ΔKL -0.0303 (0.7246) [KL th 0.352] | 
olmo2_1b   D_chord       D_doc         | +0.37 (0.1059) | +0.82 +0.33 +0.82  Δ +0.008 (0.6137) ΔR² +0.109 (0.1629) ΔKL +0.0785 (0.0285) [KL th 0.352] | 
olmo2_1b   E_modulation  A_win40       | +0.34 (0.0005) | +0.62 +0.44 +0.63  Δ +0.012 (0.3683) ΔR² +0.119 (0.0070) ΔKL +0.0106 (0.1964) [KL th 0.221] | 
olmo2_1b   E_modulation  B_any         | +0.19 (0.0080) | +0.62 +0.25 +0.60  Δ -0.015 (0.9845) ΔR² +0.033 (0.1794) ΔKL -0.0021 (0.7756) [KL th 0.221] | 
olmo2_1b   E_modulation  D_doc         | +0.26 (0.0020) | +0.62 +0.31 +0.60  Δ -0.019 (0.9940) ΔR² +0.059 (0.1029) ΔKL +0.0211 (0.1169) [KL th 0.221] | 
gemma2_2b  C_harmonic    A_win40       | +0.45 (0.0010) | +0.76 +0.53 +0.77  Δ +0.016 (0.0270) ΔR² +0.247 (0.0005) ΔKL +0.0483 (0.0005) [KL th 0.184] | 
gemma2_2b  C_harmonic    B_any         | +0.37 (0.0025) | +0.76 +0.39 +0.74  Δ -0.019 (0.9700) ΔR² +0.158 (0.0005) ΔKL +0.0211 (0.0030) [KL th 0.184] | 
gemma2_2b  C_harmonic    D_doc         | +0.33 (0.0135) | +0.76 +0.39 +0.75  Δ -0.007 (0.6292) ΔR² +0.096 (0.0120) ΔKL +0.0227 (0.0030) [KL th 0.184] | 
gemma2_2b  D_chord       A_win40       | +0.28 (0.0470) | +0.83 +0.43 +0.87  Δ +0.036 (0.1229) ΔR² +0.115 (0.0160) ΔKL +0.0108 (0.2014) [KL th 0.254] | 
gemma2_2b  D_chord       B_any         | +0.26 (0.0540) | +0.83 +0.29 +0.86  Δ +0.032 (0.2059) ΔR² +0.088 (0.0270) ΔKL -0.0103 (0.7276) [KL th 0.254] | 
gemma2_2b  D_chord       D_doc         | +0.29 (0.0640) | +0.83 +0.32 +0.86  Δ +0.030 (0.2739) ΔR² +0.061 (0.0855) ΔKL +0.0376 (0.0520) [KL th 0.254] | 
gemma2_2b  E_modulation  A_win40       | +0.38 (0.0005) | +0.66 +0.51 +0.67  Δ +0.011 (0.2194) ΔR² +0.146 (0.0010) ΔKL +0.0240 (0.0040) [KL th 0.170] | 
gemma2_2b  E_modulation  B_any         | +0.25 (0.0005) | +0.66 +0.35 +0.65  Δ -0.010 (0.9585) ΔR² +0.066 (0.0485) ΔKL +0.0053 (0.2604) [KL th 0.170] | 
gemma2_2b  E_modulation  D_doc         | +0.32 (0.0010) | +0.66 +0.41 +0.68  Δ +0.020 (0.1219) ΔR² +0.083 (0.0190) ΔKL +0.0244 (0.0035) [KL th 0.170] | 
qwen25_3b  C_harmonic    A_win40       | +0.43 (0.0005) | +0.69 +0.53 +0.72  Δ +0.030 (0.1029) ΔR² +0.229 (0.0005) ΔKL +0.0386 (0.0005) [KL th 0.216] | 
qwen25_3b  C_harmonic    B_any         | +0.30 (0.0040) | +0.69 +0.35 +0.71  Δ +0.012 (0.4753) ΔR² +0.117 (0.0020) ΔKL +0.0097 (0.0535) [KL th 0.216] | 
qwen25_3b  C_harmonic    D_doc         | +0.33 (0.0040) | +0.69 +0.41 +0.73  Δ +0.035 (0.0495) ΔR² +0.118 (0.0030) ΔKL +0.0368 (0.0020) [KL th 0.216] | 
qwen25_3b  D_chord       A_win40       | +0.34 (0.0025) | +0.78 +0.46 +0.77  Δ -0.016 (0.9885) ΔR² +0.152 (0.0010) ΔKL +0.0056 (0.1254) [KL th 0.189] | 
qwen25_3b  D_chord       B_any         | +0.28 (0.0120) | +0.78 +0.29 +0.77  Δ -0.015 (0.9830) ΔR² +0.112 (0.0020) ΔKL -0.0055 (0.7631) [KL th 0.189] | 
qwen25_3b  D_chord       D_doc         | +0.23 (0.0360) | +0.78 +0.26 +0.76  Δ -0.026 (0.9975) ΔR² +0.060 (0.0330) ΔKL +0.0058 (0.1429) [KL th 0.189] | 
qwen25_3b  E_modulation  A_win40       | +0.35 (0.0015) | +0.74 +0.47 +0.76  Δ +0.019 (0.2119) ΔR² +0.144 (0.0015) ΔKL +0.0138 (0.0940) [KL th 0.184] | 
qwen25_3b  E_modulation  B_any         | +0.22 (0.0070) | +0.74 +0.28 +0.74  Δ +0.007 (0.5722) ΔR² +0.053 (0.0360) ΔKL +0.0015 (0.3993) [KL th 0.184] | 
qwen25_3b  E_modulation  D_doc         | +0.25 (0.0055) | +0.74 +0.30 +0.73  Δ -0.004 (0.9190) ΔR² +0.041 (0.0830) ΔKL +0.0183 (0.0640) [KL th 0.184] | 
olmo2_7b   C_harmonic    A_win40       | +0.35 (0.0025) | +0.53 +0.50 +0.61  Δ +0.075 (0.0005) ΔR² +0.145 (0.0005) ΔKL +0.0426 (0.0005) [KL th 0.262] | 
olmo2_7b   C_harmonic    B_any         | +0.36 (0.0020) | +0.53 +0.44 +0.63  Δ +0.094 (0.0005) ΔR² +0.150 (0.0005) ΔKL +0.0441 (0.0005) [KL th 0.262] | 
olmo2_7b   C_harmonic    D_doc         | +0.25 (0.0195) | +0.53 +0.41 +0.55  Δ +0.015 (0.2649) ΔR² +0.045 (0.0265) ΔKL +0.0241 (0.0045) [KL th 0.262] | 
olmo2_7b   D_chord       A_win40       | +0.41 (0.0005) | +0.64 +0.55 +0.70  Δ +0.062 (0.0015) ΔR² +0.197 (0.0005) ΔKL +0.0943 (0.0005) [KL th 0.401] | 
olmo2_7b   D_chord       B_any         | +0.37 (0.0025) | +0.64 +0.42 +0.65  Δ +0.006 (0.1849) ΔR² +0.161 (0.0005) ΔKL +0.0377 (0.0040) [KL th 0.401] | 
olmo2_7b   D_chord       D_doc         | +0.30 (0.0225) | +0.64 +0.37 +0.66  Δ +0.016 (0.0960) ΔR² +0.058 (0.0460) ΔKL +0.0770 (0.0005) [KL th 0.401] | 
olmo2_7b   E_modulation  A_win40       | +0.37 (0.0015) | +0.66 +0.46 +0.66  Δ -0.001 (0.7776) ΔR² +0.149 (0.0005) ΔKL +0.0145 (0.0225) [KL th 0.166] | 
olmo2_7b   E_modulation  B_any         | +0.26 (0.0045) | +0.66 +0.27 +0.64  Δ -0.021 (0.9980) ΔR² +0.067 (0.0095) ΔKL +0.0024 (0.2524) [KL th 0.166] | 
olmo2_7b   E_modulation  D_doc         | +0.25 (0.0055) | +0.66 +0.30 +0.66  Δ +0.001 (0.7011) ΔR² +0.048 (0.0280) ΔKL +0.0138 (0.0305) [KL th 0.166] | 
saved dolmino_dclm_neutral
== 00:29:24 results/phase5/cond_olmomix_dclm_big.npz olmomix_dclm_big olmo2_1b,gemma2_2b,qwen25_3b,olmo2_7b C_harmonic,D_chord,E_modulation A_win40,B_any,D_doc --nperm-res=2000 --nperm-loo=2000
corpus=olmomix_dclm_big; source counts [5, 42, 110, 118, 313, 247, 449, 1801, 775, 743, 1601, 428, 200, 114, 52]; neutral=False rich=False targetprior=False templates=[0, 1, 2, 3] nperm_res=2000 nperm_loo=2000 nboot=0 docboot=None
model      family        extract       | resid r (p) | LOO Spearman: theory corpus both  ΔCV (p) ΔR² (p) ΔKL (p) [theory KL] | twins raw/line-controlled (p): Cb|B Gb|F# Db|C#
olmo2_1b   C_harmonic    A_win40       | +0.23 (0.0530) | +0.84 +0.57 +0.83  Δ -0.007 (0.9475) ΔR² +0.033 (0.2314) ΔKL +0.0004 (0.6047) [KL th 0.146] | +0.52/-0.38(0.828) +0.63/-0.68(0.982) +0.29/-0.07(0.544)
olmo2_1b   C_harmonic    B_any         | +0.19 (0.0445) | +0.84 +0.44 +0.84  Δ -0.003 (0.7581) ΔR² +0.033 (0.1074) ΔKL +0.0030 (0.2664) [KL th 0.146] | -0.35/+0.03(0.476) +0.44/+0.14(0.389) +0.40/+0.19(0.296)
olmo2_1b   C_harmonic    D_doc         | +0.36 (0.0125) | +0.84 +0.48 +0.84  Δ -0.006 (0.9065) ΔR² +0.088 (0.0800) ΔKL +0.0082 (0.2019) [KL th 0.146] | +0.22/+0.58(0.052) +0.38/-0.14(0.632) -0.11/+0.48(0.092)
olmo2_1b   D_chord       A_win40       | +0.10 (0.3213) | +0.88 +0.62 +0.88  Δ -0.002 (0.9235) ΔR² -0.005 (0.9490) ΔKL -0.0004 (0.5307) [KL th 0.171] | +0.60/+0.31(0.203) +0.75/+0.01(0.507) +0.44/+0.47(0.109)
olmo2_1b   D_chord       B_any         | +0.08 (0.3268) | +0.88 +0.43 +0.88  Δ -0.006 (0.9960) ΔR² -0.009 (0.9615) ΔKL -0.0012 (0.5632) [KL th 0.171] | -0.32/+0.13(0.355) +0.35/+0.26(0.267) +0.45/+0.43(0.116)
olmo2_1b   D_chord       D_doc         | +0.07 (0.3873) | +0.88 +0.60 +0.88  Δ -0.003 (0.9615) ΔR² +0.008 (0.6127) ΔKL +0.0047 (0.3613) [KL th 0.171] | +0.19/+0.41(0.125) +0.34/-0.07(0.575) +0.04/+0.50(0.084)
olmo2_1b   E_modulation  A_win40       | +0.31 (0.0215) | +0.90 +0.64 +0.88  Δ -0.014 (0.9905) ΔR² +0.075 (0.0490) ΔKL +0.0062 (0.3078) [KL th 0.145] | +0.63/-0.07(0.554) +0.73/-0.24(0.732) +0.47/+0.30(0.196)
olmo2_1b   E_modulation  B_any         | +0.21 (0.0415) | +0.90 +0.48 +0.89  Δ -0.006 (0.9125) ΔR² +0.025 (0.1344) ΔKL +0.0005 (0.5042) [KL th 0.145] | -0.36/-0.11(0.606) +0.28/-0.67(0.984) +0.54/+0.27(0.244)
olmo2_1b   E_modulation  D_doc         | +0.41 (0.0065) | +0.90 +0.54 +0.87  Δ -0.024 (0.9980) ΔR² +0.116 (0.0195) ΔKL +0.0215 (0.0890) [KL th 0.145] | +0.14/+0.41(0.151) +0.29/+0.32(0.202) -0.13/+0.43(0.133)
gemma2_2b  C_harmonic    A_win40       | +0.16 (0.1274) | +0.87 +0.61 +0.86  Δ -0.011 (0.9950) ΔR² +0.008 (0.4598) ΔKL -0.0016 (0.7966) [KL th 0.213] | +0.65/+0.30(0.217) +0.74/+0.27(0.241) +0.17/+0.02(0.506)
gemma2_2b  C_harmonic    B_any         | +0.13 (0.1254) | +0.87 +0.44 +0.86  Δ -0.010 (0.9925) ΔR² +0.010 (0.2939) ΔKL -0.0020 (0.7866) [KL th 0.213] | -0.09/+0.66(0.025) +0.28/+0.15(0.351) +0.23/-0.56(0.946)
gemma2_2b  C_harmonic    D_doc         | +0.30 (0.0285) | +0.87 +0.54 +0.85  Δ -0.019 (1.0000) ΔR² +0.039 (0.2219) ΔKL +0.0069 (0.3653) [KL th 0.213] | +0.10/+0.57(0.046) +0.51/+0.39(0.143) -0.07/+0.61(0.042)
gemma2_2b  D_chord       A_win40       | +0.05 (0.3848) | +0.93 +0.63 +0.93  Δ +0.001 (0.6017) ΔR² -0.014 (0.9870) ΔKL +0.0013 (0.5537) [KL th 0.132] | +0.59/-0.41(0.866) +0.75/+0.09(0.429) +0.12/-0.10(0.585)
gemma2_2b  D_chord       B_any         | +0.07 (0.3053) | +0.93 +0.46 +0.93  Δ +0.001 (0.5552) ΔR² -0.014 (0.9715) ΔKL -0.0019 (0.8776) [KL th 0.132] | -0.30/-0.05(0.564) +0.25/-0.21(0.718) +0.16/-0.39(0.860)
gemma2_2b  D_chord       D_doc         | +0.26 (0.0565) | +0.93 +0.60 +0.93  Δ +0.002 (0.5067) ΔR² +0.028 (0.2814) ΔKL +0.0190 (0.1109) [KL th 0.132] | +0.01/+0.09(0.394) +0.36/+0.47(0.083) -0.03/+0.63(0.037)
gemma2_2b  E_modulation  A_win40       | +0.21 (0.0855) | +0.90 +0.62 +0.90  Δ -0.003 (0.5767) ΔR² +0.027 (0.2704) ΔKL +0.0022 (0.5172) [KL th 0.147] | +0.65/+0.12(0.392) +0.69/-0.01(0.491) +0.21/-0.14(0.647)
gemma2_2b  E_modulation  B_any         | +0.18 (0.0625) | +0.90 +0.46 +0.90  Δ -0.001 (0.3663) ΔR² +0.026 (0.1629) ΔKL -0.0031 (0.9605) [KL th 0.147] | -0.27/+0.12(0.395) +0.13/-0.61(0.976) +0.33/-0.30(0.782)
gemma2_2b  E_modulation  D_doc         | +0.41 (0.0035) | +0.90 +0.53 +0.89  Δ -0.013 (0.9810) ΔR² +0.128 (0.0315) ΔKL +0.0298 (0.0610) [KL th 0.147] | +0.12/+0.48(0.087) +0.32/+0.30(0.218) -0.12/-0.08(0.580)
qwen25_3b  C_harmonic    A_win40       | +0.28 (0.0485) | +0.83 +0.64 +0.83  Δ -0.006 (0.9915) ΔR² +0.085 (0.0525) ΔKL +0.0016 (0.5392) [KL th 0.188] | +0.55/-0.45(0.889) +0.75/-0.41(0.859) +0.36/+0.03(0.455)
qwen25_3b  C_harmonic    B_any         | +0.21 (0.0415) | +0.83 +0.48 +0.83  Δ -0.007 (0.9920) ΔR² +0.044 (0.0740) ΔKL +0.0046 (0.2964) [KL th 0.188] | -0.44/-0.26(0.768) +0.40/-0.60(0.961) +0.37/-0.16(0.666)
qwen25_3b  C_harmonic    D_doc         | +0.36 (0.0110) | +0.83 +0.54 +0.83  Δ -0.008 (0.9895) ΔR² +0.125 (0.0390) ΔKL +0.0144 (0.2109) [KL th 0.188] | +0.15/+0.30(0.209) +0.36/+0.41(0.142) -0.18/+0.55(0.066)
qwen25_3b  D_chord       A_win40       | +0.28 (0.0200) | +0.92 +0.66 +0.92  Δ +0.001 (0.4093) ΔR² +0.076 (0.0220) ΔKL +0.0054 (0.1209) [KL th 0.094] | +0.60/+0.12(0.379) +0.67/-0.49(0.913) +0.21/+0.27(0.244)
qwen25_3b  D_chord       B_any         | +0.20 (0.0310) | +0.92 +0.49 +0.92  Δ +0.005 (0.0675) ΔR² +0.053 (0.0160) ΔKL +0.0035 (0.1134) [KL th 0.094] | -0.31/+0.17(0.334) +0.26/+0.13(0.354) +0.36/+0.26(0.257)
qwen25_3b  D_chord       D_doc         | +0.31 (0.0085) | +0.92 +0.57 +0.92  Δ +0.007 (0.0425) ΔR² +0.068 (0.0345) ΔKL +0.0081 (0.0790) [KL th 0.094] | +0.10/+0.55(0.068) +0.21/-0.14(0.633) -0.14/+0.30(0.210)
qwen25_3b  E_modulation  A_win40       | +0.23 (0.0895) | +0.91 +0.66 +0.91  Δ +0.001 (0.7721) ΔR² +0.042 (0.1599) ΔKL +0.0047 (0.3753) [KL th 0.128] | +0.65/+0.05(0.433) +0.74/-0.07(0.579) +0.24/+0.10(0.428)
qwen25_3b  E_modulation  B_any         | +0.17 (0.0805) | +0.91 +0.48 +0.91  Δ +0.004 (0.3578) ΔR² +0.014 (0.2554) ΔKL +0.0005 (0.5572) [KL th 0.128] | -0.27/+0.05(0.472) +0.29/-0.30(0.783) +0.26/-0.32(0.810)
qwen25_3b  E_modulation  D_doc         | +0.38 (0.0125) | +0.91 +0.55 +0.89  Δ -0.016 (1.0000) ΔR² +0.087 (0.0765) ΔKL +0.0206 (0.1014) [KL th 0.128] | +0.03/+0.22(0.278) +0.28/+0.47(0.095) -0.14/+0.31(0.215)
olmo2_7b   C_harmonic    A_win40       | +0.28 (0.0170) | +0.76 +0.56 +0.76  Δ -0.004 (0.8681) ΔR² +0.063 (0.0415) ΔKL +0.0038 (0.3198) [KL th 0.254] | +0.52/-0.56(0.936) +0.63/-0.14(0.655) +0.10/+0.02(0.492)
olmo2_7b   C_harmonic    B_any         | +0.28 (0.0045) | +0.76 +0.46 +0.75  Δ -0.014 (0.9850) ΔR² +0.052 (0.0285) ΔKL -0.0040 (0.8916) [KL th 0.254] | -0.45/-0.53(0.930) +0.17/-0.20(0.703) +0.13/-0.44(0.897)
olmo2_7b   C_harmonic    D_doc         | +0.35 (0.0055) | +0.76 +0.44 +0.75  Δ -0.017 (0.9935) ΔR² +0.111 (0.0175) ΔKL +0.0127 (0.1469) [KL th 0.254] | -0.08/-0.28(0.784) +0.25/+0.53(0.048) -0.12/+0.16(0.337)
olmo2_7b   D_chord       A_win40       | +0.35 (0.0020) | +0.85 +0.59 +0.84  Δ -0.012 (0.8846) ΔR² +0.093 (0.0020) ΔKL +0.0096 (0.1304) [KL th 0.201] | +0.66/+0.48(0.107) +0.73/+0.50(0.079) +0.09/-0.23(0.730)
olmo2_7b   D_chord       B_any         | +0.28 (0.0025) | +0.85 +0.45 +0.84  Δ -0.007 (0.7356) ΔR² +0.060 (0.0045) ΔKL +0.0021 (0.2584) [KL th 0.201] | -0.29/+0.03(0.465) +0.20/-0.02(0.571) +0.18/-0.55(0.924)
olmo2_7b   D_chord       D_doc         | +0.32 (0.0035) | +0.85 +0.44 +0.82  Δ -0.031 (0.9960) ΔR² +0.092 (0.0045) ΔKL +0.0102 (0.1144) [KL th 0.201] | +0.00/+0.03(0.455) +0.23/+0.04(0.503) -0.26/-0.43(0.878)
olmo2_7b   E_modulation  A_win40       | +0.33 (0.0080) | +0.88 +0.68 +0.87  Δ -0.001 (0.8696) ΔR² +0.151 (0.0010) ΔKL +0.0054 (0.1694) [KL th 0.087] | +0.59/-0.47(0.910) +0.75/-0.18(0.665) +0.19/+0.43(0.113)
olmo2_7b   E_modulation  B_any         | +0.20 (0.0350) | +0.88 +0.51 +0.88  Δ +0.002 (0.5052) ΔR² +0.054 (0.0200) ΔKL +0.0009 (0.3843) [KL th 0.087] | -0.42/-0.42(0.882) +0.30/-0.30(0.803) +0.28/-0.16(0.680)
olmo2_7b   E_modulation  D_doc         | +0.52 (0.0005) | +0.88 +0.53 +0.86  Δ -0.013 (1.0000) ΔR² +0.235 (0.0015) ΔKL +0.0178 (0.0275) [KL th 0.087] | +0.12/+0.32(0.192) +0.31/+0.35(0.185) -0.12/+0.59(0.038)
saved olmomix_dclm_big
== 00:30:58 results/phase5/cond_olmomix_dclm_big.npz olmomix_dclm_big olmo2_1b,gemma2_2b,qwen25_3b,olmo2_7b C_harmonic,D_chord,E_modulation A_win40,B_any,D_doc --neutral --nperm-res=2000 --nperm-loo=2000
corpus=olmomix_dclm_big; source counts [5, 42, 110, 118, 313, 247, 449, 1801, 775, 743, 1601, 428, 200, 114, 52]; neutral=True rich=False targetprior=False templates=[0, 1, 2, 3] nperm_res=2000 nperm_loo=2000 nboot=0 docboot=None
model      family        extract       | resid r (p) | LOO Spearman: theory corpus both  ΔCV (p) ΔR² (p) ΔKL (p) [theory KL] | twins raw/line-controlled (p): Cb|B Gb|F# Db|C#
olmo2_1b   C_harmonic    A_win40       | +0.34 (0.0025) | +0.48 +0.36 +0.51  Δ +0.032 (0.3073) ΔR² +0.077 (0.0220) ΔKL +0.0087 (0.1209) [KL th 0.216] | 
olmo2_1b   C_harmonic    B_any         | +0.25 (0.0090) | +0.48 +0.22 +0.50  Δ +0.025 (0.3208) ΔR² +0.028 (0.0985) ΔKL +0.0036 (0.1924) [KL th 0.216] | 
olmo2_1b   C_harmonic    D_doc         | +0.35 (0.0030) | +0.48 +0.21 +0.46  Δ -0.013 (0.9425) ΔR² +0.068 (0.0310) ΔKL +0.0102 (0.1149) [KL th 0.216] | 
olmo2_1b   D_chord       A_win40       | +0.29 (0.1999) | +0.77 +0.45 +0.78  Δ +0.010 (0.5582) ΔR² +0.047 (0.3313) ΔKL +0.0214 (0.2539) [KL th 0.416] | 
olmo2_1b   D_chord       B_any         | +0.28 (0.1884) | +0.77 +0.25 +0.78  Δ +0.009 (0.5917) ΔR² +0.029 (0.3913) ΔKL -0.0021 (0.3378) [KL th 0.416] | 
olmo2_1b   D_chord       D_doc         | +0.39 (0.1314) | +0.77 +0.41 +0.78  Δ +0.005 (0.6337) ΔR² +0.084 (0.2569) ΔKL +0.0174 (0.2899) [KL th 0.416] | 
olmo2_1b   E_modulation  A_win40       | +0.42 (0.0005) | +0.66 +0.51 +0.66  Δ +0.006 (0.3698) ΔR² +0.182 (0.0010) ΔKL +0.0211 (0.1064) [KL th 0.210] | 
olmo2_1b   E_modulation  B_any         | +0.23 (0.0020) | +0.66 +0.28 +0.65  Δ -0.002 (0.6227) ΔR² +0.020 (0.2869) ΔKL -0.0027 (0.8336) [KL th 0.210] | 
olmo2_1b   E_modulation  D_doc         | +0.33 (0.0045) | +0.66 +0.29 +0.62  Δ -0.032 (0.9970) ΔR² +0.074 (0.0820) ΔKL +0.0136 (0.2284) [KL th 0.210] | 
gemma2_2b  C_harmonic    A_win40       | +0.32 (0.0315) | +0.70 +0.44 +0.69  Δ -0.010 (0.8016) ΔR² +0.082 (0.0595) ΔKL +0.0042 (0.4063) [KL th 0.227] | 
gemma2_2b  C_harmonic    B_any         | +0.26 (0.0350) | +0.70 +0.21 +0.68  Δ -0.019 (0.9490) ΔR² +0.043 (0.0950) ΔKL -0.0001 (0.4743) [KL th 0.227] | 
gemma2_2b  C_harmonic    D_doc         | +0.35 (0.0240) | +0.70 +0.30 +0.65  Δ -0.052 (1.0000) ΔR² +0.060 (0.1309) ΔKL -0.0022 (0.6927) [KL th 0.227] | 
gemma2_2b  D_chord       A_win40       | +0.30 (0.0840) | +0.79 +0.45 +0.79  Δ -0.008 (0.8201) ΔR² +0.052 (0.1699) ΔKL +0.0100 (0.3558) [KL th 0.323] | 
gemma2_2b  D_chord       B_any         | +0.26 (0.0790) | +0.79 +0.24 +0.80  Δ +0.002 (0.5312) ΔR² +0.021 (0.2479) ΔKL -0.0114 (0.8031) [KL th 0.323] | 
gemma2_2b  D_chord       D_doc         | +0.35 (0.0565) | +0.79 +0.39 +0.76  Δ -0.033 (1.0000) ΔR² +0.071 (0.1534) ΔKL +0.0166 (0.2864) [KL th 0.323] | 
gemma2_2b  E_modulation  A_win40       | +0.33 (0.0010) | +0.65 +0.43 +0.67  Δ +0.018 (0.2369) ΔR² +0.128 (0.0010) ΔKL +0.0097 (0.1549) [KL th 0.175] | 
gemma2_2b  E_modulation  B_any         | +0.18 (0.0035) | +0.65 +0.21 +0.66  Δ +0.002 (0.6037) ΔR² +0.004 (0.5652) ΔKL -0.0037 (0.9345) [KL th 0.175] | 
gemma2_2b  E_modulation  D_doc         | +0.30 (0.0010) | +0.65 +0.24 +0.63  Δ -0.020 (0.9930) ΔR² +0.077 (0.0705) ΔKL +0.0140 (0.0970) [KL th 0.175] | 
qwen25_3b  C_harmonic    A_win40       | +0.32 (0.0195) | +0.65 +0.46 +0.70  Δ +0.050 (0.0485) ΔR² +0.105 (0.0205) ΔKL +0.0117 (0.2274) [KL th 0.258] | 
qwen25_3b  C_harmonic    B_any         | +0.24 (0.0350) | +0.65 +0.25 +0.70  Δ +0.045 (0.0275) ΔR² +0.047 (0.0485) ΔKL +0.0072 (0.1999) [KL th 0.258] | 
qwen25_3b  C_harmonic    D_doc         | +0.36 (0.0135) | +0.65 +0.29 +0.65  Δ -0.007 (0.8391) ΔR² +0.088 (0.0440) ΔKL +0.0140 (0.1989) [KL th 0.258] | 
qwen25_3b  D_chord       A_win40       | +0.38 (0.0055) | +0.76 +0.54 +0.81  Δ +0.042 (0.0185) ΔR² +0.173 (0.0020) ΔKL +0.0228 (0.0110) [KL th 0.188] | 
qwen25_3b  D_chord       B_any         | +0.27 (0.0125) | +0.76 +0.30 +0.81  Δ +0.046 (0.0030) ΔR² +0.066 (0.0185) ΔKL +0.0062 (0.0945) [KL th 0.188] | 
qwen25_3b  D_chord       D_doc         | +0.42 (0.0015) | +0.76 +0.36 +0.77  Δ +0.002 (0.8011) ΔR² +0.148 (0.0035) ΔKL +0.0082 (0.1509) [KL th 0.188] | 
qwen25_3b  E_modulation  A_win40       | +0.37 (0.0005) | +0.75 +0.48 +0.77  Δ +0.028 (0.0265) ΔR² +0.152 (0.0015) ΔKL +0.0171 (0.0935) [KL th 0.193] | 
qwen25_3b  E_modulation  B_any         | +0.22 (0.0075) | +0.75 +0.23 +0.76  Δ +0.009 (0.1454) ΔR² +0.026 (0.1729) ΔKL -0.0005 (0.5827) [KL th 0.193] | 
qwen25_3b  E_modulation  D_doc         | +0.31 (0.0035) | +0.75 +0.26 +0.72  Δ -0.025 (0.9915) ΔR² +0.067 (0.0570) ΔKL +0.0114 (0.2244) [KL th 0.193] | 
olmo2_7b   C_harmonic    A_win40       | +0.31 (0.0160) | +0.53 +0.36 +0.59  Δ +0.058 (0.0025) ΔR² +0.098 (0.0080) ΔKL +0.0231 (0.0305) [KL th 0.283] | 
olmo2_7b   C_harmonic    B_any         | +0.25 (0.0220) | +0.53 +0.23 +0.53  Δ +0.000 (0.3108) ΔR² +0.019 (0.1129) ΔKL +0.0019 (0.2719) [KL th 0.283] | 
olmo2_7b   C_harmonic    D_doc         | +0.29 (0.0320) | +0.53 +0.19 +0.56  Δ +0.030 (0.0540) ΔR² +0.069 (0.0425) ΔKL +0.0233 (0.0470) [KL th 0.283] | 
olmo2_7b   D_chord       A_win40       | +0.44 (0.0015) | +0.57 +0.49 +0.62  Δ +0.045 (0.0485) ΔR² +0.187 (0.0015) ΔKL +0.0648 (0.0085) [KL th 0.429] | 
olmo2_7b   D_chord       B_any         | +0.34 (0.0060) | +0.57 +0.28 +0.60  Δ +0.024 (0.1379) ΔR² +0.079 (0.0180) ΔKL +0.0195 (0.0650) [KL th 0.429] | 
olmo2_7b   D_chord       D_doc         | +0.45 (0.0015) | +0.57 +0.27 +0.55  Δ -0.020 (0.9965) ΔR² +0.141 (0.0060) ΔKL +0.0698 (0.0035) [KL th 0.429] | 
olmo2_7b   E_modulation  A_win40       | +0.40 (0.0025) | +0.65 +0.55 +0.69  Δ +0.045 (0.0055) ΔR² +0.190 (0.0005) ΔKL +0.0235 (0.0050) [KL th 0.173] | 
olmo2_7b   E_modulation  B_any         | +0.21 (0.0135) | +0.65 +0.30 +0.65  Δ +0.005 (0.2074) ΔR² +0.022 (0.1474) ΔKL +0.0018 (0.3293) [KL th 0.173] | 
olmo2_7b   E_modulation  D_doc         | +0.38 (0.0005) | +0.65 +0.31 +0.64  Δ -0.005 (0.5452) ΔR² +0.107 (0.0075) ΔKL +0.0171 (0.0230) [KL th 0.173] | 
saved olmomix_dclm_big_neutral
== 00:32:28 results/phase5/cond_wikipedia_thin_olmomix_wiki.npz wikipedia_thin_olmomix_wiki olmo2_1b,gemma2_2b,qwen25_3b,olmo2_7b C_harmonic,D_chord,E_modulation A_win40,B_any,D_doc --nperm-res=2000 --nperm-loo=2000
corpus=wikipedia_thin_olmomix_wiki; source counts [16, 69, 159, 309, 1125, 1026, 1665, 2558, 1919, 2404, 1724, 1206, 657, 100, 50]; neutral=False rich=False targetprior=False templates=[0, 1, 2, 3] nperm_res=2000 nperm_loo=2000 nboot=0 docboot=None
model      family        extract       | resid r (p) | LOO Spearman: theory corpus both  ΔCV (p) ΔR² (p) ΔKL (p) [theory KL] | twins raw/line-controlled (p): Cb|B Gb|F# Db|C#
olmo2_1b   C_harmonic    A_win40       | +0.11 (0.2809) | +0.87 +0.62 +0.86  Δ -0.006 (0.8686) ΔR² +0.002 (0.6227) ΔKL -0.0009 (0.7106) [KL th 0.143] | +0.92/+0.72(0.016) +0.36/-0.38(0.838) -0.09/+0.15(0.362)
olmo2_1b   C_harmonic    B_any         | +0.15 (0.1744) | +0.87 +0.55 +0.86  Δ -0.002 (0.6907) ΔR² +0.010 (0.4253) ΔKL +0.0035 (0.3168) [KL th 0.143] | +0.37/-0.46(0.883) +0.68/+0.29(0.227) +0.28/+0.39(0.163)
olmo2_1b   C_harmonic    D_doc         | +0.16 (0.2129) | +0.87 +0.69 +0.85  Δ -0.014 (0.9745) ΔR² +0.032 (0.2914) ΔKL -0.0021 (0.7936) [KL th 0.143] | +0.74/+0.50(0.081) +0.66/+0.49(0.103) +0.19/+0.14(0.362)
olmo2_1b   D_chord       A_win40       | +0.09 (0.3568) | +0.86 +0.56 +0.86  Δ +0.005 (0.4183) ΔR² +0.001 (0.7341) ΔKL +0.0028 (0.3663) [KL th 0.183] | +0.89/+0.74(0.010) +0.55/-0.04(0.515) -0.14/-0.01(0.506)
olmo2_1b   D_chord       B_any         | +0.16 (0.1944) | +0.86 +0.47 +0.86  Δ -0.000 (0.6577) ΔR² +0.007 (0.5772) ΔKL +0.0132 (0.1329) [KL th 0.183] | +0.38/-0.31(0.787) +0.57/-0.25(0.750) +0.25/+0.28(0.217)
olmo2_1b   D_chord       D_doc         | -0.04 (0.5862) | +0.86 +0.63 +0.85  Δ -0.003 (0.8071) ΔR² -0.004 (0.9540) ΔKL -0.0019 (0.5742) [KL th 0.183] | +0.69/+0.52(0.073) +0.49/-0.08(0.597) +0.40/+0.38(0.158)
olmo2_1b   E_modulation  A_win40       | +0.27 (0.0295) | +0.91 +0.67 +0.91  Δ -0.001 (0.6252) ΔR² +0.064 (0.0345) ΔKL +0.0020 (0.0855) [KL th 0.061] | +0.90/+0.64(0.038) +0.59/+0.36(0.174) -0.04/+0.40(0.131)
olmo2_1b   E_modulation  B_any         | +0.20 (0.0520) | +0.91 +0.58 +0.91  Δ +0.005 (0.1000) ΔR² +0.049 (0.0320) ΔKL +0.0048 (0.0110) [KL th 0.061] | +0.50/-0.37(0.837) +0.67/+0.44(0.114) +0.39/+0.58(0.058)
olmo2_1b   E_modulation  D_doc         | +0.20 (0.1304) | +0.91 +0.74 +0.91  Δ -0.001 (0.6702) ΔR² +0.054 (0.0955) ΔKL +0.0015 (0.1384) [KL th 0.061] | +0.72/+0.75(0.015) +0.59/+0.48(0.095) +0.29/+0.31(0.211)
gemma2_2b  C_harmonic    A_win40       | -0.06 (0.6407) | +0.89 +0.58 +0.89  Δ +0.004 (0.3698) ΔR² -0.012 (0.9840) ΔKL +0.0008 (0.4443) [KL th 0.119] | +0.76/+0.47(0.091) +0.66/+0.66(0.030) -0.16/+0.65(0.026)
gemma2_2b  C_harmonic    B_any         | -0.00 (0.4688) | +0.89 +0.49 +0.89  Δ +0.000 (0.7691) ΔR² -0.009 (0.9375) ΔKL -0.0001 (0.5022) [KL th 0.119] | +0.30/-0.28(0.769) +0.56/-0.48(0.902) +0.12/+0.61(0.049)
gemma2_2b  C_harmonic    D_doc         | +0.00 (0.4833) | +0.89 +0.64 +0.89  Δ -0.001 (0.8701) ΔR² -0.025 (0.9990) ΔKL -0.0046 (0.8721) [KL th 0.119] | +0.53/+0.15(0.354) +0.43/-0.12(0.615) +0.24/+0.26(0.258)
gemma2_2b  D_chord       A_win40       | -0.12 (0.7981) | +0.95 +0.58 +0.96  Δ +0.001 (0.3323) ΔR² +0.005 (0.5297) ΔKL -0.0003 (0.3798) [KL th 0.050] | +0.82/+0.32(0.200) +0.69/+0.62(0.054) -0.17/+0.47(0.099)
gemma2_2b  D_chord       B_any         | -0.11 (0.7966) | +0.95 +0.47 +0.96  Δ +0.002 (0.1244) ΔR² +0.016 (0.3043) ΔKL +0.0009 (0.1824) [KL th 0.050] | +0.35/-0.82(0.990) +0.58/-0.18(0.665) +0.04/+0.35(0.170)
gemma2_2b  D_chord       D_doc         | -0.00 (0.5537) | +0.95 +0.66 +0.95  Δ -0.001 (0.5657) ΔR² -0.021 (1.0000) ΔKL -0.0004 (0.4303) [KL th 0.050] | +0.63/+0.46(0.094) +0.52/+0.18(0.328) +0.24/+0.27(0.225)
gemma2_2b  E_modulation  A_win40       | +0.08 (0.3218) | +0.93 +0.66 +0.93  Δ -0.002 (0.9495) ΔR² -0.012 (0.9895) ΔKL +0.0007 (0.3118) [KL th 0.072] | +0.81/+0.31(0.200) +0.62/+0.33(0.198) -0.27/+0.42(0.139)
gemma2_2b  E_modulation  B_any         | +0.07 (0.3248) | +0.93 +0.57 +0.93  Δ +0.001 (0.5802) ΔR² -0.007 (0.9015) ΔKL +0.0002 (0.3568) [KL th 0.072] | +0.49/-0.02(0.540) +0.70/+0.35(0.174) +0.10/+0.66(0.037)
gemma2_2b  E_modulation  D_doc         | +0.24 (0.0950) | +0.93 +0.73 +0.93  Δ +0.001 (0.6322) ΔR² +0.045 (0.1849) ΔKL +0.0082 (0.0140) [KL th 0.072] | +0.62/+0.53(0.064) +0.47/+0.19(0.324) +0.30/+0.18(0.316)
qwen25_3b  C_harmonic    A_win40       | +0.24 (0.0855) | +0.85 +0.63 +0.84  Δ -0.005 (0.9880) ΔR² +0.069 (0.0900) ΔKL +0.0044 (0.3768) [KL th 0.148] | +0.94/+0.62(0.037) +0.52/+0.21(0.300) +0.11/+0.56(0.055)
qwen25_3b  C_harmonic    B_any         | +0.26 (0.0435) | +0.85 +0.57 +0.86  Δ +0.011 (0.2304) ΔR² +0.049 (0.1049) ΔKL +0.0077 (0.1969) [KL th 0.148] | +0.50/-0.44(0.877) +0.66/+0.53(0.067) +0.41/+0.58(0.047)
qwen25_3b  C_harmonic    D_doc         | +0.14 (0.2289) | +0.85 +0.69 +0.85  Δ +0.004 (0.5917) ΔR² +0.043 (0.2459) ΔKL -0.0009 (0.6872) [KL th 0.148] | +0.76/+0.52(0.073) +0.67/+0.52(0.076) +0.09/+0.01(0.500)
qwen25_3b  D_chord       A_win40       | +0.22 (0.1034) | +0.90 +0.63 +0.89  Δ -0.002 (0.7186) ΔR² +0.030 (0.2349) ΔKL +0.0036 (0.3253) [KL th 0.129] | +0.82/+0.80(0.003) +0.64/+0.34(0.188) -0.20/+0.43(0.120)
qwen25_3b  D_chord       B_any         | +0.22 (0.0620) | +0.90 +0.51 +0.89  Δ -0.002 (0.6892) ΔR² +0.037 (0.1239) ΔKL +0.0077 (0.1544) [KL th 0.129] | +0.50/-0.33(0.822) +0.66/+0.39(0.154) +0.10/+0.39(0.155)
qwen25_3b  D_chord       D_doc         | -0.01 (0.5272) | +0.90 +0.65 +0.89  Δ -0.006 (0.8776) ΔR² -0.018 (0.9990) ΔKL -0.0039 (0.8021) [KL th 0.129] | +0.58/+0.66(0.040) +0.55/+0.64(0.030) +0.22/+0.20(0.295)
qwen25_3b  E_modulation  A_win40       | +0.18 (0.1359) | +0.93 +0.66 +0.93  Δ -0.006 (0.9145) ΔR² -0.011 (0.9925) ΔKL -0.0025 (0.8161) [KL th 0.052] | +0.82/+0.55(0.047) +0.69/+0.77(0.013) -0.14/+0.21(0.298)
qwen25_3b  E_modulation  B_any         | +0.16 (0.1384) | +0.93 +0.55 +0.94  Δ +0.003 (0.2154) ΔR² -0.001 (0.6082) ΔKL +0.0009 (0.2434) [KL th 0.052] | +0.39/-0.66(0.943) +0.60/+0.20(0.313) +0.16/+0.34(0.184)
qwen25_3b  E_modulation  D_doc         | +0.13 (0.2469) | +0.93 +0.72 +0.93  Δ -0.004 (0.8461) ΔR² +0.026 (0.2884) ΔKL -0.0002 (0.5262) [KL th 0.052] | +0.61/+0.51(0.056) +0.55/+0.28(0.235) +0.28/+0.76(0.007)
olmo2_7b   C_harmonic    A_win40       | +0.21 (0.0630) | +0.78 +0.55 +0.77  Δ -0.011 (0.9505) ΔR² +0.016 (0.2779) ΔKL -0.0045 (0.8786) [KL th 0.234] | +0.81/+0.08(0.427) +0.63/+0.26(0.242) -0.29/-0.06(0.559)
olmo2_7b   C_harmonic    B_any         | +0.19 (0.0660) | +0.78 +0.45 +0.77  Δ -0.009 (0.9365) ΔR² +0.010 (0.3018) ΔKL -0.0059 (0.9410) [KL th 0.234] | +0.39/-0.48(0.905) +0.59/+0.10(0.419) -0.06/-0.12(0.632)
olmo2_7b   C_harmonic    D_doc         | +0.28 (0.0280) | +0.78 +0.65 +0.80  Δ +0.015 (0.0985) ΔR² +0.063 (0.0645) ΔKL -0.0103 (0.9615) [KL th 0.234] | +0.62/+0.17(0.355) +0.47/+0.19(0.328) +0.22/+0.25(0.255)
olmo2_7b   D_chord       A_win40       | +0.28 (0.0185) | +0.86 +0.57 +0.85  Δ -0.007 (0.9010) ΔR² +0.044 (0.0755) ΔKL +0.0057 (0.2369) [KL th 0.198] | +0.79/+0.40(0.149) +0.59/-0.02(0.488) -0.29/+0.07(0.435)
olmo2_7b   D_chord       B_any         | +0.29 (0.0080) | +0.86 +0.49 +0.86  Δ +0.002 (0.3828) ΔR² +0.061 (0.0200) ΔKL +0.0087 (0.1369) [KL th 0.198] | +0.44/-0.14(0.656) +0.58/-0.44(0.865) -0.04/-0.09(0.615)
olmo2_7b   D_chord       D_doc         | +0.15 (0.1449) | +0.86 +0.60 +0.85  Δ -0.007 (0.8901) ΔR² +0.018 (0.2439) ΔKL -0.0111 (0.9000) [KL th 0.198] | +0.55/+0.25(0.265) +0.39/-0.48(0.889) +0.21/+0.09(0.411)
olmo2_7b   E_modulation  A_win40       | +0.38 (0.0005) | +0.90 +0.68 +0.89  Δ -0.003 (0.8236) ΔR² +0.148 (0.0005) ΔKL +0.0030 (0.0535) [KL th 0.052] | +0.92/+0.63(0.034) +0.58/+0.18(0.341) -0.24/+0.47(0.095)
olmo2_7b   E_modulation  B_any         | +0.26 (0.0110) | +0.90 +0.57 +0.90  Δ +0.007 (0.0875) ΔR² +0.076 (0.0050) ΔKL +0.0018 (0.0795) [KL th 0.052] | +0.48/-0.26(0.742) +0.66/+0.26(0.263) +0.06/+0.46(0.118)
olmo2_7b   E_modulation  D_doc         | +0.39 (0.0020) | +0.90 +0.74 +0.89  Δ -0.008 (0.9515) ΔR² +0.179 (0.0010) ΔKL -0.0006 (0.5762) [KL th 0.052] | +0.79/+0.78(0.008) +0.55/+0.28(0.232) +0.25/+0.58(0.050)
saved wikipedia_thin_olmomix_wiki
== 00:33:58 results/phase5/cond_wikipedia_thin_olmomix_wiki.npz wikipedia_thin_olmomix_wiki olmo2_1b,gemma2_2b,qwen25_3b,olmo2_7b C_harmonic,D_chord,E_modulation A_win40,B_any,D_doc --neutral --nperm-res=2000 --nperm-loo=2000
corpus=wikipedia_thin_olmomix_wiki; source counts [16, 69, 159, 309, 1125, 1026, 1665, 2558, 1919, 2404, 1724, 1206, 657, 100, 50]; neutral=True rich=False targetprior=False templates=[0, 1, 2, 3] nperm_res=2000 nperm_loo=2000 nboot=0 docboot=None
model      family        extract       | resid r (p) | LOO Spearman: theory corpus both  ΔCV (p) ΔR² (p) ΔKL (p) [theory KL] | twins raw/line-controlled (p): Cb|B Gb|F# Db|C#
olmo2_1b   C_harmonic    A_win40       | +0.32 (0.0095) | +0.59 +0.44 +0.57  Δ -0.020 (0.8351) ΔR² +0.094 (0.0160) ΔKL +0.0154 (0.0625) [KL th 0.220] | 
olmo2_1b   C_harmonic    B_any         | +0.25 (0.0370) | +0.59 +0.43 +0.57  Δ -0.012 (0.6337) ΔR² +0.066 (0.0270) ΔKL +0.0162 (0.0355) [KL th 0.220] | 
olmo2_1b   C_harmonic    D_doc         | +0.37 (0.0055) | +0.59 +0.42 +0.58  Δ -0.001 (0.3148) ΔR² +0.126 (0.0110) ΔKL +0.0148 (0.1154) [KL th 0.220] | 
olmo2_1b   D_chord       A_win40       | +0.13 (0.4793) | +0.74 +0.41 +0.74  Δ -0.001 (0.8021) ΔR² -0.004 (0.9210) ΔKL -0.0002 (0.2659) [KL th 0.212] | 
olmo2_1b   D_chord       B_any         | +0.14 (0.4708) | +0.74 +0.34 +0.75  Δ +0.009 (0.4453) ΔR² +0.000 (0.7111) ΔKL +0.0089 (0.0805) [KL th 0.212] | 
olmo2_1b   D_chord       D_doc         | +0.16 (0.4773) | +0.74 +0.37 +0.75  Δ +0.001 (0.7186) ΔR² +0.011 (0.6422) ΔKL +0.0115 (0.1334) [KL th 0.212] | 
olmo2_1b   E_modulation  A_win40       | +0.45 (0.0005) | +0.73 +0.56 +0.70  Δ -0.024 (0.9995) ΔR² +0.248 (0.0005) ΔKL +0.0261 (0.0005) [KL th 0.135] | 
olmo2_1b   E_modulation  B_any         | +0.32 (0.0050) | +0.73 +0.51 +0.74  Δ +0.013 (0.2209) ΔR² +0.147 (0.0010) ΔKL +0.0193 (0.0005) [KL th 0.135] | 
olmo2_1b   E_modulation  D_doc         | +0.49 (0.0010) | +0.73 +0.51 +0.73  Δ +0.001 (0.6917) ΔR² +0.255 (0.0005) ΔKL +0.0220 (0.0005) [KL th 0.135] | 
gemma2_2b  C_harmonic    A_win40       | +0.16 (0.3108) | +0.72 +0.41 +0.73  Δ +0.005 (0.5512) ΔR² +0.024 (0.3248) ΔKL +0.0017 (0.4578) [KL th 0.189] | 
gemma2_2b  C_harmonic    B_any         | +0.17 (0.2644) | +0.72 +0.38 +0.70  Δ -0.024 (0.9905) ΔR² +0.036 (0.1919) ΔKL +0.0049 (0.2654) [KL th 0.189] | 
gemma2_2b  C_harmonic    D_doc         | +0.16 (0.3243) | +0.72 +0.38 +0.70  Δ -0.027 (0.9915) ΔR² +0.036 (0.2874) ΔKL -0.0025 (0.7676) [KL th 0.189] | 
gemma2_2b  D_chord       A_win40       | +0.16 (0.3238) | +0.79 +0.39 +0.79  Δ -0.005 (0.7181) ΔR² +0.006 (0.5772) ΔKL -0.0014 (0.5252) [KL th 0.196] | 
gemma2_2b  D_chord       B_any         | +0.14 (0.3573) | +0.79 +0.30 +0.79  Δ -0.005 (0.7431) ΔR² +0.006 (0.5077) ΔKL +0.0044 (0.2559) [KL th 0.196] | 
gemma2_2b  D_chord       D_doc         | +0.21 (0.2459) | +0.79 +0.37 +0.79  Δ -0.001 (0.5352) ΔR² +0.040 (0.3298) ΔKL +0.0060 (0.3138) [KL th 0.196] | 
gemma2_2b  E_modulation  A_win40       | +0.45 (0.0005) | +0.75 +0.53 +0.74  Δ -0.009 (0.8761) ΔR² +0.272 (0.0005) ΔKL +0.0236 (0.0005) [KL th 0.128] | 
gemma2_2b  E_modulation  B_any         | +0.30 (0.0030) | +0.75 +0.47 +0.75  Δ +0.001 (0.3278) ΔR² +0.162 (0.0005) ΔKL +0.0187 (0.0010) [KL th 0.128] | 
gemma2_2b  E_modulation  D_doc         | +0.49 (0.0005) | +0.75 +0.47 +0.73  Δ -0.016 (0.9515) ΔR² +0.269 (0.0005) ΔKL +0.0205 (0.0005) [KL th 0.128] | 
qwen25_3b  C_harmonic    A_win40       | +0.30 (0.0565) | +0.74 +0.48 +0.69  Δ -0.050 (0.9995) ΔR² +0.111 (0.0250) ΔKL +0.0168 (0.0850) [KL th 0.209] | 
qwen25_3b  C_harmonic    B_any         | +0.24 (0.1189) | +0.74 +0.48 +0.73  Δ -0.010 (0.9035) ΔR² +0.070 (0.0530) ΔKL +0.0168 (0.0650) [KL th 0.209] | 
qwen25_3b  C_harmonic    D_doc         | +0.31 (0.0700) | +0.74 +0.45 +0.70  Δ -0.036 (0.9965) ΔR² +0.133 (0.0240) ΔKL +0.0141 (0.1529) [KL th 0.209] | 
qwen25_3b  D_chord       A_win40       | +0.29 (0.0525) | +0.74 +0.49 +0.75  Δ +0.013 (0.2724) ΔR² +0.107 (0.0330) ΔKL +0.0110 (0.0775) [KL th 0.174] | 
qwen25_3b  D_chord       B_any         | +0.21 (0.1369) | +0.74 +0.36 +0.74  Δ -0.002 (0.7556) ΔR² +0.087 (0.0355) ΔKL +0.0077 (0.0800) [KL th 0.174] | 
qwen25_3b  D_chord       D_doc         | +0.25 (0.1359) | +0.74 +0.36 +0.74  Δ -0.002 (0.7786) ΔR² +0.077 (0.0845) ΔKL +0.0066 (0.1564) [KL th 0.174] | 
qwen25_3b  E_modulation  A_win40       | +0.36 (0.0100) | +0.84 +0.51 +0.82  Δ -0.021 (0.9695) ΔR² +0.157 (0.0045) ΔKL +0.0110 (0.0030) [KL th 0.115] | 
qwen25_3b  E_modulation  B_any         | +0.24 (0.0380) | +0.84 +0.43 +0.84  Δ +0.005 (0.1074) ΔR² +0.084 (0.0125) ΔKL +0.0108 (0.0025) [KL th 0.115] | 
qwen25_3b  E_modulation  D_doc         | +0.40 (0.0085) | +0.84 +0.44 +0.83  Δ -0.003 (0.3978) ΔR² +0.182 (0.0040) ΔKL +0.0162 (0.0010) [KL th 0.115] | 
olmo2_7b   C_harmonic    A_win40       | +0.32 (0.0220) | +0.56 +0.37 +0.61  Δ +0.052 (0.0025) ΔR² +0.132 (0.0055) ΔKL +0.0325 (0.0105) [KL th 0.281] | 
olmo2_7b   C_harmonic    B_any         | +0.22 (0.0755) | +0.56 +0.31 +0.56  Δ +0.004 (0.2019) ΔR² +0.047 (0.0625) ΔKL +0.0171 (0.0625) [KL th 0.281] | 
olmo2_7b   C_harmonic    D_doc         | +0.34 (0.0190) | +0.56 +0.43 +0.60  Δ +0.043 (0.0075) ΔR² +0.101 (0.0240) ΔKL +0.0209 (0.0665) [KL th 0.281] | 
olmo2_7b   D_chord       A_win40       | +0.37 (0.0155) | +0.65 +0.41 +0.66  Δ +0.005 (0.2699) ΔR² +0.111 (0.0340) ΔKL +0.0477 (0.0015) [KL th 0.348] | 
olmo2_7b   D_chord       B_any         | +0.27 (0.0885) | +0.65 +0.37 +0.62  Δ -0.029 (0.9625) ΔR² +0.061 (0.0930) ΔKL +0.0417 (0.0035) [KL th 0.348] | 
olmo2_7b   D_chord       D_doc         | +0.32 (0.0565) | +0.65 +0.38 +0.64  Δ -0.018 (0.8611) ΔR² +0.084 (0.0895) ΔKL +0.0150 (0.1044) [KL th 0.348] | 
olmo2_7b   E_modulation  A_win40       | +0.48 (0.0010) | +0.74 +0.56 +0.73  Δ -0.006 (0.7611) ΔR² +0.285 (0.0005) ΔKL +0.0255 (0.0005) [KL th 0.129] | 
olmo2_7b   E_modulation  B_any         | +0.29 (0.0190) | +0.74 +0.48 +0.75  Δ +0.012 (0.0520) ΔR² +0.138 (0.0020) ΔKL +0.0131 (0.0010) [KL th 0.129] | 
olmo2_7b   E_modulation  D_doc         | +0.52 (0.0005) | +0.74 +0.51 +0.75  Δ +0.005 (0.1729) ΔR² +0.285 (0.0005) ΔKL +0.0229 (0.0005) [KL th 0.129] | 
saved wikipedia_thin_olmomix_wiki_neutral
== 00:35:31 results/phase5/cond_wikipedia_thin_olmomix_dclm.npz wikipedia_thin_olmomix_dclm olmo2_1b,gemma2_2b,qwen25_3b,olmo2_7b C_harmonic,D_chord,E_modulation A_win40,B_any,D_doc --nperm-res=2000 --nperm-loo=2000
corpus=wikipedia_thin_olmomix_dclm; source counts [1, 3, 6, 12, 88, 83, 128, 170, 124, 140, 109, 75, 37, 6, 5]; neutral=False rich=False targetprior=False templates=[0, 1, 2, 3] nperm_res=2000 nperm_loo=2000 nboot=0 docboot=None
model      family        extract       | resid r (p) | LOO Spearman: theory corpus both  ΔCV (p) ΔR² (p) ΔKL (p) [theory KL] | twins raw/line-controlled (p): Cb|B Gb|F# Db|C#
/home/moloch/Documents/Research/pitch_fourier/phase5/fingerprint.py:72: ConstantInputWarning: An input array is constant; the correlation coefficient is not defined.
  pred = ridge_fit_predict(X[tr], qv[tr], X[te]); res[name].append(spearmanr(pred, y).correlation)
/home/moloch/Documents/Research/pitch_fourier/phase5/fingerprint.py:72: ConstantInputWarning: An input array is constant; the correlation coefficient is not defined.
  pred = ridge_fit_predict(X[tr], qv[tr], X[te]); res[name].append(spearmanr(pred, y).correlation)
/home/moloch/Documents/Research/pitch_fourier/phase5/fingerprint.py:72: ConstantInputWarning: An input array is constant; the correlation coefficient is not defined.
  pred = ridge_fit_predict(X[tr], qv[tr], X[te]); res[name].append(spearmanr(pred, y).correlation)
/home/moloch/Documents/Research/pitch_fourier/phase5/fingerprint.py:72: ConstantInputWarning: An input array is constant; the correlation coefficient is not defined.
  pred = ridge_fit_predict(X[tr], qv[tr], X[te]); res[name].append(spearmanr(pred, y).correlation)
/home/moloch/Documents/Research/pitch_fourier/phase5/fingerprint.py:72: ConstantInputWarning: An input array is constant; the correlation coefficient is not defined.
  pred = ridge_fit_predict(X[tr], qv[tr], X[te]); res[name].append(spearmanr(pred, y).correlation)
/home/moloch/Documents/Research/pitch_fourier/phase5/fingerprint.py:72: ConstantInputWarning: An input array is constant; the correlation coefficient is not defined.
  pred = ridge_fit_predict(X[tr], qv[tr], X[te]); res[name].append(spearmanr(pred, y).correlation)
/home/moloch/Documents/Research/pitch_fourier/phase5/fingerprint.py:72: ConstantInputWarning: An input array is constant; the correlation coefficient is not defined.
  pred = ridge_fit_predict(X[tr], qv[tr], X[te]); res[name].append(spearmanr(pred, y).correlation)
/home/moloch/Documents/Research/pitch_fourier/phase5/fingerprint.py:72: ConstantInputWarning: An input array is constant; the correlation coefficient is not defined.
  pred = ridge_fit_predict(X[tr], qv[tr], X[te]); res[name].append(spearmanr(pred, y).correlation)
/home/moloch/Documents/Research/pitch_fourier/phase5/fingerprint.py:72: ConstantInputWarning: An input array is constant; the correlation coefficient is not defined.
  pred = ridge_fit_predict(X[tr], qv[tr], X[te]); res[name].append(spearmanr(pred, y).correlation)
/home/moloch/Documents/Research/pitch_fourier/phase5/fingerprint.py:72: ConstantInputWarning: An input array is constant; the correlation coefficient is not defined.
  pred = ridge_fit_predict(X[tr], qv[tr], X[te]); res[name].append(spearmanr(pred, y).correlation)
/home/moloch/Documents/Research/pitch_fourier/phase5/fingerprint.py:72: ConstantInputWarning: An input array is constant; the correlation coefficient is not defined.
  pred = ridge_fit_predict(X[tr], qv[tr], X[te]); res[name].append(spearmanr(pred, y).correlation)
/home/moloch/Documents/Research/pitch_fourier/phase5/fingerprint.py:72: ConstantInputWarning: An input array is constant; the correlation coefficient is not defined.
  pred = ridge_fit_predict(X[tr], qv[tr], X[te]); res[name].append(spearmanr(pred, y).correlation)
/home/moloch/Documents/Research/pitch_fourier/phase5/fingerprint.py:72: ConstantInputWarning: An input array is constant; the correlation coefficient is not defined.
  pred = ridge_fit_predict(X[tr], qv[tr], X[te]); res[name].append(spearmanr(pred, y).correlation)
/home/moloch/Documents/Research/pitch_fourier/phase5/fingerprint.py:72: ConstantInputWarning: An input array is constant; the correlation coefficient is not defined.
  pred = ridge_fit_predict(X[tr], qv[tr], X[te]); res[name].append(spearmanr(pred, y).correlation)
/home/moloch/Documents/Research/pitch_fourier/phase5/fingerprint.py:72: ConstantInputWarning: An input array is constant; the correlation coefficient is not defined.
  pred = ridge_fit_predict(X[tr], qv[tr], X[te]); res[name].append(spearmanr(pred, y).correlation)
/home/moloch/Documents/Research/pitch_fourier/phase5/fingerprint.py:72: ConstantInputWarning: An input array is constant; the correlation coefficient is not defined.
  pred = ridge_fit_predict(X[tr], qv[tr], X[te]); res[name].append(spearmanr(pred, y).correlation)
/home/moloch/Documents/Research/pitch_fourier/phase5/fingerprint.py:72: ConstantInputWarning: An input array is constant; the correlation coefficient is not defined.
  pred = ridge_fit_predict(X[tr], qv[tr], X[te]); res[name].append(spearmanr(pred, y).correlation)
/home/moloch/Documents/Research/pitch_fourier/phase5/fingerprint.py:72: ConstantInputWarning: An input array is constant; the correlation coefficient is not defined.
  pred = ridge_fit_predict(X[tr], qv[tr], X[te]); res[name].append(spearmanr(pred, y).correlation)
/home/moloch/Documents/Research/pitch_fourier/phase5/fingerprint.py:72: ConstantInputWarning: An input array is constant; the correlation coefficient is not defined.
  pred = ridge_fit_predict(X[tr], qv[tr], X[te]); res[name].append(spearmanr(pred, y).correlation)
/home/moloch/Documents/Research/pitch_fourier/phase5/fingerprint.py:72: ConstantInputWarning: An input array is constant; the correlation coefficient is not defined.
  pred = ridge_fit_predict(X[tr], qv[tr], X[te]); res[name].append(spearmanr(pred, y).correlation)
/home/moloch/Documents/Research/pitch_fourier/phase5/fingerprint.py:118: ConstantInputWarning: An input array is constant; the correlation coefficient is not defined.
  tw.append((cos, cosr, mc_p(nul, cosr), float(spearmanr(dq, dc).correlation)))
/home/moloch/Documents/Research/pitch_fourier/phase5/fingerprint.py:118: ConstantInputWarning: An input array is constant; the correlation coefficient is not defined.
  tw.append((cos, cosr, mc_p(nul, cosr), float(spearmanr(dq, dc).correlation)))
/home/moloch/Documents/Research/pitch_fourier/phase5/fingerprint.py:118: ConstantInputWarning: An input array is constant; the correlation coefficient is not defined.
  tw.append((cos, cosr, mc_p(nul, cosr), float(spearmanr(dq, dc).correlation)))
/home/moloch/Documents/Research/pitch_fourier/phase5/fingerprint.py:118: ConstantInputWarning: An input array is constant; the correlation coefficient is not defined.
  tw.append((cos, cosr, mc_p(nul, cosr), float(spearmanr(dq, dc).correlation)))
/home/moloch/Documents/Research/pitch_fourier/phase5/fingerprint.py:118: ConstantInputWarning: An input array is constant; the correlation coefficient is not defined.
  tw.append((cos, cosr, mc_p(nul, cosr), float(spearmanr(dq, dc).correlation)))
/home/moloch/Documents/Research/pitch_fourier/phase5/fingerprint.py:118: ConstantInputWarning: An input array is constant; the correlation coefficient is not defined.
  tw.append((cos, cosr, mc_p(nul, cosr), float(spearmanr(dq, dc).correlation)))
/home/moloch/Documents/Research/pitch_fourier/phase5/fingerprint.py:118: ConstantInputWarning: An input array is constant; the correlation coefficient is not defined.
  tw.append((cos, cosr, mc_p(nul, cosr), float(spearmanr(dq, dc).correlation)))
/home/moloch/Documents/Research/pitch_fourier/phase5/fingerprint.py:118: ConstantInputWarning: An input array is constant; the correlation coefficient is not defined.
  tw.append((cos, cosr, mc_p(nul, cosr), float(spearmanr(dq, dc).correlation)))
/home/moloch/Documents/Research/pitch_fourier/phase5/fingerprint.py:118: ConstantInputWarning: An input array is constant; the correlation coefficient is not defined.
  tw.append((cos, cosr, mc_p(nul, cosr), float(spearmanr(dq, dc).correlation)))
olmo2_1b   C_harmonic    A_win40       | +0.18 (0.1219) | +0.86 +nan +0.85  Δ -0.005 (0.5787) ΔR² +0.014 (0.3838) ΔKL +0.0010 (0.4943) [KL th 0.149] | +0.81/+0.29(0.229) +0.00/+0.00(1.000) +0.17/-0.28(0.769)
olmo2_1b   C_harmonic    B_any         | +0.03 (0.3998) | +0.86 +nan +0.85  Δ -0.010 (0.7981) ΔR² -0.011 (0.9800) ΔKL -0.0032 (0.8566) [KL th 0.149] | +0.29/+0.19(0.304) +0.04/-0.06(0.600) +0.60/+0.39(0.131)
olmo2_1b   C_harmonic    D_doc         | +0.10 (0.2759) | +0.86 +nan +0.85  Δ -0.010 (0.7846) ΔR² -0.005 (0.7606) ΔKL -0.0037 (0.8641) [KL th 0.149] | +0.53/+0.04(0.458) +0.39/+0.14(0.340) +0.35/+0.54(0.061)
olmo2_1b   D_chord       A_win40       | +0.15 (0.2349) | +0.86 +nan +0.85  Δ -0.002 (0.7811) ΔR² +0.021 (0.3938) ΔKL -0.0006 (0.5037) [KL th 0.178] | +0.68/-0.30(0.790) +0.00/+0.00(1.000) +0.25/-0.09(0.613)
olmo2_1b   D_chord       B_any         | +0.10 (0.2859) | +0.86 +nan +0.86  Δ +0.003 (0.4313) ΔR² +0.003 (0.6082) ΔKL +0.0027 (0.2859) [KL th 0.178] | +0.31/+0.18(0.311) -0.07/+0.05(0.308) +0.42/+0.03(0.481)
olmo2_1b   D_chord       D_doc         | +0.05 (0.3973) | +0.86 +nan +0.85  Δ -0.007 (0.9095) ΔR² -0.000 (0.6637) ΔKL -0.0030 (0.6117) [KL th 0.178] | +0.63/+0.45(0.114) +0.59/+0.55(0.080) +0.25/+0.09(0.381)
olmo2_1b   E_modulation  A_win40       | +0.17 (0.1084) | +0.91 +nan +0.91  Δ +0.002 (0.3348) ΔR² +0.009 (0.3843) ΔKL +0.0026 (0.0780) [KL th 0.069] | +0.77/+0.13(0.376) +0.00/+0.00(1.000) +0.17/-0.13(0.645)
olmo2_1b   E_modulation  B_any         | +0.07 (0.3163) | +0.91 +nan +0.91  Δ +0.002 (0.3443) ΔR² -0.004 (0.7291) ΔKL -0.0013 (0.5817) [KL th 0.069] | +0.27/+0.13(0.374) +0.04/+0.33(0.157) +0.58/+0.67(0.033)
olmo2_1b   E_modulation  D_doc         | +0.19 (0.0720) | +0.91 +nan +0.90  Δ -0.005 (0.8401) ΔR² +0.014 (0.2749) ΔKL -0.0008 (0.4713) [KL th 0.069] | +0.52/-0.10(0.608) +0.44/+0.03(0.471) +0.31/-0.04(0.540)
gemma2_2b  C_harmonic    A_win40       | -0.07 (0.6842) | +0.89 +nan +0.88  Δ -0.002 (0.8021) ΔR² -0.012 (0.9910) ΔKL +0.0002 (0.4008) [KL th 0.123] | +0.68/+0.02(0.470) +0.00/+0.00(1.000) +0.07/-0.33(0.830)
gemma2_2b  C_harmonic    B_any         | -0.15 (0.8731) | +0.89 +nan +0.89  Δ +0.002 (0.2924) ΔR² +0.006 (0.4418) ΔKL +0.0058 (0.1299) [KL th 0.123] | +0.45/+0.31(0.214) -0.09/-0.26(0.786) +0.49/+0.44(0.133)
gemma2_2b  C_harmonic    D_doc         | -0.01 (0.5452) | +0.89 +nan +0.89  Δ -0.001 (0.6202) ΔR² -0.003 (0.6827) ΔKL -0.0013 (0.5527) [KL th 0.123] | +0.32/-0.35(0.827) +0.48/+0.36(0.172) +0.13/-0.13(0.632)
gemma2_2b  D_chord       A_win40       | -0.08 (0.7061) | +0.95 +nan +0.95  Δ -0.001 (0.4953) ΔR² -0.003 (0.7991) ΔKL -0.0002 (0.2129) [KL th 0.053] | +0.72/-0.10(0.599) +0.00/+0.00(1.000) +0.20/-0.24(0.728)
gemma2_2b  D_chord       B_any         | -0.08 (0.7066) | +0.95 +nan +0.95  Δ +0.001 (0.2024) ΔR² +0.006 (0.4933) ΔKL +0.0000 (0.1519) [KL th 0.053] | +0.30/-0.11(0.612) -0.23/-0.49(1.000) +0.43/-0.28(0.765)
gemma2_2b  D_chord       D_doc         | -0.08 (0.7006) | +0.95 +nan +0.95  Δ -0.004 (0.7506) ΔR² -0.004 (0.7841) ΔKL -0.0004 (0.2644) [KL th 0.053] | +0.45/-0.13(0.615) +0.57/+0.16(0.312) +0.09/+0.04(0.459)
gemma2_2b  E_modulation  A_win40       | +0.03 (0.4513) | +0.92 +nan +0.92  Δ -0.000 (0.6397) ΔR² -0.009 (0.9865) ΔKL -0.0007 (0.4048) [KL th 0.093] | +0.76/+0.36(0.173) +0.00/+0.00(1.000) +0.04/-0.10(0.600)
gemma2_2b  E_modulation  B_any         | +0.00 (0.5222) | +0.92 +nan +0.92  Δ +0.002 (0.3183) ΔR² -0.006 (0.8931) ΔKL -0.0009 (0.4188) [KL th 0.093] | +0.24/-0.34(0.807) -0.02/+0.43(0.075) +0.41/+0.73(0.014)
gemma2_2b  E_modulation  D_doc         | +0.06 (0.3598) | +0.92 +nan +0.92  Δ -0.002 (0.7746) ΔR² -0.008 (0.9370) ΔKL -0.0009 (0.4183) [KL th 0.093] | +0.39/-0.45(0.903) +0.43/-0.24(0.736) +0.17/-0.18(0.685)
qwen25_3b  C_harmonic    A_win40       | +0.22 (0.0735) | +0.86 +nan +0.85  Δ -0.003 (0.8936) ΔR² +0.031 (0.2194) ΔKL -0.0057 (0.9070) [KL th 0.137] | +0.81/+0.26(0.259) +0.00/+0.00(1.000) +0.21/-0.40(0.858)
qwen25_3b  C_harmonic    B_any         | +0.16 (0.1329) | +0.86 +nan +0.86  Δ +0.004 (0.3643) ΔR² +0.021 (0.2609) ΔKL -0.0009 (0.6087) [KL th 0.137] | +0.22/+0.15(0.365) +0.15/+0.40(0.154) +0.69/+0.73(0.013)
qwen25_3b  C_harmonic    D_doc         | +0.13 (0.2049) | +0.86 +nan +0.85  Δ -0.010 (0.9870) ΔR² +0.007 (0.4043) ΔKL -0.0075 (0.9395) [KL th 0.137] | +0.61/+0.14(0.338) +0.34/-0.22(0.731) +0.22/-0.18(0.664)
qwen25_3b  D_chord       A_win40       | +0.14 (0.1704) | +0.90 +nan +0.89  Δ -0.003 (0.6437) ΔR² +0.003 (0.4948) ΔKL -0.0018 (0.7351) [KL th 0.123] | +0.73/-0.07(0.567) +0.00/+0.00(1.000) +0.17/+0.38(0.159)
qwen25_3b  D_chord       B_any         | +0.05 (0.3658) | +0.90 +nan +0.89  Δ -0.009 (0.9095) ΔR² -0.007 (0.8676) ΔKL -0.0037 (0.8361) [KL th 0.123] | +0.34/+0.19(0.312) -0.20/-0.58(1.000) +0.37/-0.21(0.701)
qwen25_3b  D_chord       D_doc         | +0.15 (0.1484) | +0.90 +nan +0.89  Δ -0.008 (0.8751) ΔR² +0.017 (0.2589) ΔKL -0.0017 (0.6707) [KL th 0.123] | +0.51/+0.12(0.386) +0.49/-0.18(0.675) +0.13/-0.18(0.689)
qwen25_3b  E_modulation  A_win40       | +0.08 (0.2949) | +0.94 +nan +0.94  Δ -0.003 (0.6022) ΔR² -0.023 (1.0000) ΔKL -0.0009 (0.5167) [KL th 0.056] | +0.70/-0.17(0.645) +0.00/+0.00(1.000) +0.24/-0.07(0.550)
qwen25_3b  E_modulation  B_any         | +0.04 (0.3818) | +0.94 +nan +0.94  Δ +0.001 (0.1079) ΔR² -0.011 (0.9885) ΔKL -0.0012 (0.5692) [KL th 0.056] | +0.37/+0.21(0.317) -0.09/+0.15(0.241) +0.45/-0.47(0.914)
qwen25_3b  E_modulation  D_doc         | +0.13 (0.1874) | +0.94 +nan +0.94  Δ -0.003 (0.5797) ΔR² +0.002 (0.5132) ΔKL -0.0031 (0.7331) [KL th 0.056] | +0.46/+0.00(0.477) +0.50/-0.19(0.677) +0.16/+0.01(0.498)
olmo2_7b   C_harmonic    A_win40       | +0.21 (0.0465) | +0.78 +nan +0.77  Δ -0.006 (0.8926) ΔR² +0.024 (0.1819) ΔKL +0.0047 (0.2174) [KL th 0.236] | +0.75/+0.09(0.394) +0.00/+0.00(1.000) +0.09/-0.19(0.683)
olmo2_7b   C_harmonic    B_any         | +0.07 (0.3088) | +0.78 +nan +0.77  Δ -0.007 (0.8996) ΔR² -0.008 (0.8806) ΔKL -0.0070 (0.9455) [KL th 0.236] | +0.36/+0.30(0.212) -0.11/+0.13(0.297) +0.27/-0.60(0.959)
olmo2_7b   C_harmonic    D_doc         | +0.14 (0.1534) | +0.78 +nan +0.77  Δ -0.003 (0.7521) ΔR² +0.008 (0.3053) ΔKL -0.0039 (0.8056) [KL th 0.236] | +0.51/+0.09(0.410) +0.45/-0.28(0.771) +0.05/-0.17(0.670)
olmo2_7b   D_chord       A_win40       | +0.28 (0.0160) | +0.86 +nan +0.87  Δ +0.008 (0.0440) ΔR² +0.060 (0.0240) ΔKL +0.0166 (0.0475) [KL th 0.204] | +0.70/-0.11(0.624) +0.00/+0.00(1.000) +0.12/+0.09(0.382)
olmo2_7b   D_chord       B_any         | +0.18 (0.0610) | +0.86 +nan +0.86  Δ -0.005 (0.5727) ΔR² +0.027 (0.0985) ΔKL -0.0090 (0.9190) [KL th 0.204] | +0.42/+0.37(0.162) -0.08/+0.30(0.159) +0.29/-0.53(0.933)
olmo2_7b   D_chord       D_doc         | +0.12 (0.1409) | +0.86 +nan +0.86  Δ -0.006 (0.6297) ΔR² -0.001 (0.4803) ΔKL -0.0028 (0.6502) [KL th 0.204] | +0.47/+0.06(0.436) +0.56/+0.55(0.062) -0.00/-0.58(0.946)
olmo2_7b   E_modulation  A_win40       | +0.23 (0.0400) | +0.91 +nan +0.90  Δ -0.004 (0.7501) ΔR² +0.036 (0.1134) ΔKL -0.0012 (0.6042) [KL th 0.053] | +0.78/+0.25(0.235) +0.00/+0.00(1.000) +0.12/-0.04(0.533)
olmo2_7b   E_modulation  B_any         | +0.11 (0.1874) | +0.91 +nan +0.90  Δ -0.005 (0.8176) ΔR² -0.000 (0.5337) ΔKL -0.0031 (0.8476) [KL th 0.053] | +0.28/+0.27(0.230) -0.03/+0.01(0.463) +0.45/+0.17(0.334)
olmo2_7b   E_modulation  D_doc         | +0.20 (0.0550) | +0.91 +nan +0.90  Δ -0.008 (0.8946) ΔR² +0.019 (0.1849) ΔKL -0.0016 (0.6742) [KL th 0.053] | +0.56/+0.06(0.415) +0.42/-0.43(0.871) +0.14/-0.10(0.611)
saved wikipedia_thin_olmomix_dclm
== 00:37:12 results/phase5/cond_wikipedia_thin_olmomix_dclm.npz wikipedia_thin_olmomix_dclm olmo2_1b,gemma2_2b,qwen25_3b,olmo2_7b C_harmonic,D_chord,E_modulation A_win40,B_any,D_doc --neutral --nperm-res=2000 --nperm-loo=2000
corpus=wikipedia_thin_olmomix_dclm; source counts [1, 3, 6, 12, 88, 83, 128, 170, 124, 140, 109, 75, 37, 6, 5]; neutral=True rich=False targetprior=False templates=[0, 1, 2, 3] nperm_res=2000 nperm_loo=2000 nboot=0 docboot=None
model      family        extract       | resid r (p) | LOO Spearman: theory corpus both  ΔCV (p) ΔR² (p) ΔKL (p) [theory KL] | twins raw/line-controlled (p): Cb|B Gb|F# Db|C#
olmo2_1b   C_harmonic    A_win40       | +0.42 (0.0015) | +0.52 +0.42 +0.56  Δ +0.040 (0.1409) ΔR² +0.142 (0.0020) ΔKL +0.0302 (0.0055) [KL th 0.232] | 
olmo2_1b   C_harmonic    B_any         | +0.17 (0.0920) | +0.52 +0.28 +0.52  Δ -0.002 (0.9130) ΔR² -0.001 (0.5032) ΔKL -0.0058 (0.9500) [KL th 0.232] | 
olmo2_1b   C_harmonic    D_doc         | +0.29 (0.0070) | +0.52 +0.35 +0.52  Δ +0.000 (0.8741) ΔR² +0.053 (0.0470) ΔKL +0.0039 (0.2614) [KL th 0.232] | 
olmo2_1b   D_chord       A_win40       | +0.33 (0.1614) | +0.74 +0.33 +0.73  Δ -0.002 (0.4148) ΔR² +0.060 (0.2454) ΔKL -0.0032 (0.3378) [KL th 0.226] | 
olmo2_1b   D_chord       B_any         | +0.24 (0.3203) | +0.74 +0.28 +0.72  Δ -0.014 (0.7321) ΔR² +0.034 (0.3913) ΔKL -0.0201 (0.6192) [KL th 0.226] | 
olmo2_1b   D_chord       D_doc         | +0.23 (0.3038) | +0.74 +0.28 +0.73  Δ -0.004 (0.4133) ΔR² +0.025 (0.3848) ΔKL -0.0034 (0.3003) [KL th 0.226] | 
olmo2_1b   E_modulation  A_win40       | +0.41 (0.0020) | +0.70 +0.40 +0.69  Δ -0.015 (0.9050) ΔR² +0.142 (0.0020) ΔKL +0.0182 (0.0010) [KL th 0.152] | 
olmo2_1b   E_modulation  B_any         | +0.27 (0.0055) | +0.70 +0.37 +0.71  Δ +0.001 (0.3638) ΔR² +0.046 (0.0480) ΔKL +0.0039 (0.0960) [KL th 0.152] | 
olmo2_1b   E_modulation  D_doc         | +0.30 (0.0015) | +0.70 +0.34 +0.69  Δ -0.017 (0.9300) ΔR² +0.062 (0.0125) ΔKL +0.0043 (0.0815) [KL th 0.152] | 
gemma2_2b  C_harmonic    A_win40       | +0.35 (0.0295) | +0.70 +0.39 +0.70  Δ +0.001 (0.5882) ΔR² +0.102 (0.0300) ΔKL +0.0079 (0.2074) [KL th 0.191] | 
gemma2_2b  C_harmonic    B_any         | +0.18 (0.2709) | +0.70 +0.28 +0.69  Δ -0.006 (0.8396) ΔR² +0.007 (0.4523) ΔKL -0.0115 (0.9430) [KL th 0.191] | 
gemma2_2b  C_harmonic    D_doc         | +0.30 (0.0640) | +0.70 +0.36 +0.69  Δ -0.007 (0.8626) ΔR² +0.069 (0.0635) ΔKL +0.0023 (0.3628) [KL th 0.191] | 
gemma2_2b  D_chord       A_win40       | +0.31 (0.0935) | +0.77 +0.32 +0.78  Δ +0.004 (0.4093) ΔR² +0.053 (0.1649) ΔKL +0.0008 (0.3248) [KL th 0.192] | 
gemma2_2b  D_chord       B_any         | +0.21 (0.2164) | +0.77 +0.24 +0.76  Δ -0.011 (0.8776) ΔR² +0.008 (0.4443) ΔKL -0.0069 (0.7056) [KL th 0.192] | 
gemma2_2b  D_chord       D_doc         | +0.23 (0.1629) | +0.77 +0.29 +0.77  Δ -0.006 (0.7541) ΔR² +0.022 (0.2789) ΔKL +0.0037 (0.2139) [KL th 0.192] | 
gemma2_2b  E_modulation  A_win40       | +0.38 (0.0030) | +0.73 +0.35 +0.74  Δ +0.006 (0.2389) ΔR² +0.149 (0.0005) ΔKL +0.0168 (0.0015) [KL th 0.134] | 
gemma2_2b  E_modulation  B_any         | +0.24 (0.0035) | +0.73 +0.31 +0.73  Δ +0.000 (0.5722) ΔR² +0.027 (0.1000) ΔKL -0.0031 (0.9050) [KL th 0.134] | 
gemma2_2b  E_modulation  D_doc         | +0.28 (0.0035) | +0.73 +0.32 +0.74  Δ +0.007 (0.2254) ΔR² +0.067 (0.0095) ΔKL +0.0036 (0.0410) [KL th 0.134] | 
qwen25_3b  C_harmonic    A_win40       | +0.38 (0.0205) | +0.71 +0.42 +0.72  Δ +0.007 (0.4283) ΔR² +0.154 (0.0110) ΔKL +0.0132 (0.1149) [KL th 0.208] | 
qwen25_3b  C_harmonic    B_any         | +0.33 (0.0360) | +0.71 +0.42 +0.72  Δ +0.014 (0.2694) ΔR² +0.072 (0.0700) ΔKL +0.0074 (0.1819) [KL th 0.208] | 
qwen25_3b  C_harmonic    D_doc         | +0.26 (0.0970) | +0.71 +0.34 +0.71  Δ -0.004 (0.8776) ΔR² +0.071 (0.0580) ΔKL -0.0012 (0.5757) [KL th 0.208] | 
qwen25_3b  D_chord       A_win40       | +0.39 (0.0115) | +0.74 +0.36 +0.74  Δ -0.001 (0.5947) ΔR² +0.167 (0.0025) ΔKL +0.0074 (0.0940) [KL th 0.178] | 
qwen25_3b  D_chord       B_any         | +0.19 (0.2014) | +0.74 +0.21 +0.72  Δ -0.023 (0.9575) ΔR² +0.020 (0.2689) ΔKL -0.0246 (0.9735) [KL th 0.178] | 
qwen25_3b  D_chord       D_doc         | +0.34 (0.0225) | +0.74 +0.37 +0.76  Δ +0.015 (0.1404) ΔR² +0.122 (0.0070) ΔKL +0.0038 (0.1404) [KL th 0.178] | 
qwen25_3b  E_modulation  A_win40       | +0.38 (0.0040) | +0.82 +0.34 +0.82  Δ -0.001 (0.4453) ΔR² +0.119 (0.0065) ΔKL +0.0124 (0.0035) [KL th 0.126] | 
qwen25_3b  E_modulation  B_any         | +0.26 (0.0185) | +0.82 +0.33 +0.82  Δ -0.002 (0.5352) ΔR² +0.042 (0.0545) ΔKL +0.0001 (0.2069) [KL th 0.126] | 
qwen25_3b  E_modulation  D_doc         | +0.29 (0.0105) | +0.82 +0.28 +0.81  Δ -0.014 (0.9315) ΔR² +0.061 (0.0285) ΔKL +0.0025 (0.0555) [KL th 0.126] | 
olmo2_7b   C_harmonic    A_win40       | +0.42 (0.0025) | +0.54 +0.41 +0.59  Δ +0.042 (0.0380) ΔR² +0.171 (0.0010) ΔKL +0.0537 (0.0010) [KL th 0.281] | 
olmo2_7b   C_harmonic    B_any         | +0.23 (0.0720) | +0.54 +0.36 +0.57  Δ +0.027 (0.1629) ΔR² +0.031 (0.1119) ΔKL +0.0033 (0.2764) [KL th 0.281] | 
olmo2_7b   C_harmonic    D_doc         | +0.31 (0.0190) | +0.54 +0.36 +0.57  Δ +0.030 (0.0895) ΔR² +0.077 (0.0145) ΔKL +0.0222 (0.0295) [KL th 0.281] | 
olmo2_7b   D_chord       A_win40       | +0.48 (0.0010) | +0.64 +0.42 +0.68  Δ +0.038 (0.0110) ΔR² +0.165 (0.0070) ΔKL +0.0822 (0.0010) [KL th 0.360] | 
olmo2_7b   D_chord       B_any         | +0.32 (0.0360) | +0.64 +0.32 +0.63  Δ -0.013 (0.7106) ΔR² +0.065 (0.0600) ΔKL -0.0164 (0.8461) [KL th 0.360] | 
olmo2_7b   D_chord       D_doc         | +0.32 (0.0300) | +0.64 +0.36 +0.62  Δ -0.021 (0.8466) ΔR² +0.068 (0.0575) ΔKL +0.0328 (0.0180) [KL th 0.360] | 
olmo2_7b   E_modulation  A_win40       | +0.44 (0.0020) | +0.74 +0.42 +0.72  Δ -0.018 (0.8921) ΔR² +0.195 (0.0020) ΔKL +0.0164 (0.0025) [KL th 0.137] | 
olmo2_7b   E_modulation  B_any         | +0.27 (0.0180) | +0.74 +0.39 +0.73  Δ -0.004 (0.3733) ΔR² +0.043 (0.0320) ΔKL -0.0014 (0.5712) [KL th 0.137] | 
olmo2_7b   E_modulation  D_doc         | +0.33 (0.0070) | +0.74 +0.35 +0.71  Δ -0.022 (0.9420) ΔR² +0.096 (0.0040) ΔKL +0.0078 (0.0040) [KL th 0.137] | 
saved wikipedia_thin_olmomix_dclm_neutral
== 00:38:48 results/phase5/cond_wikipedia_thin_dolmino_dclm.npz wikipedia_thin_dolmino_dclm olmo2_1b,gemma2_2b,qwen25_3b,olmo2_7b C_harmonic,D_chord,E_modulation A_win40,B_any,D_doc --nperm-res=2000 --nperm-loo=2000
corpus=wikipedia_thin_dolmino_dclm; source counts [2, 7, 16, 36, 131, 124, 209, 317, 268, 348, 215, 156, 91, 14, 6]; neutral=False rich=False targetprior=False templates=[0, 1, 2, 3] nperm_res=2000 nperm_loo=2000 nboot=0 docboot=None
model      family        extract       | resid r (p) | LOO Spearman: theory corpus both  ΔCV (p) ΔR² (p) ΔKL (p) [theory KL] | twins raw/line-controlled (p): Cb|B Gb|F# Db|C#
olmo2_1b   C_harmonic    A_win40       | +0.05 (0.4088) | +0.87 +0.54 +0.86  Δ -0.006 (0.9510) ΔR² -0.013 (0.9970) ΔKL -0.0019 (0.8146) [KL th 0.145] | +0.77/+0.05(0.439) +0.38/-0.17(0.660) +0.16/+0.11(0.383)
olmo2_1b   C_harmonic    B_any         | +0.01 (0.4768) | +0.87 +0.44 +0.87  Δ +0.001 (0.6067) ΔR² -0.019 (1.0000) ΔKL -0.0030 (0.9055) [KL th 0.145] | +0.26/+0.00(0.503) -0.27/-0.42(0.863) +0.45/+0.01(0.479)
olmo2_1b   C_harmonic    D_doc         | +0.02 (0.4588) | +0.87 +0.49 +0.86  Δ -0.006 (0.9350) ΔR² -0.012 (0.9890) ΔKL -0.0041 (0.8861) [KL th 0.145] | +0.66/-0.19(0.706) +0.27/-0.30(0.767) -0.31/-0.37(0.817)
olmo2_1b   D_chord       A_win40       | +0.02 (0.4783) | +0.85 +0.48 +0.86  Δ +0.001 (0.5617) ΔR² -0.010 (0.9995) ΔKL -0.0002 (0.5057) [KL th 0.186] | +0.66/-0.47(0.890) +0.50/+0.17(0.303) +0.26/+0.05(0.443)
olmo2_1b   D_chord       B_any         | +0.08 (0.3093) | +0.85 +0.43 +0.86  Δ +0.006 (0.2864) ΔR² +0.006 (0.5542) ΔKL +0.0071 (0.2029) [KL th 0.186] | +0.31/+0.23(0.273) -0.19/-0.27(0.769) +0.35/-0.22(0.694)
olmo2_1b   D_chord       D_doc         | -0.02 (0.5542) | +0.85 +0.47 +0.85  Δ -0.002 (0.6802) ΔR² -0.014 (1.0000) ΔKL -0.0017 (0.5302) [KL th 0.186] | +0.74/+0.31(0.198) +0.41/-0.01(0.493) -0.50/-0.37(0.833)
olmo2_1b   E_modulation  A_win40       | +0.15 (0.1329) | +0.91 +0.62 +0.92  Δ +0.006 (0.1119) ΔR² +0.018 (0.2594) ΔKL +0.0001 (0.2269) [KL th 0.059] | +0.80/+0.03(0.464) +0.49/-0.38(0.837) +0.27/+0.54(0.063)
olmo2_1b   E_modulation  B_any         | +0.11 (0.1839) | +0.91 +0.50 +0.92  Δ +0.005 (0.1124) ΔR² +0.004 (0.3983) ΔKL -0.0010 (0.5837) [KL th 0.059] | +0.15/-0.33(0.812) +0.16/+0.82(0.006) +0.48/+0.32(0.173)
olmo2_1b   E_modulation  D_doc         | +0.10 (0.2454) | +0.91 +0.54 +0.90  Δ -0.009 (0.9805) ΔR² +0.005 (0.4263) ΔKL -0.0048 (0.8786) [KL th 0.059] | +0.71/+0.17(0.319) +0.37/-0.34(0.824) -0.22/-0.24(0.743)
gemma2_2b  C_harmonic    A_win40       | -0.07 (0.6732) | +0.89 +0.55 +0.89  Δ +0.002 (0.2439) ΔR² -0.008 (0.9500) ΔKL -0.0000 (0.5097) [KL th 0.129] | +0.67/+0.37(0.152) +0.56/+0.36(0.158) +0.16/+0.53(0.066)
gemma2_2b  C_harmonic    B_any         | -0.04 (0.6217) | +0.89 +0.45 +0.89  Δ +0.001 (0.3403) ΔR² -0.011 (0.9655) ΔKL -0.0008 (0.5762) [KL th 0.129] | +0.27/+0.18(0.317) -0.13/+0.20(0.287) +0.61/+0.80(0.003)
gemma2_2b  C_harmonic    D_doc         | +0.03 (0.4108) | +0.89 +0.50 +0.88  Δ -0.008 (0.9625) ΔR² -0.009 (0.9650) ΔKL -0.0014 (0.6267) [KL th 0.129] | +0.57/+0.00(0.466) +0.50/+0.56(0.053) -0.29/-0.09(0.592)
gemma2_2b  D_chord       A_win40       | -0.19 (0.9085) | +0.95 +0.49 +0.96  Δ +0.007 (0.0495) ΔR² +0.050 (0.1269) ΔKL -0.0011 (0.5142) [KL th 0.057] | +0.73/+0.12(0.382) +0.47/+0.04(0.487) +0.13/+0.09(0.399)
gemma2_2b  D_chord       B_any         | -0.17 (0.8996) | +0.95 +0.42 +0.95  Δ +0.003 (0.2204) ΔR² +0.025 (0.2404) ΔKL +0.0005 (0.2529) [KL th 0.057] | +0.15/-0.42(0.877) -0.07/+0.21(0.279) +0.45/-0.03(0.527)
gemma2_2b  D_chord       D_doc         | -0.09 (0.7441) | +0.95 +0.51 +0.95  Δ -0.001 (0.7206) ΔR² -0.010 (0.9725) ΔKL -0.0020 (0.6267) [KL th 0.057] | +0.58/-0.46(0.876) +0.53/+0.54(0.073) -0.45/-0.06(0.574)
gemma2_2b  E_modulation  A_win40       | +0.03 (0.4518) | +0.93 +0.63 +0.93  Δ +0.001 (0.4318) ΔR² -0.018 (1.0000) ΔKL -0.0019 (0.7116) [KL th 0.083] | +0.77/+0.36(0.157) +0.54/-0.27(0.786) +0.09/+0.08(0.425)
gemma2_2b  E_modulation  B_any         | -0.00 (0.5272) | +0.93 +0.53 +0.93  Δ +0.001 (0.4553) ΔR² -0.015 (0.9980) ΔKL -0.0020 (0.7451) [KL th 0.083] | +0.14/-0.29(0.769) +0.11/+0.83(0.002) +0.52/+0.76(0.007)
gemma2_2b  E_modulation  D_doc         | +0.11 (0.2669) | +0.93 +0.55 +0.92  Δ -0.006 (0.9540) ΔR² -0.004 (0.8476) ΔKL -0.0006 (0.4713) [KL th 0.083] | +0.65/+0.13(0.379) +0.35/-0.24(0.738) -0.29/-0.40(0.847)
qwen25_3b  C_harmonic    A_win40       | +0.17 (0.1669) | +0.84 +0.57 +0.85  Δ +0.010 (0.2779) ΔR² +0.028 (0.2204) ΔKL +0.0061 (0.2774) [KL th 0.152] | +0.82/-0.08(0.571) +0.42/-0.23(0.700) +0.29/+0.70(0.016)
qwen25_3b  C_harmonic    B_any         | +0.21 (0.0740) | +0.84 +0.52 +0.86  Δ +0.013 (0.1579) ΔR² +0.038 (0.1424) ΔKL +0.0046 (0.2879) [KL th 0.152] | +0.19/-0.24(0.743) +0.14/+0.73(0.009) +0.50/+0.36(0.177)
qwen25_3b  C_harmonic    D_doc         | +0.12 (0.2174) | +0.84 +0.48 +0.83  Δ -0.013 (0.9995) ΔR² +0.017 (0.3353) ΔKL -0.0066 (0.9315) [KL th 0.152] | +0.70/-0.13(0.639) +0.35/-0.34(0.831) -0.19/-0.03(0.524)
qwen25_3b  D_chord       A_win40       | +0.11 (0.2504) | +0.89 +0.53 +0.88  Δ -0.011 (0.9790) ΔR² +0.009 (0.4288) ΔKL +0.0023 (0.4298) [KL th 0.140] | +0.76/-0.00(0.519) +0.51/-0.23(0.729) +0.01/-0.11(0.620)
qwen25_3b  D_chord       B_any         | +0.14 (0.1509) | +0.89 +0.42 +0.88  Δ -0.007 (0.9275) ΔR² +0.027 (0.1869) ΔKL -0.0015 (0.7221) [KL th 0.140] | +0.19/+0.01(0.501) -0.03/-0.23(0.716) +0.38/-0.40(0.854)
qwen25_3b  D_chord       D_doc         | +0.12 (0.2324) | +0.89 +0.57 +0.88  Δ -0.009 (0.9425) ΔR² +0.007 (0.4578) ΔKL -0.0033 (0.7976) [KL th 0.140] | +0.67/+0.20(0.292) +0.50/+0.51(0.087) -0.26/-0.47(0.898)
qwen25_3b  E_modulation  A_win40       | +0.05 (0.4073) | +0.93 +0.57 +0.93  Δ -0.002 (0.8091) ΔR² -0.017 (0.9990) ΔKL -0.0011 (0.6742) [KL th 0.055] | +0.71/-0.20(0.673) +0.49/+0.03(0.472) +0.07/-0.29(0.752)
qwen25_3b  E_modulation  B_any         | +0.05 (0.3613) | +0.93 +0.53 +0.93  Δ +0.002 (0.3813) ΔR² -0.014 (0.9960) ΔKL -0.0009 (0.6482) [KL th 0.055] | +0.18/-0.23(0.688) +0.11/+0.73(0.019) +0.51/+0.23(0.281)
qwen25_3b  E_modulation  D_doc         | +0.04 (0.3953) | +0.93 +0.54 +0.93  Δ -0.001 (0.7446) ΔR² -0.029 (1.0000) ΔKL -0.0027 (0.7876) [KL th 0.055] | +0.63/+0.02(0.499) +0.50/+0.35(0.185) -0.37/-0.23(0.724)
olmo2_7b   C_harmonic    A_win40       | +0.11 (0.2094) | +0.78 +0.52 +0.78  Δ +0.000 (0.5022) ΔR² -0.000 (0.5742) ΔKL -0.0056 (0.9235) [KL th 0.237] | +0.71/-0.24(0.709) +0.60/+0.32(0.202) -0.01/-0.19(0.691)
olmo2_7b   C_harmonic    B_any         | +0.16 (0.1014) | +0.78 +0.53 +0.78  Δ +0.008 (0.1754) ΔR² +0.003 (0.4353) ΔKL -0.0042 (0.8746) [KL th 0.237] | +0.10/-0.45(0.897) +0.18/+0.50(0.095) +0.45/-0.00(0.508)
olmo2_7b   C_harmonic    D_doc         | +0.16 (0.1274) | +0.78 +0.48 +0.78  Δ +0.005 (0.3048) ΔR² +0.020 (0.2304) ΔKL -0.0020 (0.6467) [KL th 0.237] | +0.61/-0.21(0.697) +0.43/+0.07(0.419) -0.28/+0.19(0.305)
olmo2_7b   D_chord       A_win40       | +0.21 (0.0545) | +0.86 +0.59 +0.87  Δ +0.020 (0.0595) ΔR² +0.038 (0.0755) ΔKL +0.0040 (0.2824) [KL th 0.198] | +0.67/-0.35(0.822) +0.60/+0.22(0.244) -0.05/-0.36(0.835)
olmo2_7b   D_chord       B_any         | +0.18 (0.0530) | +0.86 +0.45 +0.86  Δ +0.008 (0.3498) ΔR² +0.021 (0.1389) ΔKL -0.0003 (0.4793) [KL th 0.198] | +0.16/-0.17(0.662) +0.03/+0.11(0.359) +0.45/-0.02(0.557)
olmo2_7b   D_chord       D_doc         | +0.13 (0.1319) | +0.86 +0.47 +0.86  Δ +0.003 (0.6517) ΔR² +0.009 (0.3248) ΔKL -0.0073 (0.8471) [KL th 0.198] | +0.70/+0.50(0.101) +0.39/-0.16(0.649) -0.23/+0.26(0.250)
olmo2_7b   E_modulation  A_win40       | +0.30 (0.0050) | +0.89 +0.64 +0.90  Δ +0.009 (0.0945) ΔR² +0.088 (0.0050) ΔKL +0.0025 (0.0985) [KL th 0.057] | +0.80/+0.08(0.429) +0.55/+0.04(0.411) +0.11/+0.48(0.091)
olmo2_7b   E_modulation  B_any         | +0.21 (0.0260) | +0.89 +0.53 +0.90  Δ +0.005 (0.2159) ΔR² +0.034 (0.0715) ΔKL -0.0029 (0.9170) [KL th 0.057] | +0.16/-0.38(0.857) +0.05/+0.48(0.072) +0.56/+0.69(0.021)
olmo2_7b   E_modulation  D_doc         | +0.29 (0.0065) | +0.89 +0.57 +0.88  Δ -0.014 (0.9965) ΔR² +0.096 (0.0015) ΔKL -0.0047 (0.9370) [KL th 0.057] | +0.70/+0.11(0.391) +0.43/-0.00(0.519) -0.27/-0.12(0.610)
saved wikipedia_thin_dolmino_dclm
== 00:40:27 results/phase5/cond_wikipedia_thin_dolmino_dclm.npz wikipedia_thin_dolmino_dclm olmo2_1b,gemma2_2b,qwen25_3b,olmo2_7b C_harmonic,D_chord,E_modulation A_win40,B_any,D_doc --neutral --nperm-res=2000 --nperm-loo=2000
corpus=wikipedia_thin_dolmino_dclm; source counts [2, 7, 16, 36, 131, 124, 209, 317, 268, 348, 215, 156, 91, 14, 6]; neutral=True rich=False targetprior=False templates=[0, 1, 2, 3] nperm_res=2000 nperm_loo=2000 nboot=0 docboot=None
model      family        extract       | resid r (p) | LOO Spearman: theory corpus both  ΔCV (p) ΔR² (p) ΔKL (p) [theory KL] | twins raw/line-controlled (p): Cb|B Gb|F# Db|C#
olmo2_1b   C_harmonic    A_win40       | +0.29 (0.0180) | +0.58 +0.39 +0.51  Δ -0.068 (1.0000) ΔR² +0.073 (0.0250) ΔKL +0.0061 (0.2114) [KL th 0.222] | 
olmo2_1b   C_harmonic    B_any         | +0.20 (0.0700) | +0.58 +0.35 +0.57  Δ -0.006 (0.6747) ΔR² +0.002 (0.4433) ΔKL -0.0035 (0.8431) [KL th 0.222] | 
olmo2_1b   C_harmonic    D_doc         | +0.19 (0.0865) | +0.58 +0.25 +0.54  Δ -0.037 (0.9880) ΔR² +0.028 (0.1459) ΔKL -0.0021 (0.6807) [KL th 0.222] | 
olmo2_1b   D_chord       A_win40       | +0.11 (0.5542) | +0.76 +0.36 +0.75  Δ -0.016 (0.9175) ΔR² +0.002 (0.7281) ΔKL -0.0010 (0.2964) [KL th 0.213] | 
olmo2_1b   D_chord       B_any         | +0.18 (0.4228) | +0.76 +0.32 +0.76  Δ -0.006 (0.7096) ΔR² +0.012 (0.5482) ΔKL -0.0052 (0.3873) [KL th 0.213] | 
olmo2_1b   D_chord       D_doc         | +0.12 (0.5387) | +0.76 +0.24 +0.75  Δ -0.016 (0.9130) ΔR² -0.001 (0.7331) ΔKL -0.0081 (0.4733) [KL th 0.213] | 
olmo2_1b   E_modulation  A_win40       | +0.42 (0.0010) | +0.73 +0.52 +0.71  Δ -0.021 (0.9990) ΔR² +0.178 (0.0010) ΔKL +0.0137 (0.0010) [KL th 0.132] | 
olmo2_1b   E_modulation  B_any         | +0.28 (0.0045) | +0.73 +0.43 +0.73  Δ +0.000 (0.7086) ΔR² +0.059 (0.0105) ΔKL +0.0050 (0.0170) [KL th 0.132] | 
olmo2_1b   E_modulation  D_doc         | +0.29 (0.0050) | +0.73 +0.32 +0.67  Δ -0.058 (1.0000) ΔR² +0.088 (0.0045) ΔKL -0.0017 (0.6472) [KL th 0.132] | 
gemma2_2b  C_harmonic    A_win40       | +0.18 (0.2349) | +0.76 +0.42 +0.71  Δ -0.045 (0.9725) ΔR² +0.040 (0.2059) ΔKL +0.0052 (0.3138) [KL th 0.195] | 
gemma2_2b  C_harmonic    B_any         | +0.21 (0.1839) | +0.76 +0.35 +0.74  Δ -0.024 (0.7991) ΔR² +0.029 (0.2139) ΔKL +0.0027 (0.3468) [KL th 0.195] | 
gemma2_2b  C_harmonic    D_doc         | +0.20 (0.1899) | +0.76 +0.31 +0.74  Δ -0.023 (0.7491) ΔR² +0.032 (0.2474) ΔKL +0.0018 (0.4603) [KL th 0.195] | 
gemma2_2b  D_chord       A_win40       | +0.16 (0.3293) | +0.80 +0.33 +0.78  Δ -0.014 (0.8381) ΔR² +0.015 (0.4248) ΔKL -0.0007 (0.4723) [KL th 0.200] | 
gemma2_2b  D_chord       B_any         | +0.15 (0.3288) | +0.80 +0.27 +0.78  Δ -0.019 (0.9135) ΔR² -0.004 (0.7596) ΔKL -0.0028 (0.5722) [KL th 0.200] | 
gemma2_2b  D_chord       D_doc         | +0.12 (0.4593) | +0.80 +0.27 +0.79  Δ -0.004 (0.4228) ΔR² -0.007 (0.8226) ΔKL -0.0058 (0.6727) [KL th 0.200] | 
gemma2_2b  E_modulation  A_win40       | +0.45 (0.0005) | +0.74 +0.50 +0.73  Δ -0.013 (0.7351) ΔR² +0.241 (0.0005) ΔKL +0.0147 (0.0010) [KL th 0.131] | 
gemma2_2b  E_modulation  B_any         | +0.30 (0.0030) | +0.74 +0.43 +0.73  Δ -0.010 (0.6452) ΔR² +0.076 (0.0025) ΔKL +0.0051 (0.0230) [KL th 0.131] | 
gemma2_2b  E_modulation  D_doc         | +0.35 (0.0015) | +0.74 +0.34 +0.73  Δ -0.014 (0.7696) ΔR² +0.115 (0.0005) ΔKL +0.0032 (0.0485) [KL th 0.131] | 
qwen25_3b  C_harmonic    A_win40       | +0.30 (0.0620) | +0.74 +0.51 +0.71  Δ -0.027 (0.9895) ΔR² +0.123 (0.0165) ΔKL +0.0194 (0.0600) [KL th 0.212] | 
qwen25_3b  C_harmonic    B_any         | +0.30 (0.0400) | +0.74 +0.49 +0.75  Δ +0.010 (0.1939) ΔR² +0.081 (0.0430) ΔKL +0.0127 (0.1084) [KL th 0.212] | 
qwen25_3b  C_harmonic    D_doc         | +0.25 (0.1144) | +0.74 +0.28 +0.67  Δ -0.065 (1.0000) ΔR² +0.082 (0.0515) ΔKL -0.0007 (0.5637) [KL th 0.212] | 
qwen25_3b  D_chord       A_win40       | +0.26 (0.0950) | +0.75 +0.39 +0.71  Δ -0.037 (0.9850) ΔR² +0.097 (0.0360) ΔKL +0.0039 (0.2484) [KL th 0.188] | 
qwen25_3b  D_chord       B_any         | +0.24 (0.0945) | +0.75 +0.30 +0.73  Δ -0.022 (0.8991) ΔR² +0.063 (0.0665) ΔKL -0.0133 (0.8791) [KL th 0.188] | 
qwen25_3b  D_chord       D_doc         | +0.31 (0.0475) | +0.75 +0.38 +0.71  Δ -0.039 (0.9695) ΔR² +0.084 (0.0380) ΔKL +0.0042 (0.2084) [KL th 0.188] | 
qwen25_3b  E_modulation  A_win40       | +0.33 (0.0120) | +0.82 +0.43 +0.81  Δ -0.003 (0.9440) ΔR² +0.124 (0.0050) ΔKL +0.0042 (0.0160) [KL th 0.116] | 
qwen25_3b  E_modulation  B_any         | +0.25 (0.0255) | +0.82 +0.40 +0.84  Δ +0.022 (0.0595) ΔR² +0.033 (0.0590) ΔKL +0.0018 (0.0515) [KL th 0.116] | 
qwen25_3b  E_modulation  D_doc         | +0.29 (0.0115) | +0.82 +0.28 +0.82  Δ +0.001 (0.7491) ΔR² +0.078 (0.0145) ΔKL -0.0013 (0.4323) [KL th 0.116] | 
olmo2_7b   C_harmonic    A_win40       | +0.32 (0.0160) | +0.55 +0.49 +0.60  Δ +0.045 (0.0130) ΔR² +0.118 (0.0060) ΔKL +0.0235 (0.0355) [KL th 0.278] | 
olmo2_7b   C_harmonic    B_any         | +0.20 (0.1034) | +0.55 +0.45 +0.58  Δ +0.029 (0.0415) ΔR² +0.029 (0.1229) ΔKL +0.0110 (0.1159) [KL th 0.278] | 
olmo2_7b   C_harmonic    D_doc         | +0.29 (0.0330) | +0.55 +0.34 +0.59  Δ +0.035 (0.0190) ΔR² +0.067 (0.0295) ΔKL +0.0233 (0.0255) [KL th 0.278] | 
olmo2_7b   D_chord       A_win40       | +0.37 (0.0145) | +0.67 +0.48 +0.67  Δ +0.006 (0.3183) ΔR² +0.112 (0.0240) ΔKL +0.0350 (0.0060) [KL th 0.339] | 
olmo2_7b   D_chord       B_any         | +0.29 (0.0535) | +0.67 +0.38 +0.67  Δ +0.006 (0.2689) ΔR² +0.041 (0.1309) ΔKL +0.0112 (0.0775) [KL th 0.339] | 
olmo2_7b   D_chord       D_doc         | +0.27 (0.0840) | +0.67 +0.32 +0.64  Δ -0.021 (0.9420) ΔR² +0.064 (0.0925) ΔKL +0.0205 (0.0350) [KL th 0.339] | 
olmo2_7b   E_modulation  A_win40       | +0.47 (0.0015) | +0.73 +0.55 +0.74  Δ +0.010 (0.1479) ΔR² +0.256 (0.0005) ΔKL +0.0201 (0.0005) [KL th 0.131] | 
olmo2_7b   E_modulation  B_any         | +0.30 (0.0160) | +0.73 +0.46 +0.73  Δ +0.004 (0.3088) ΔR² +0.068 (0.0110) ΔKL +0.0007 (0.1679) [KL th 0.131] | 
olmo2_7b   E_modulation  D_doc         | +0.39 (0.0030) | +0.73 +0.39 +0.70  Δ -0.026 (0.9815) ΔR² +0.162 (0.0005) ΔKL +0.0079 (0.0030) [KL th 0.131] | 
saved wikipedia_thin_dolmino_dclm_neutral
== 00:42:02 results/phase5/cond_wikipedia_thin_olmomix_dclm_big.npz wikipedia_thin_olmomix_dclm_big olmo2_1b,gemma2_2b,qwen25_3b,olmo2_7b C_harmonic,D_chord,E_modulation A_win40,B_any,D_doc --nperm-res=2000 --nperm-loo=2000
corpus=wikipedia_thin_olmomix_dclm_big; source counts [8, 27, 82, 149, 542, 506, 746, 1186, 873, 1131, 807, 594, 262, 39, 23]; neutral=False rich=False targetprior=False templates=[0, 1, 2, 3] nperm_res=2000 nperm_loo=2000 nboot=0 docboot=None
model      family        extract       | resid r (p) | LOO Spearman: theory corpus both  ΔCV (p) ΔR² (p) ΔKL (p) [theory KL] | twins raw/line-controlled (p): Cb|B Gb|F# Db|C#
olmo2_1b   C_harmonic    A_win40       | +0.16 (0.1804) | +0.86 +0.58 +0.86  Δ -0.004 (0.7981) ΔR² +0.007 (0.5072) ΔKL -0.0019 (0.8436) [KL th 0.145] | +0.95/+0.82(0.002) +0.06/-0.45(0.876) -0.05/+0.34(0.196)
olmo2_1b   C_harmonic    B_any         | +0.06 (0.3438) | +0.86 +0.43 +0.86  Δ -0.002 (0.6482) ΔR² -0.005 (0.8311) ΔKL +0.0004 (0.5072) [KL th 0.145] | +0.25/-0.07(0.570) -0.11/-0.37(0.832) +0.59/+0.39(0.156)
olmo2_1b   C_harmonic    D_doc         | +0.19 (0.1354) | +0.86 +0.58 +0.85  Δ -0.010 (0.9290) ΔR² +0.043 (0.2014) ΔKL -0.0153 (0.9930) [KL th 0.145] | +0.76/+0.37(0.154) +0.53/-0.26(0.752) -0.81/-0.64(0.980)
olmo2_1b   D_chord       A_win40       | +0.15 (0.2564) | +0.85 +0.53 +0.86  Δ +0.006 (0.4228) ΔR² +0.010 (0.5512) ΔKL +0.0045 (0.3023) [KL th 0.187] | +0.88/+0.37(0.174) +0.32/-0.02(0.518) +0.04/+0.66(0.037)
olmo2_1b   D_chord       B_any         | +0.06 (0.3803) | +0.85 +0.39 +0.85  Δ +0.002 (0.6017) ΔR² -0.003 (0.8581) ΔKL +0.0034 (0.3118) [KL th 0.187] | +0.37/+0.25(0.274) +0.02/-0.36(0.826) +0.57/+0.36(0.171)
olmo2_1b   D_chord       D_doc         | +0.13 (0.2959) | +0.85 +0.51 +0.85  Δ +0.003 (0.5932) ΔR² +0.022 (0.4618) ΔKL -0.0121 (0.7991) [KL th 0.187] | +0.64/+0.01(0.498) +0.60/-0.38(0.841) -0.61/+0.11(0.377)
olmo2_1b   E_modulation  A_win40       | +0.26 (0.0275) | +0.91 +0.65 +0.91  Δ +0.004 (0.0795) ΔR² +0.063 (0.0385) ΔKL +0.0028 (0.0640) [KL th 0.063] | +0.94/+0.66(0.023) +0.33/+0.29(0.229) +0.01/+0.38(0.154)
olmo2_1b   E_modulation  B_any         | +0.09 (0.2409) | +0.91 +0.45 +0.91  Δ -0.001 (0.5812) ΔR² +0.002 (0.4693) ΔKL +0.0001 (0.2819) [KL th 0.063] | +0.40/+0.24(0.271) -0.05/+0.10(0.394) +0.68/+0.64(0.033)
olmo2_1b   E_modulation  D_doc         | +0.28 (0.0450) | +0.91 +0.64 +0.90  Δ -0.008 (0.8651) ΔR² +0.133 (0.0115) ΔKL -0.0066 (0.8796) [KL th 0.063] | +0.80/+0.54(0.072) +0.62/-0.09(0.598) -0.72/-0.39(0.852)
gemma2_2b  C_harmonic    A_win40       | +0.04 (0.3753) | +0.90 +0.55 +0.89  Δ -0.004 (0.7691) ΔR² -0.014 (0.9925) ΔKL -0.0014 (0.6982) [KL th 0.119] | +0.82/+0.66(0.031) +0.27/-0.13(0.634) -0.17/+0.38(0.151)
gemma2_2b  C_harmonic    B_any         | -0.01 (0.5557) | +0.90 +0.42 +0.89  Δ -0.004 (0.7791) ΔR² -0.020 (0.9985) ΔKL -0.0014 (0.7171) [KL th 0.119] | +0.30/+0.13(0.391) +0.06/-0.52(0.927) +0.52/+0.82(0.004)
gemma2_2b  C_harmonic    D_doc         | +0.03 (0.4083) | +0.90 +0.52 +0.88  Δ -0.018 (1.0000) ΔR² +0.007 (0.5062) ΔKL -0.0136 (0.9880) [KL th 0.119] | +0.67/+0.15(0.383) +0.60/-0.45(0.895) -0.73/-0.03(0.527)
gemma2_2b  D_chord       A_win40       | -0.07 (0.7086) | +0.95 +0.52 +0.95  Δ +0.002 (0.2394) ΔR² -0.011 (0.9760) ΔKL -0.0007 (0.5067) [KL th 0.052] | +0.89/+0.69(0.017) +0.39/+0.06(0.436) -0.17/+0.50(0.085)
gemma2_2b  D_chord       B_any         | -0.16 (0.8796) | +0.95 +0.39 +0.95  Δ +0.002 (0.1939) ΔR² +0.020 (0.2379) ΔKL -0.0003 (0.4248) [KL th 0.052] | +0.22/-0.51(0.918) +0.02/-0.74(0.985) +0.44/+0.53(0.065)
gemma2_2b  D_chord       D_doc         | +0.08 (0.3098) | +0.95 +0.54 +0.95  Δ -0.001 (0.7271) ΔR² -0.016 (0.9970) ΔKL -0.0012 (0.6072) [KL th 0.052] | +0.70/-0.09(0.608) +0.67/-0.10(0.598) -0.72/-0.10(0.612)
gemma2_2b  E_modulation  A_win40       | +0.12 (0.2179) | +0.93 +0.65 +0.93  Δ -0.004 (0.9325) ΔR² +0.004 (0.5462) ΔKL +0.0017 (0.1884) [KL th 0.075] | +0.89/+0.58(0.055) +0.42/+0.31(0.204) -0.24/-0.18(0.664)
gemma2_2b  E_modulation  B_any         | +0.06 (0.3393) | +0.93 +0.49 +0.93  Δ -0.003 (0.8936) ΔR² -0.017 (0.9970) ΔKL -0.0012 (0.7291) [KL th 0.075] | +0.40/+0.25(0.250) +0.18/+0.44(0.115) +0.43/+0.45(0.114)
gemma2_2b  E_modulation  D_doc         | +0.25 (0.0740) | +0.93 +0.65 +0.93  Δ +0.004 (0.1554) ΔR² +0.077 (0.0745) ΔKL +0.0049 (0.0640) [KL th 0.075] | +0.76/+0.51(0.073) +0.71/+0.10(0.408) -0.72/-0.21(0.724)
qwen25_3b  C_harmonic    A_win40       | +0.32 (0.0195) | +0.85 +0.61 +0.86  Δ +0.018 (0.0625) ΔR² +0.107 (0.0370) ΔKL +0.0097 (0.2014) [KL th 0.155] | +0.97/+0.73(0.021) +0.25/+0.38(0.175) +0.01/+0.37(0.145)
qwen25_3b  C_harmonic    B_any         | +0.14 (0.1664) | +0.85 +0.46 +0.85  Δ +0.002 (0.3168) ΔR² +0.008 (0.4108) ΔKL +0.0029 (0.3468) [KL th 0.155] | +0.31/-0.02(0.529) -0.16/+0.19(0.307) +0.68/+0.68(0.025)
qwen25_3b  C_harmonic    D_doc         | +0.21 (0.1214) | +0.85 +0.54 +0.82  Δ -0.024 (0.9990) ΔR² +0.074 (0.1109) ΔKL -0.0223 (0.9970) [KL th 0.155] | +0.79/+0.35(0.171) +0.59/+0.23(0.274) -0.67/-0.38(0.848)
qwen25_3b  D_chord       A_win40       | +0.18 (0.1259) | +0.90 +0.57 +0.90  Δ -0.003 (0.4868) ΔR² +0.027 (0.2099) ΔKL +0.0039 (0.3003) [KL th 0.128] | +0.89/+0.74(0.008) +0.33/-0.40(0.864) -0.14/+0.49(0.092)
qwen25_3b  D_chord       B_any         | +0.18 (0.0840) | +0.90 +0.46 +0.90  Δ -0.004 (0.6387) ΔR² +0.033 (0.1314) ΔKL +0.0086 (0.1249) [KL th 0.128] | +0.42/+0.21(0.306) +0.02/-0.48(0.904) +0.45/+0.35(0.158)
qwen25_3b  D_chord       D_doc         | +0.16 (0.1924) | +0.90 +0.55 +0.89  Δ -0.016 (0.9630) ΔR² +0.041 (0.1679) ΔKL -0.0082 (0.9160) [KL th 0.128] | +0.68/+0.23(0.269) +0.68/-0.00(0.509) -0.76/-0.18(0.688)
qwen25_3b  E_modulation  A_win40       | +0.19 (0.1224) | +0.93 +0.62 +0.93  Δ -0.001 (0.7076) ΔR² -0.008 (0.9730) ΔKL -0.0022 (0.7826) [KL th 0.057] | +0.88/+0.56(0.050) +0.37/+0.15(0.350) -0.14/+0.32(0.216)
qwen25_3b  E_modulation  B_any         | +0.06 (0.3218) | +0.93 +0.45 +0.93  Δ -0.001 (0.7166) ΔR² -0.013 (0.9900) ΔKL -0.0004 (0.4973) [KL th 0.057] | +0.33/+0.04(0.438) -0.00/+0.04(0.454) +0.53/+0.44(0.125)
qwen25_3b  E_modulation  D_doc         | +0.20 (0.1204) | +0.93 +0.61 +0.92  Δ -0.004 (0.8646) ΔR² +0.039 (0.1894) ΔKL -0.0077 (0.9285) [KL th 0.057] | +0.72/+0.16(0.372) +0.64/-0.01(0.507) -0.67/+0.36(0.174)
olmo2_7b   C_harmonic    A_win40       | +0.19 (0.0880) | +0.78 +0.57 +0.78  Δ +0.005 (0.3583) ΔR² +0.032 (0.1289) ΔKL +0.0049 (0.2779) [KL th 0.238] | +0.87/+0.15(0.376) +0.47/+0.45(0.096) -0.21/+0.19(0.317)
olmo2_7b   C_harmonic    B_any         | +0.20 (0.0455) | +0.78 +0.44 +0.78  Δ +0.002 (0.4973) ΔR² +0.018 (0.1954) ΔKL -0.0015 (0.6462) [KL th 0.238] | +0.27/-0.16(0.671) +0.05/+0.06(0.447) +0.35/+0.05(0.442)
olmo2_7b   C_harmonic    D_doc         | +0.24 (0.0460) | +0.78 +0.52 +0.78  Δ +0.001 (0.6312) ΔR² +0.052 (0.1019) ΔKL -0.0056 (0.8791) [KL th 0.238] | +0.73/+0.23(0.292) +0.71/+0.47(0.108) -0.55/+0.69(0.030)
olmo2_7b   D_chord       A_win40       | +0.29 (0.0100) | +0.86 +0.56 +0.86  Δ +0.004 (0.3003) ΔR² +0.072 (0.0160) ΔKL +0.0142 (0.0825) [KL th 0.201] | +0.84/+0.22(0.289) +0.45/+0.51(0.077) -0.34/-0.35(0.821)
olmo2_7b   D_chord       B_any         | +0.24 (0.0180) | +0.86 +0.48 +0.87  Δ +0.014 (0.0525) ΔR² +0.047 (0.0290) ΔKL +0.0121 (0.0875) [KL th 0.201] | +0.47/+0.60(0.051) +0.10/+0.02(0.464) +0.31/-0.19(0.697)
olmo2_7b   D_chord       D_doc         | +0.19 (0.0820) | +0.86 +0.51 +0.85  Δ -0.011 (0.9410) ΔR² +0.060 (0.0505) ΔKL -0.0085 (0.8491) [KL th 0.201] | +0.69/+0.27(0.256) +0.67/-0.16(0.639) -0.62/+0.54(0.061)
olmo2_7b   E_modulation  A_win40       | +0.40 (0.0015) | +0.90 +0.65 +0.91  Δ +0.013 (0.0155) ΔR² +0.170 (0.0005) ΔKL +0.0039 (0.0270) [KL th 0.053] | +0.95/+0.63(0.041) +0.34/+0.26(0.246) -0.20/+0.51(0.068)
olmo2_7b   E_modulation  B_any         | +0.22 (0.0270) | +0.90 +0.50 +0.91  Δ +0.009 (0.0350) ΔR² +0.045 (0.0305) ΔKL +0.0035 (0.0190) [KL th 0.053] | +0.34/+0.17(0.348) +0.01/+0.17(0.329) +0.46/+0.76(0.008)
olmo2_7b   E_modulation  D_doc         | +0.36 (0.0030) | +0.90 +0.64 +0.90  Δ +0.001 (0.2834) ΔR² +0.194 (0.0010) ΔKL -0.0067 (0.9585) [KL th 0.053] | +0.86/+0.64(0.032) +0.70/+0.45(0.111) -0.72/+0.21(0.321)
saved wikipedia_thin_olmomix_dclm_big
== 00:43:36 results/phase5/cond_wikipedia_thin_olmomix_dclm_big.npz wikipedia_thin_olmomix_dclm_big olmo2_1b,gemma2_2b,qwen25_3b,olmo2_7b C_harmonic,D_chord,E_modulation A_win40,B_any,D_doc --neutral --nperm-res=2000 --nperm-loo=2000
corpus=wikipedia_thin_olmomix_dclm_big; source counts [8, 27, 82, 149, 542, 506, 746, 1186, 873, 1131, 807, 594, 262, 39, 23]; neutral=True rich=False targetprior=False templates=[0, 1, 2, 3] nperm_res=2000 nperm_loo=2000 nboot=0 docboot=None
model      family        extract       | resid r (p) | LOO Spearman: theory corpus both  ΔCV (p) ΔR² (p) ΔKL (p) [theory KL] | twins raw/line-controlled (p): Cb|B Gb|F# Db|C#
olmo2_1b   C_harmonic    A_win40       | +0.34 (0.0065) | +0.59 +0.44 +0.56  Δ -0.026 (0.8841) ΔR² +0.122 (0.0075) ΔKL +0.0168 (0.0595) [KL th 0.221] | 
olmo2_1b   C_harmonic    B_any         | +0.21 (0.0575) | +0.59 +0.34 +0.54  Δ -0.044 (0.9900) ΔR² +0.045 (0.0590) ΔKL +0.0151 (0.0380) [KL th 0.221] | 
olmo2_1b   C_harmonic    D_doc         | +0.25 (0.0540) | +0.59 +0.36 +0.54  Δ -0.052 (0.9910) ΔR² +0.049 (0.1124) ΔKL -0.0043 (0.8966) [KL th 0.221] | 
olmo2_1b   D_chord       A_win40       | +0.23 (0.2449) | +0.73 +0.44 +0.71  Δ -0.018 (0.9215) ΔR² +0.031 (0.4283) ΔKL +0.0072 (0.1464) [KL th 0.237] | 
olmo2_1b   D_chord       B_any         | +0.14 (0.4478) | +0.73 +0.29 +0.71  Δ -0.019 (0.9385) ΔR² -0.003 (0.8021) ΔKL +0.0021 (0.1754) [KL th 0.237] | 
olmo2_1b   D_chord       D_doc         | +0.14 (0.4898) | +0.73 +0.30 +0.71  Δ -0.013 (0.8326) ΔR² -0.001 (0.7751) ΔKL -0.0015 (0.3403) [KL th 0.237] | 
olmo2_1b   E_modulation  A_win40       | +0.47 (0.0010) | +0.74 +0.57 +0.74  Δ +0.008 (0.2874) ΔR² +0.261 (0.0010) ΔKL +0.0288 (0.0005) [KL th 0.135] | 
olmo2_1b   E_modulation  B_any         | +0.27 (0.0100) | +0.74 +0.39 +0.73  Δ -0.009 (0.9090) ΔR² +0.072 (0.0085) ΔKL +0.0073 (0.0085) [KL th 0.135] | 
olmo2_1b   E_modulation  D_doc         | +0.36 (0.0035) | +0.74 +0.47 +0.70  Δ -0.035 (0.9955) ΔR² +0.132 (0.0055) ΔKL +0.0057 (0.0485) [KL th 0.135] | 
gemma2_2b  C_harmonic    A_win40       | +0.26 (0.1174) | +0.71 +0.45 +0.70  Δ -0.008 (0.9295) ΔR² +0.066 (0.1104) ΔKL +0.0094 (0.1979) [KL th 0.194] | 
gemma2_2b  C_harmonic    B_any         | +0.19 (0.2379) | +0.71 +0.36 +0.71  Δ -0.001 (0.7576) ΔR² +0.030 (0.2349) ΔKL +0.0095 (0.1654) [KL th 0.194] | 
gemma2_2b  C_harmonic    D_doc         | +0.14 (0.3858) | +0.71 +0.33 +0.68  Δ -0.032 (0.9955) ΔR² +0.014 (0.4218) ΔKL -0.0084 (0.9170) [KL th 0.194] | 
gemma2_2b  D_chord       A_win40       | +0.23 (0.1969) | +0.77 +0.40 +0.73  Δ -0.038 (0.9985) ΔR² +0.035 (0.2709) ΔKL +0.0051 (0.3023) [KL th 0.213] | 
gemma2_2b  D_chord       B_any         | +0.13 (0.3778) | +0.77 +0.27 +0.76  Δ -0.010 (0.8866) ΔR² -0.002 (0.6697) ΔKL +0.0030 (0.2769) [KL th 0.213] | 
gemma2_2b  D_chord       D_doc         | +0.17 (0.3118) | +0.77 +0.33 +0.76  Δ -0.016 (0.9270) ΔR² +0.007 (0.5742) ΔKL -0.0066 (0.7251) [KL th 0.213] | 
gemma2_2b  E_modulation  A_win40       | +0.49 (0.0005) | +0.76 +0.52 +0.76  Δ +0.002 (0.4278) ΔR² +0.292 (0.0005) ΔKL +0.0260 (0.0005) [KL th 0.127] | 
gemma2_2b  E_modulation  B_any         | +0.30 (0.0050) | +0.76 +0.40 +0.76  Δ +0.002 (0.4468) ΔR² +0.109 (0.0025) ΔKL +0.0145 (0.0010) [KL th 0.127] | 
gemma2_2b  E_modulation  D_doc         | +0.40 (0.0005) | +0.76 +0.47 +0.73  Δ -0.022 (0.9870) ΔR² +0.153 (0.0010) ΔKL +0.0045 (0.0170) [KL th 0.127] | 
qwen25_3b  C_harmonic    A_win40       | +0.38 (0.0180) | +0.73 +0.58 +0.71  Δ -0.020 (0.9595) ΔR² +0.180 (0.0050) ΔKL +0.0313 (0.0140) [KL th 0.219] | 
qwen25_3b  C_harmonic    B_any         | +0.23 (0.1329) | +0.73 +0.45 +0.72  Δ -0.012 (0.8526) ΔR² +0.049 (0.1149) ΔKL +0.0150 (0.0830) [KL th 0.219] | 
qwen25_3b  C_harmonic    D_doc         | +0.20 (0.2454) | +0.73 +0.36 +0.68  Δ -0.053 (1.0000) ΔR² +0.043 (0.2014) ΔKL -0.0066 (0.9265) [KL th 0.219] | 
qwen25_3b  D_chord       A_win40       | +0.30 (0.0490) | +0.74 +0.48 +0.75  Δ +0.008 (0.3013) ΔR² +0.129 (0.0155) ΔKL +0.0117 (0.0570) [KL th 0.175] | 
qwen25_3b  D_chord       B_any         | +0.24 (0.0895) | +0.74 +0.34 +0.76  Δ +0.013 (0.1794) ΔR² +0.074 (0.0465) ΔKL +0.0128 (0.0230) [KL th 0.175] | 
qwen25_3b  D_chord       D_doc         | +0.25 (0.1259) | +0.74 +0.35 +0.71  Δ -0.031 (0.9830) ΔR² +0.058 (0.1309) ΔKL +0.0002 (0.3478) [KL th 0.175] | 
qwen25_3b  E_modulation  A_win40       | +0.39 (0.0080) | +0.84 +0.53 +0.83  Δ -0.007 (0.6592) ΔR² +0.173 (0.0050) ΔKL +0.0147 (0.0030) [KL th 0.120] | 
qwen25_3b  E_modulation  B_any         | +0.23 (0.0540) | +0.84 +0.35 +0.84  Δ +0.002 (0.1559) ΔR² +0.051 (0.0345) ΔKL +0.0054 (0.0120) [KL th 0.120] | 
qwen25_3b  E_modulation  D_doc         | +0.32 (0.0230) | +0.84 +0.42 +0.82  Δ -0.015 (0.8636) ΔR² +0.079 (0.0540) ΔKL +0.0008 (0.1694) [KL th 0.120] | 
olmo2_7b   C_harmonic    A_win40       | +0.35 (0.0105) | +0.56 +0.46 +0.63  Δ +0.070 (0.0005) ΔR² +0.170 (0.0010) ΔKL +0.0468 (0.0010) [KL th 0.285] | 
olmo2_7b   C_harmonic    B_any         | +0.26 (0.0375) | +0.56 +0.42 +0.60  Δ +0.042 (0.0060) ΔR² +0.064 (0.0325) ΔKL +0.0257 (0.0220) [KL th 0.285] | 
olmo2_7b   C_harmonic    D_doc         | +0.28 (0.0490) | +0.56 +0.37 +0.55  Δ -0.002 (0.3713) ΔR² +0.060 (0.0730) ΔKL +0.0148 (0.1219) [KL th 0.285] | 
olmo2_7b   D_chord       A_win40       | +0.42 (0.0075) | +0.63 +0.49 +0.64  Δ +0.017 (0.2219) ΔR² +0.156 (0.0085) ΔKL +0.0670 (0.0005) [KL th 0.362] | 
olmo2_7b   D_chord       B_any         | +0.27 (0.0810) | +0.63 +0.39 +0.64  Δ +0.016 (0.2129) ΔR² +0.057 (0.0755) ΔKL +0.0492 (0.0020) [KL th 0.362] | 
olmo2_7b   D_chord       D_doc         | +0.29 (0.0910) | +0.63 +0.36 +0.63  Δ +0.003 (0.5357) ΔR² +0.064 (0.1214) ΔKL +0.0111 (0.1499) [KL th 0.362] | 
olmo2_7b   E_modulation  A_win40       | +0.51 (0.0020) | +0.74 +0.57 +0.77  Δ +0.030 (0.0020) ΔR² +0.314 (0.0010) ΔKL +0.0305 (0.0005) [KL th 0.131] | 
olmo2_7b   E_modulation  B_any         | +0.32 (0.0210) | +0.74 +0.46 +0.77  Δ +0.027 (0.0025) ΔR² +0.115 (0.0055) ΔKL +0.0160 (0.0005) [KL th 0.131] | 
olmo2_7b   E_modulation  D_doc         | +0.40 (0.0060) | +0.74 +0.46 +0.71  Δ -0.036 (0.9780) ΔR² +0.154 (0.0035) ΔKL +0.0057 (0.0275) [KL th 0.131] | 
saved wikipedia_thin_olmomix_dclm_big_neutral
HARDEN_DONE
