WROTE /home/moloch/Documents/Research/pitch_fourier/results/phase5/v4_provenance_manifest.json
VALID /home/moloch/Documents/Research/pitch_fourier/results/phase5/v4_provenance_manifest.json
PREFLIGHT {"checkpoint_revisions": 12, "corpora": 8, "models": 4, "v3_json_inputs": 43}
VALID /home/moloch/Documents/Research/pitch_fourier/results/phase5/v4_provenance_manifest.json
VALID /home/moloch/Documents/Research/pitch_fourier/results/phase5/v4_provenance_manifest.json
== 19:23:30 fingerprint results/phase5/cond_wikipedia.npz wikipedia_v4 olmo2_1b,gemma2_2b,qwen25_3b,olmo2_7b C_harmonic,D_chord,E_modulation A_win40,B_any,D_doc --nperm-res=5000 --nperm-loo=5000
corpus=wikipedia_v4; source counts [38, 162, 438, 813, 2943, 2666, 4285, 6334, 4719, 6139, 4283, 3096, 1542, 232, 121]; view=spelled rich=False targetprior=False templates=[0, 1, 2, 3] nperm_res=5000 nperm_loo=5000 nboot=0 jobs=20
model      family        extract       | residual r (p) | LOO theory corpus both ΔCV(p) ΔR²(p) ΔKL(p)
olmo2_1b   C_harmonic    A_win40       | +0.08 (0.3183) | +0.87 +0.68 +0.88 Δ +0.004 (0.3917) ΔR² +0.009 (0.4779) ΔKL +0.0031 (0.3455)
olmo2_1b   C_harmonic    B_any         | +0.06 (0.3501) | +0.87 +0.59 +0.88 Δ +0.003 (0.4277) ΔR² -0.002 (0.7057) ΔKL +0.0011 (0.4349)
olmo2_1b   C_harmonic    D_doc         | +0.19 (0.1702) | +0.87 +0.67 +0.88 Δ +0.008 (0.2184) ΔR² +0.039 (0.2883) ΔKL +0.0002 (0.6071)
olmo2_1b   D_chord       A_win40       | -0.04 (0.5819) | +0.94 +0.60 +0.94 Δ +0.001 (0.3821) ΔR² -0.007 (0.9690) ΔKL +0.0016 (0.1476)
olmo2_1b   D_chord       B_any         | -0.03 (0.5611) | +0.94 +0.53 +0.94 Δ +0.000 (0.4909) ΔR² -0.010 (0.9884) ΔKL +0.0010 (0.1550)
olmo2_1b   D_chord       D_doc         | +0.06 (0.4231) | +0.94 +0.60 +0.94 Δ +0.002 (0.3567) ΔR² +0.013 (0.5565) ΔKL +0.0003 (0.2599)
olmo2_1b   E_modulation  A_win40       | +0.15 (0.1432) | +0.92 +0.72 +0.93 Δ +0.009 (0.0150) ΔR² +0.056 (0.0298) ΔKL +0.0038 (0.0048)
olmo2_1b   E_modulation  B_any         | +0.07 (0.2935) | +0.92 +0.63 +0.93 Δ +0.006 (0.0466) ΔR² +0.015 (0.1880) ΔKL +0.0016 (0.0556)
olmo2_1b   E_modulation  D_doc         | +0.27 (0.0282) | +0.92 +0.75 +0.93 Δ +0.008 (0.0472) ΔR² +0.073 (0.0234) ΔKL +0.0037 (0.0056)
gemma2_2b  C_harmonic    A_win40       | -0.04 (0.5973) | +0.89 +0.61 +0.89 Δ -0.001 (0.8236) ΔR² -0.012 (0.9844) ΔKL +0.0000 (0.5349)
gemma2_2b  C_harmonic    B_any         | -0.02 (0.5515) | +0.89 +0.52 +0.89 Δ +0.000 (0.5987) ΔR² -0.008 (0.9354) ΔKL -0.0002 (0.5513)
gemma2_2b  C_harmonic    D_doc         | +0.10 (0.2855) | +0.89 +0.63 +0.89 Δ +0.003 (0.3819) ΔR² +0.020 (0.3847) ΔKL -0.0038 (0.8662)
gemma2_2b  D_chord       A_win40       | -0.11 (0.7389) | +0.95 +0.61 +0.95 Δ +0.000 (0.5293) ΔR² -0.017 (0.9974) ΔKL -0.0008 (0.5245)
gemma2_2b  D_chord       B_any         | -0.13 (0.8166) | +0.95 +0.52 +0.95 Δ -0.004 (0.9768) ΔR² -0.008 (0.9252) ΔKL -0.0020 (0.7043)
gemma2_2b  D_chord       D_doc         | +0.11 (0.2863) | +0.95 +0.66 +0.96 Δ +0.006 (0.1048) ΔR² +0.009 (0.4943) ΔKL +0.0001 (0.3139)
gemma2_2b  E_modulation  A_win40       | +0.11 (0.2893) | +0.93 +0.72 +0.94 Δ +0.007 (0.0768) ΔR² +0.023 (0.3089) ΔKL +0.0092 (0.0134)
gemma2_2b  E_modulation  B_any         | +0.06 (0.3903) | +0.93 +0.62 +0.94 Δ +0.007 (0.0720) ΔR² -0.003 (0.7257) ΔKL +0.0051 (0.0444)
gemma2_2b  E_modulation  D_doc         | +0.44 (0.0106) | +0.93 +0.75 +0.94 Δ +0.016 (0.0030) ΔR² +0.167 (0.0116) ΔKL +0.0209 (0.0008)
qwen25_3b  C_harmonic    A_win40       | +0.04 (0.4127) | +0.88 +0.70 +0.89 Δ +0.013 (0.0396) ΔR² +0.040 (0.1806) ΔKL +0.0095 (0.0914)
qwen25_3b  C_harmonic    B_any         | -0.05 (0.5925) | +0.88 +0.60 +0.89 Δ +0.008 (0.0710) ΔR² +0.002 (0.5403) ΔKL +0.0030 (0.2637)
qwen25_3b  C_harmonic    D_doc         | +0.27 (0.0838) | +0.88 +0.68 +0.88 Δ +0.005 (0.2496) ΔR² +0.051 (0.1972) ΔKL +0.0080 (0.1838)
qwen25_3b  D_chord       A_win40       | +0.07 (0.3623) | +0.88 +0.67 +0.89 Δ +0.002 (0.4095) ΔR² +0.020 (0.2969) ΔKL +0.0034 (0.3851)
qwen25_3b  D_chord       B_any         | +0.13 (0.2180) | +0.88 +0.57 +0.89 Δ +0.004 (0.1918) ΔR² +0.021 (0.2386) ΔKL +0.0026 (0.3821)
qwen25_3b  D_chord       D_doc         | -0.07 (0.6409) | +0.88 +0.66 +0.88 Δ -0.006 (0.9266) ΔR² -0.018 (0.9992) ΔKL -0.0030 (0.9220)
qwen25_3b  E_modulation  A_win40       | -0.00 (0.5015) | +0.95 +0.71 +0.95 Δ +0.004 (0.1402) ΔR² -0.014 (0.9872) ΔKL +0.0010 (0.1588)
qwen25_3b  E_modulation  B_any         | -0.09 (0.7431) | +0.95 +0.60 +0.95 Δ +0.004 (0.1476) ΔR² -0.020 (0.9972) ΔKL +0.0004 (0.2507)
qwen25_3b  E_modulation  D_doc         | +0.19 (0.1048) | +0.95 +0.72 +0.95 Δ +0.000 (0.6887) ΔR² +0.017 (0.3197) ΔKL +0.0040 (0.0238)
olmo2_7b   C_harmonic    A_win40       | -0.03 (0.5473) | +0.77 +0.63 +0.77 Δ +0.003 (0.5317) ΔR² -0.003 (0.7071) ΔKL +0.0028 (0.4027)
olmo2_7b   C_harmonic    B_any         | -0.05 (0.6157) | +0.77 +0.54 +0.77 Δ +0.003 (0.5091) ΔR² -0.012 (0.9756) ΔKL -0.0017 (0.7347)
olmo2_7b   C_harmonic    D_doc         | +0.16 (0.1982) | +0.77 +0.65 +0.78 Δ +0.011 (0.2877) ΔR² +0.034 (0.2613) ΔKL -0.0003 (0.6191)
olmo2_7b   D_chord       A_win40       | -0.07 (0.6805) | +0.82 +0.62 +0.83 Δ +0.002 (0.5817) ΔR² -0.003 (0.6411) ΔKL +0.0026 (0.3545)
olmo2_7b   D_chord       B_any         | -0.04 (0.6147) | +0.82 +0.53 +0.83 Δ +0.004 (0.4649) ΔR² -0.004 (0.6437) ΔKL -0.0003 (0.4961)
olmo2_7b   D_chord       D_doc         | -0.02 (0.5321) | +0.82 +0.62 +0.83 Δ +0.004 (0.4947) ΔR² +0.000 (0.5611) ΔKL -0.0009 (0.5931)
olmo2_7b   E_modulation  A_win40       | +0.25 (0.0260) | +0.88 +0.75 +0.91 Δ +0.024 (0.0012) ΔR² +0.118 (0.0020) ΔKL +0.0096 (0.0008)
olmo2_7b   E_modulation  B_any         | +0.15 (0.1044) | +0.88 +0.65 +0.90 Δ +0.017 (0.0062) ΔR² +0.041 (0.0434) ΔKL +0.0052 (0.0150)
olmo2_7b   E_modulation  D_doc         | +0.43 (0.0006) | +0.88 +0.74 +0.90 Δ +0.013 (0.0500) ΔR² +0.179 (0.0002) ΔKL +0.0066 (0.0220)
saved wikipedia_v4
VALID /home/moloch/Documents/Research/pitch_fourier/results/phase5/v4_provenance_manifest.json
VALID results/phase5/fingerprint/wikipedia_v4.json: 36 cells
VALID /home/moloch/Documents/Research/pitch_fourier/results/phase5/v4_provenance_manifest.json
== 19:31:09 fingerprint results/phase5/cond_wikipedia.npz wikipedia_v4 olmo2_1b,gemma2_2b,qwen25_3b,olmo2_7b C_harmonic,D_chord,E_modulation A_win40,B_any,D_doc --neutral --nperm-res=5000 --nperm-loo=5000
corpus=wikipedia_v4; source counts [38, 162, 438, 813, 2943, 2666, 4285, 6334, 4719, 6139, 4283, 3096, 1542, 232, 121]; view=aggregated rich=False targetprior=False templates=[0, 1, 2, 3] nperm_res=5000 nperm_loo=5000 nboot=0 jobs=20
model      family        extract       | residual r (p) | LOO theory corpus both ΔCV(p) ΔR²(p) ΔKL(p)
olmo2_1b   C_harmonic    A_win40       | +0.12 (0.2943) | +0.70 +0.54 +0.70 Δ +0.000 (0.5507) ΔR² +0.024 (0.2837) ΔKL +0.0023 (0.4117)
olmo2_1b   C_harmonic    B_any         | +0.08 (0.3335) | +0.70 +0.47 +0.70 Δ -0.005 (0.7177) ΔR² +0.006 (0.4193) ΔKL +0.0008 (0.4833)
olmo2_1b   C_harmonic    D_doc         | -0.11 (0.6725) | +0.70 +0.42 +0.70 Δ -0.002 (0.6615) ΔR² -0.009 (0.9298) ΔKL -0.0007 (0.7546)
olmo2_1b   D_chord       A_win40       | -0.01 (0.5605) | +0.96 +0.43 +0.96 Δ +0.002 (0.1450) ΔR² -0.009 (0.8176) ΔKL +0.0006 (0.3267)
olmo2_1b   D_chord       B_any         | -0.13 (0.8144) | +0.96 +0.38 +0.96 Δ +0.000 (0.4291) ΔR² -0.009 (0.7862) ΔKL -0.0001 (0.4561)
olmo2_1b   D_chord       D_doc         | -0.03 (0.5945) | +0.96 +0.34 +0.96 Δ +0.000 (0.4035) ΔR² -0.026 (0.9916) ΔKL -0.0002 (0.5115)
olmo2_1b   E_modulation  A_win40       | +0.24 (0.0192) | +0.83 +0.63 +0.82 Δ -0.008 (0.8628) ΔR² +0.068 (0.0010) ΔKL +0.0041 (0.0150)
olmo2_1b   E_modulation  B_any         | +0.09 (0.2547) | +0.83 +0.53 +0.82 Δ -0.008 (0.8668) ΔR² +0.004 (0.1926) ΔKL +0.0001 (0.3469)
olmo2_1b   E_modulation  D_doc         | +0.18 (0.1344) | +0.83 +0.54 +0.82 Δ -0.007 (0.7906) ΔR² +0.079 (0.0006) ΔKL +0.0052 (0.0076)
gemma2_2b  C_harmonic    A_win40       | +0.03 (0.4445) | +0.80 +0.45 +0.79 Δ -0.004 (0.7746) ΔR² -0.016 (0.9812) ΔKL -0.0023 (0.8604)
gemma2_2b  C_harmonic    B_any         | +0.03 (0.4395) | +0.80 +0.40 +0.79 Δ -0.007 (0.8754) ΔR² -0.020 (0.9856) ΔKL -0.0025 (0.8748)
gemma2_2b  C_harmonic    D_doc         | -0.02 (0.5517) | +0.80 +0.38 +0.80 Δ +0.000 (0.6123) ΔR² -0.002 (0.7544) ΔKL -0.0007 (0.7081)
gemma2_2b  D_chord       A_win40       | +0.03 (0.4181) | +0.90 +0.41 +0.90 Δ -0.002 (0.7950) ΔR² -0.010 (0.8920) ΔKL -0.0006 (0.7195)
gemma2_2b  D_chord       B_any         | -0.07 (0.7091) | +0.90 +0.34 +0.90 Δ +0.002 (0.2523) ΔR² +0.001 (0.3825) ΔKL -0.0011 (0.8634)
gemma2_2b  D_chord       D_doc         | -0.06 (0.6529) | +0.90 +0.39 +0.90 Δ -0.005 (0.9402) ΔR² -0.007 (0.8776) ΔKL -0.0015 (0.9376)
gemma2_2b  E_modulation  A_win40       | +0.28 (0.0006) | +0.87 +0.60 +0.87 Δ +0.001 (0.1514) ΔR² +0.071 (0.0016) ΔKL +0.0053 (0.0012)
gemma2_2b  E_modulation  B_any         | +0.16 (0.0514) | +0.87 +0.52 +0.87 Δ -0.000 (0.1940) ΔR² +0.024 (0.0356) ΔKL +0.0032 (0.0110)
gemma2_2b  E_modulation  D_doc         | +0.17 (0.0524) | +0.87 +0.53 +0.87 Δ +0.003 (0.0304) ΔR² +0.071 (0.0012) ΔKL +0.0041 (0.0118)
qwen25_3b  C_harmonic    A_win40       | +0.12 (0.0826) | +0.82 +0.56 +0.83 Δ +0.018 (0.0156) ΔR² +0.021 (0.0952) ΔKL +0.0037 (0.1010)
qwen25_3b  C_harmonic    B_any         | -0.02 (0.5739) | +0.82 +0.51 +0.82 Δ +0.004 (0.2076) ΔR² -0.006 (0.5201) ΔKL -0.0002 (0.4277)
qwen25_3b  C_harmonic    D_doc         | +0.04 (0.3359) | +0.82 +0.45 +0.83 Δ +0.010 (0.0968) ΔR² +0.017 (0.1904) ΔKL +0.0031 (0.1996)
qwen25_3b  D_chord       A_win40       | +0.15 (0.2040) | +0.80 +0.53 +0.80 Δ -0.003 (0.8560) ΔR² -0.008 (0.8844) ΔKL -0.0024 (0.9462)
qwen25_3b  D_chord       B_any         | +0.08 (0.3037) | +0.80 +0.44 +0.79 Δ -0.012 (0.9756) ΔR² -0.019 (0.9784) ΔKL -0.0022 (0.9370)
qwen25_3b  D_chord       D_doc         | -0.00 (0.4699) | +0.80 +0.42 +0.80 Δ -0.002 (0.8458) ΔR² -0.022 (0.9930) ΔKL -0.0017 (0.9010)
qwen25_3b  E_modulation  A_win40       | +0.07 (0.2358) | +0.88 +0.59 +0.87 Δ -0.005 (0.8130) ΔR² -0.008 (0.7738) ΔKL -0.0001 (0.3339)
qwen25_3b  E_modulation  B_any         | -0.11 (0.9030) | +0.88 +0.47 +0.88 Δ +0.001 (0.1904) ΔR² -0.005 (0.5207) ΔKL -0.0002 (0.3627)
qwen25_3b  E_modulation  D_doc         | -0.12 (0.9006) | +0.88 +0.45 +0.87 Δ -0.005 (0.8082) ΔR² -0.011 (0.9192) ΔKL +0.0000 (0.3033)
olmo2_7b   C_harmonic    A_win40       | -0.04 (0.5687) | +0.71 +0.44 +0.71 Δ +0.005 (0.4349) ΔR² -0.013 (0.8916) ΔKL -0.0007 (0.6819)
olmo2_7b   C_harmonic    B_any         | -0.08 (0.6611) | +0.71 +0.41 +0.70 Δ -0.008 (0.9222) ΔR² -0.014 (0.8842) ΔKL -0.0019 (0.8348)
olmo2_7b   C_harmonic    D_doc         | -0.11 (0.6787) | +0.71 +0.43 +0.70 Δ -0.005 (0.8578) ΔR² -0.038 (0.9994) ΔKL -0.0069 (1.0000)
olmo2_7b   D_chord       A_win40       | -0.10 (0.7295) | +0.68 +0.47 +0.68 Δ -0.002 (0.6215) ΔR² -0.021 (0.9716) ΔKL -0.0096 (0.9966)
olmo2_7b   D_chord       B_any         | -0.16 (0.8666) | +0.68 +0.42 +0.67 Δ -0.010 (0.8472) ΔR² -0.013 (0.8614) ΔKL -0.0129 (0.9992)
olmo2_7b   D_chord       D_doc         | -0.14 (0.7642) | +0.68 +0.44 +0.69 Δ +0.012 (0.2056) ΔR² -0.026 (0.9924) ΔKL -0.0110 (0.9956)
olmo2_7b   E_modulation  A_win40       | +0.31 (0.0004) | +0.73 +0.64 +0.77 Δ +0.036 (0.0002) ΔR² +0.090 (0.0002) ΔKL +0.0038 (0.0030)
olmo2_7b   E_modulation  B_any         | +0.16 (0.0492) | +0.73 +0.57 +0.75 Δ +0.015 (0.0196) ΔR² +0.024 (0.0366) ΔKL +0.0005 (0.1834)
olmo2_7b   E_modulation  D_doc         | +0.09 (0.1668) | +0.73 +0.51 +0.75 Δ +0.020 (0.0070) ΔR² +0.029 (0.0388) ΔKL +0.0007 (0.2346)
saved wikipedia_v4_neutral
VALID /home/moloch/Documents/Research/pitch_fourier/results/phase5/v4_provenance_manifest.json
VALID results/phase5/fingerprint/wikipedia_v4_neutral.json: 36 cells
VALID /home/moloch/Documents/Research/pitch_fourier/results/phase5/v4_provenance_manifest.json
== 19:40:43 fingerprint results/phase5/cond_wikipedia.npz wikipedia_v4 olmo2_1b,gemma2_2b,qwen25_3b,olmo2_7b C_harmonic,E_modulation A_win40,D_doc --neutral --rich --nperm-res=5000 --nperm-loo=5000
corpus=wikipedia_v4; source counts [38, 162, 438, 813, 2943, 2666, 4285, 6334, 4719, 6139, 4283, 3096, 1542, 232, 121]; view=aggregated rich=True targetprior=False templates=[0, 1, 2, 3] nperm_res=5000 nperm_loo=5000 nboot=0 jobs=20
model      family        extract       | residual r (p) | LOO theory corpus both ΔCV(p) ΔR²(p) ΔKL(p)
olmo2_1b   C_harmonic    A_win40       | +0.12 (0.2943) | +0.71 +0.54 +0.73 Δ +0.016 (0.1948) ΔR² +0.022 (0.3097) ΔKL +0.0019 (0.4519)
olmo2_1b   C_harmonic    D_doc         | -0.11 (0.6725) | +0.71 +0.42 +0.71 Δ -0.006 (0.7415) ΔR² -0.015 (0.9824) ΔKL -0.0009 (0.8032)
olmo2_1b   E_modulation  A_win40       | +0.24 (0.0192) | +0.84 +0.63 +0.82 Δ -0.016 (0.9750) ΔR² +0.062 (0.0020) ΔKL +0.0035 (0.0340)
olmo2_1b   E_modulation  D_doc         | +0.18 (0.1344) | +0.84 +0.54 +0.82 Δ -0.013 (0.9394) ΔR² +0.061 (0.0056) ΔKL +0.0039 (0.0440)
gemma2_2b  C_harmonic    A_win40       | +0.03 (0.4445) | +0.79 +0.45 +0.79 Δ +0.000 (0.4913) ΔR² -0.018 (0.9854) ΔKL -0.0026 (0.8698)
gemma2_2b  C_harmonic    D_doc         | -0.02 (0.5517) | +0.79 +0.38 +0.79 Δ -0.001 (0.6541) ΔR² -0.005 (0.8764) ΔKL -0.0010 (0.7353)
gemma2_2b  E_modulation  A_win40       | +0.28 (0.0006) | +0.86 +0.60 +0.88 Δ +0.019 (0.0002) ΔR² +0.099 (0.0004) ΔKL +0.0061 (0.0004)
gemma2_2b  E_modulation  D_doc         | +0.17 (0.0524) | +0.86 +0.53 +0.89 Δ +0.024 (0.0002) ΔR² +0.066 (0.0016) ΔKL +0.0031 (0.0224)
qwen25_3b  C_harmonic    A_win40       | +0.12 (0.0826) | +0.83 +0.56 +0.85 Δ +0.015 (0.0646) ΔR² +0.009 (0.1704) ΔKL +0.0021 (0.1690)
qwen25_3b  C_harmonic    D_doc         | +0.04 (0.3359) | +0.83 +0.45 +0.85 Δ +0.015 (0.0624) ΔR² +0.001 (0.3519) ΔKL +0.0013 (0.2973)
qwen25_3b  E_modulation  A_win40       | +0.07 (0.2358) | +0.89 +0.59 +0.89 Δ -0.005 (0.9528) ΔR² -0.005 (0.5499) ΔKL -0.0002 (0.4023)
qwen25_3b  E_modulation  D_doc         | -0.12 (0.9006) | +0.89 +0.45 +0.90 Δ +0.006 (0.0642) ΔR² -0.010 (0.8902) ΔKL -0.0003 (0.5535)
olmo2_7b   C_harmonic    A_win40       | -0.04 (0.5687) | +0.71 +0.44 +0.70 Δ -0.005 (0.5537) ΔR² -0.023 (0.9822) ΔKL -0.0026 (0.9270)
olmo2_7b   C_harmonic    D_doc         | -0.11 (0.6787) | +0.71 +0.43 +0.71 Δ +0.004 (0.2210) ΔR² -0.029 (0.9944) ΔKL -0.0060 (0.9994)
olmo2_7b   E_modulation  A_win40       | +0.31 (0.0004) | +0.74 +0.64 +0.77 Δ +0.028 (0.0052) ΔR² +0.078 (0.0006) ΔKL +0.0033 (0.0026)
olmo2_7b   E_modulation  D_doc         | +0.09 (0.1668) | +0.74 +0.51 +0.75 Δ +0.010 (0.2092) ΔR² +0.003 (0.2777) ΔKL -0.0003 (0.6283)
saved wikipedia_v4_neutral_rich
VALID /home/moloch/Documents/Research/pitch_fourier/results/phase5/v4_provenance_manifest.json
VALID results/phase5/fingerprint/wikipedia_v4_neutral_rich.json: 16 cells
VALID /home/moloch/Documents/Research/pitch_fourier/results/phase5/v4_provenance_manifest.json
== 19:46:19 fingerprint results/phase5/cond_wikipedia.npz wikipedia_v4 olmo2_1b,gemma2_2b,qwen25_3b,olmo2_7b C_harmonic,E_modulation A_win40,D_doc --rich --nperm-res=5000 --nperm-loo=5000
corpus=wikipedia_v4; source counts [38, 162, 438, 813, 2943, 2666, 4285, 6334, 4719, 6139, 4283, 3096, 1542, 232, 121]; view=spelled rich=True targetprior=False templates=[0, 1, 2, 3] nperm_res=5000 nperm_loo=5000 nboot=0 jobs=20
model      family        extract       | residual r (p) | LOO theory corpus both ΔCV(p) ΔR²(p) ΔKL(p)
olmo2_1b   C_harmonic    A_win40       | +0.08 (0.3183) | +0.88 +0.68 +0.88 Δ +0.001 (0.4159) ΔR² +0.009 (0.4881) ΔKL +0.0033 (0.3247)
olmo2_1b   C_harmonic    D_doc         | +0.19 (0.1702) | +0.88 +0.67 +0.88 Δ +0.002 (0.4011) ΔR² +0.045 (0.2599) ΔKL -0.0001 (0.6307)
olmo2_1b   E_modulation  A_win40       | +0.15 (0.1432) | +0.92 +0.72 +0.93 Δ +0.006 (0.0434) ΔR² +0.025 (0.1610) ΔKL +0.0031 (0.0144)
olmo2_1b   E_modulation  D_doc         | +0.27 (0.0282) | +0.92 +0.75 +0.94 Δ +0.011 (0.0036) ΔR² +0.060 (0.0568) ΔKL +0.0032 (0.0158)
gemma2_2b  C_harmonic    A_win40       | -0.04 (0.5973) | +0.89 +0.61 +0.89 Δ -0.001 (0.7778) ΔR² -0.010 (0.9718) ΔKL +0.0002 (0.5161)
gemma2_2b  C_harmonic    D_doc         | +0.10 (0.2855) | +0.89 +0.63 +0.88 Δ -0.005 (0.9698) ΔR² +0.023 (0.3557) ΔKL -0.0052 (0.8988)
gemma2_2b  E_modulation  A_win40       | +0.11 (0.2893) | +0.93 +0.72 +0.93 Δ +0.004 (0.0780) ΔR² +0.021 (0.3415) ΔKL +0.0112 (0.0072)
gemma2_2b  E_modulation  D_doc         | +0.44 (0.0106) | +0.93 +0.75 +0.94 Δ +0.013 (0.0016) ΔR² +0.157 (0.0206) ΔKL +0.0226 (0.0002)
qwen25_3b  C_harmonic    A_win40       | +0.04 (0.4127) | +0.89 +0.70 +0.90 Δ +0.006 (0.2597) ΔR² -0.001 (0.6797) ΔKL +0.0039 (0.2406)
qwen25_3b  C_harmonic    D_doc         | +0.27 (0.0838) | +0.89 +0.68 +0.90 Δ +0.006 (0.2941) ΔR² +0.033 (0.3229) ΔKL +0.0060 (0.2282)
qwen25_3b  E_modulation  A_win40       | -0.00 (0.5015) | +0.95 +0.71 +0.96 Δ +0.003 (0.0924) ΔR² -0.025 (0.9998) ΔKL +0.0004 (0.2655)
qwen25_3b  E_modulation  D_doc         | +0.19 (0.1048) | +0.95 +0.72 +0.95 Δ -0.005 (0.9222) ΔR² +0.004 (0.5007) ΔKL +0.0037 (0.0238)
olmo2_7b   C_harmonic    A_win40       | -0.03 (0.5473) | +0.78 +0.63 +0.78 Δ -0.001 (0.8520) ΔR² -0.010 (0.9644) ΔKL -0.0025 (0.8342)
olmo2_7b   C_harmonic    D_doc         | +0.16 (0.1982) | +0.78 +0.65 +0.79 Δ +0.004 (0.5997) ΔR² +0.008 (0.5531) ΔKL -0.0023 (0.8182)
olmo2_7b   E_modulation  A_win40       | +0.25 (0.0260) | +0.90 +0.75 +0.91 Δ +0.013 (0.0088) ΔR² +0.046 (0.0510) ΔKL +0.0057 (0.0130)
olmo2_7b   E_modulation  D_doc         | +0.43 (0.0006) | +0.90 +0.74 +0.90 Δ +0.003 (0.1994) ΔR² +0.147 (0.0014) ΔKL +0.0058 (0.0216)
saved wikipedia_v4_rich
VALID /home/moloch/Documents/Research/pitch_fourier/results/phase5/v4_provenance_manifest.json
VALID results/phase5/fingerprint/wikipedia_v4_rich.json: 16 cells
VALID /home/moloch/Documents/Research/pitch_fourier/results/phase5/v4_provenance_manifest.json
== 19:51:37 fingerprint results/phase5/cond_wikipedia.npz wikipedia_v4 olmo2_1b,gemma2_2b,qwen25_3b,olmo2_7b C_harmonic,D_chord,E_modulation A_win40,B_any,D_doc --neutral --targetprior --nperm-res=5000 --nperm-loo=5000
corpus=wikipedia_v4; source counts [38, 162, 438, 813, 2943, 2666, 4285, 6334, 4719, 6139, 4283, 3096, 1542, 232, 121]; view=aggregated rich=False targetprior=True templates=[0, 1, 2, 3] nperm_res=5000 nperm_loo=5000 nboot=0 jobs=20
model      family        extract       | residual r (p) | LOO theory corpus both ΔCV(p) ΔR²(p) ΔKL(p)
olmo2_1b   C_harmonic    A_win40       | +0.12 (0.2943) | +0.76 +0.54 +0.77 Δ +0.005 (0.1540) ΔR² +0.009 (0.0480) ΔKL -0.0004 (0.5161)
olmo2_1b   C_harmonic    B_any         | +0.08 (0.3335) | +0.76 +0.47 +0.76 Δ -0.002 (0.6713) ΔR² -0.005 (0.4643) ΔKL -0.0006 (0.6305)
olmo2_1b   C_harmonic    D_doc         | -0.11 (0.6725) | +0.76 +0.42 +0.76 Δ -0.001 (0.5377) ΔR² -0.006 (0.7063) ΔKL -0.0005 (0.6799)
olmo2_1b   D_chord       A_win40       | -0.01 (0.5605) | +0.97 +0.43 +0.97 Δ -0.001 (0.3371) ΔR² -0.008 (0.7996) ΔKL +0.0006 (0.0808)
olmo2_1b   D_chord       B_any         | -0.13 (0.8144) | +0.97 +0.38 +0.97 Δ -0.001 (0.4955) ΔR² -0.005 (0.5589) ΔKL -0.0001 (0.4213)
olmo2_1b   D_chord       D_doc         | -0.03 (0.5945) | +0.97 +0.34 +0.97 Δ +0.001 (0.0624) ΔR² -0.031 (0.9982) ΔKL -0.0009 (0.9528)
olmo2_1b   E_modulation  A_win40       | +0.24 (0.0192) | +0.83 +0.63 +0.82 Δ -0.006 (0.9916) ΔR² +0.076 (0.0002) ΔKL +0.0043 (0.0002)
olmo2_1b   E_modulation  B_any         | +0.09 (0.2547) | +0.83 +0.53 +0.83 Δ +0.000 (0.4923) ΔR² +0.010 (0.0294) ΔKL +0.0005 (0.0334)
olmo2_1b   E_modulation  D_doc         | +0.18 (0.1344) | +0.83 +0.54 +0.83 Δ +0.002 (0.2216) ΔR² +0.088 (0.0002) ΔKL +0.0053 (0.0002)
gemma2_2b  C_harmonic    A_win40       | +0.03 (0.4445) | +0.85 +0.45 +0.85 Δ +0.003 (0.2004) ΔR² -0.016 (0.9630) ΔKL -0.0012 (0.8968)
gemma2_2b  C_harmonic    B_any         | +0.03 (0.4395) | +0.85 +0.40 +0.85 Δ +0.001 (0.4051) ΔR² -0.020 (0.9728) ΔKL -0.0009 (0.7624)
gemma2_2b  C_harmonic    D_doc         | -0.02 (0.5517) | +0.85 +0.38 +0.85 Δ -0.002 (0.9368) ΔR² -0.004 (0.5919) ΔKL -0.0005 (0.7079)
gemma2_2b  D_chord       A_win40       | +0.03 (0.4181) | +0.93 +0.41 +0.93 Δ -0.002 (0.7451) ΔR² -0.003 (0.4453) ΔKL -0.0001 (0.2965)
gemma2_2b  D_chord       B_any         | -0.07 (0.7091) | +0.93 +0.34 +0.92 Δ -0.003 (0.7826) ΔR² +0.006 (0.1094) ΔKL -0.0005 (0.6591)
gemma2_2b  D_chord       D_doc         | -0.06 (0.6529) | +0.93 +0.39 +0.93 Δ +0.000 (0.2801) ΔR² +0.003 (0.2168) ΔKL -0.0013 (0.9712)
gemma2_2b  E_modulation  A_win40       | +0.28 (0.0006) | +0.86 +0.60 +0.87 Δ +0.010 (0.0284) ΔR² +0.056 (0.0008) ΔKL +0.0037 (0.0004)
gemma2_2b  E_modulation  B_any         | +0.16 (0.0514) | +0.86 +0.52 +0.87 Δ +0.012 (0.0110) ΔR² +0.008 (0.0648) ΔKL +0.0015 (0.0060)
gemma2_2b  E_modulation  D_doc         | +0.17 (0.0524) | +0.86 +0.53 +0.88 Δ +0.019 (0.0008) ΔR² +0.055 (0.0002) ΔKL +0.0025 (0.0004)
qwen25_3b  C_harmonic    A_win40       | +0.12 (0.0826) | +0.82 +0.56 +0.82 Δ -0.002 (0.8646) ΔR² +0.006 (0.0768) ΔKL +0.0009 (0.0360)
qwen25_3b  C_harmonic    B_any         | -0.02 (0.5739) | +0.82 +0.51 +0.83 Δ +0.005 (0.1018) ΔR² -0.010 (0.8110) ΔKL -0.0009 (0.7852)
qwen25_3b  C_harmonic    D_doc         | +0.04 (0.3359) | +0.82 +0.45 +0.82 Δ +0.000 (0.5497) ΔR² +0.000 (0.1758) ΔKL +0.0011 (0.0300)
qwen25_3b  D_chord       A_win40       | +0.15 (0.2040) | +0.90 +0.53 +0.91 Δ +0.008 (0.0298) ΔR² +0.017 (0.0088) ΔKL -0.0009 (0.8474)
qwen25_3b  D_chord       B_any         | +0.08 (0.3037) | +0.90 +0.44 +0.90 Δ +0.001 (0.4467) ΔR² -0.003 (0.2438) ΔKL -0.0008 (0.7992)
qwen25_3b  D_chord       D_doc         | -0.00 (0.4699) | +0.90 +0.42 +0.91 Δ +0.012 (0.0042) ΔR² +0.009 (0.0196) ΔKL +0.0011 (0.0134)
qwen25_3b  E_modulation  A_win40       | +0.07 (0.2358) | +0.88 +0.59 +0.88 Δ -0.003 (0.7141) ΔR² -0.011 (0.9214) ΔKL -0.0004 (0.6739)
qwen25_3b  E_modulation  B_any         | -0.11 (0.9030) | +0.88 +0.47 +0.88 Δ +0.004 (0.0566) ΔR² -0.002 (0.2883) ΔKL +0.0000 (0.1348)
qwen25_3b  E_modulation  D_doc         | -0.12 (0.9006) | +0.88 +0.45 +0.88 Δ -0.004 (0.7970) ΔR² -0.011 (0.9544) ΔKL -0.0002 (0.3479)
olmo2_7b   C_harmonic    A_win40       | -0.04 (0.5687) | +0.74 +0.44 +0.73 Δ -0.007 (0.9342) ΔR² -0.015 (0.9656) ΔKL -0.0018 (0.9122)
olmo2_7b   C_harmonic    B_any         | -0.08 (0.6611) | +0.74 +0.41 +0.72 Δ -0.012 (0.9854) ΔR² -0.011 (0.8620) ΔKL -0.0028 (0.9732)
olmo2_7b   C_harmonic    D_doc         | -0.11 (0.6787) | +0.74 +0.43 +0.74 Δ +0.001 (0.5973) ΔR² -0.018 (0.9904) ΔKL -0.0050 (0.9994)
olmo2_7b   D_chord       A_win40       | -0.10 (0.7295) | +0.76 +0.47 +0.75 Δ -0.007 (0.7676) ΔR² -0.007 (0.6419) ΔKL -0.0068 (0.9960)
olmo2_7b   D_chord       B_any         | -0.16 (0.8666) | +0.76 +0.42 +0.75 Δ -0.002 (0.4843) ΔR² -0.001 (0.2498) ΔKL -0.0102 (0.9994)
olmo2_7b   D_chord       D_doc         | -0.14 (0.7642) | +0.76 +0.44 +0.76 Δ +0.001 (0.2831) ΔR² -0.015 (0.9442) ΔKL -0.0063 (0.9974)
olmo2_7b   E_modulation  A_win40       | +0.31 (0.0004) | +0.74 +0.64 +0.77 Δ +0.036 (0.0006) ΔR² +0.088 (0.0004) ΔKL +0.0033 (0.0006)
olmo2_7b   E_modulation  B_any         | +0.16 (0.0492) | +0.74 +0.57 +0.75 Δ +0.012 (0.1098) ΔR² +0.021 (0.0148) ΔKL +0.0002 (0.1048)
olmo2_7b   E_modulation  D_doc         | +0.09 (0.1668) | +0.74 +0.51 +0.76 Δ +0.028 (0.0010) ΔR² +0.040 (0.0028) ΔKL +0.0013 (0.0082)
saved wikipedia_v4_neutral_tp
VALID /home/moloch/Documents/Research/pitch_fourier/results/phase5/v4_provenance_manifest.json
VALID results/phase5/fingerprint/wikipedia_v4_neutral_tp.json: 36 cells
VALID /home/moloch/Documents/Research/pitch_fourier/results/phase5/v4_provenance_manifest.json
== 20:01:29 fingerprint results/phase5/cond_wikipedia.npz wikipedia_v4 olmo2_1b,gemma2_2b,qwen25_3b,olmo2_7b C_harmonic,E_modulation A_win40,D_doc --neutral --rich --targetprior --nperm-res=5000 --nperm-loo=5000
corpus=wikipedia_v4; source counts [38, 162, 438, 813, 2943, 2666, 4285, 6334, 4719, 6139, 4283, 3096, 1542, 232, 121]; view=aggregated rich=True targetprior=True templates=[0, 1, 2, 3] nperm_res=5000 nperm_loo=5000 nboot=0 jobs=20
model      family        extract       | residual r (p) | LOO theory corpus both ΔCV(p) ΔR²(p) ΔKL(p)
olmo2_1b   C_harmonic    A_win40       | +0.12 (0.2943) | +0.78 +0.54 +0.77 Δ -0.010 (0.8444) ΔR² +0.006 (0.0658) ΔKL -0.0008 (0.7443)
olmo2_1b   C_harmonic    D_doc         | -0.11 (0.6725) | +0.78 +0.42 +0.78 Δ -0.005 (0.6447) ΔR² -0.007 (0.7658) ΔKL -0.0006 (0.7217)
olmo2_1b   E_modulation  A_win40       | +0.24 (0.0192) | +0.84 +0.63 +0.84 Δ -0.007 (0.9452) ΔR² +0.075 (0.0004) ΔKL +0.0039 (0.0004)
olmo2_1b   E_modulation  D_doc         | +0.18 (0.1344) | +0.84 +0.54 +0.84 Δ -0.005 (0.8736) ΔR² +0.068 (0.0002) ΔKL +0.0039 (0.0002)
gemma2_2b  C_harmonic    A_win40       | +0.03 (0.4445) | +0.85 +0.45 +0.85 Δ -0.002 (0.8158) ΔR² -0.017 (0.9708) ΔKL -0.0010 (0.8526)
gemma2_2b  C_harmonic    D_doc         | -0.02 (0.5517) | +0.85 +0.38 +0.85 Δ +0.001 (0.3449) ΔR² -0.005 (0.6905) ΔKL -0.0007 (0.8156)
gemma2_2b  E_modulation  A_win40       | +0.28 (0.0006) | +0.88 +0.60 +0.88 Δ +0.009 (0.0030) ΔR² +0.086 (0.0004) ΔKL +0.0045 (0.0002)
gemma2_2b  E_modulation  D_doc         | +0.17 (0.0524) | +0.88 +0.53 +0.88 Δ +0.005 (0.0310) ΔR² +0.052 (0.0002) ΔKL +0.0019 (0.0010)
qwen25_3b  C_harmonic    A_win40       | +0.12 (0.0826) | +0.85 +0.56 +0.85 Δ -0.002 (0.6521) ΔR² -0.003 (0.3145) ΔKL +0.0000 (0.1910)
qwen25_3b  C_harmonic    D_doc         | +0.04 (0.3359) | +0.85 +0.45 +0.85 Δ +0.000 (0.4415) ΔR² -0.008 (0.8320) ΔKL +0.0000 (0.2096)
qwen25_3b  E_modulation  A_win40       | +0.07 (0.2358) | +0.89 +0.59 +0.89 Δ +0.001 (0.3077) ΔR² -0.006 (0.6553) ΔKL -0.0003 (0.6079)
qwen25_3b  E_modulation  D_doc         | -0.12 (0.9006) | +0.89 +0.45 +0.89 Δ +0.000 (0.4767) ΔR² -0.009 (0.9040) ΔKL -0.0004 (0.7083)
olmo2_7b   C_harmonic    A_win40       | -0.04 (0.5687) | +0.72 +0.44 +0.73 Δ +0.003 (0.3187) ΔR² -0.026 (0.9968) ΔKL -0.0033 (0.9928)
olmo2_7b   C_harmonic    D_doc         | -0.11 (0.6787) | +0.72 +0.43 +0.74 Δ +0.015 (0.0358) ΔR² +0.002 (0.3561) ΔKL -0.0026 (0.9860)
olmo2_7b   E_modulation  A_win40       | +0.31 (0.0004) | +0.76 +0.64 +0.77 Δ +0.011 (0.0480) ΔR² +0.076 (0.0004) ΔKL +0.0030 (0.0010)
olmo2_7b   E_modulation  D_doc         | +0.09 (0.1668) | +0.76 +0.51 +0.76 Δ +0.002 (0.2863) ΔR² +0.015 (0.0166) ΔKL +0.0004 (0.0446)
saved wikipedia_v4_neutral_rich_tp
VALID /home/moloch/Documents/Research/pitch_fourier/results/phase5/v4_provenance_manifest.json
VALID results/phase5/fingerprint/wikipedia_v4_neutral_rich_tp.json: 16 cells
VALID /home/moloch/Documents/Research/pitch_fourier/results/phase5/v4_provenance_manifest.json
== 20:06:57 fingerprint results/phase5/cond_wikipedia.npz wikipedia_v4 olmo2_1b,gemma2_2b,qwen25_3b,olmo2_7b C_harmonic,E_modulation A_win40,D_doc --rich --targetprior --nperm-res=5000 --nperm-loo=5000
corpus=wikipedia_v4; source counts [38, 162, 438, 813, 2943, 2666, 4285, 6334, 4719, 6139, 4283, 3096, 1542, 232, 121]; view=spelled rich=True targetprior=True templates=[0, 1, 2, 3] nperm_res=5000 nperm_loo=5000 nboot=0 jobs=20
model      family        extract       | residual r (p) | LOO theory corpus both ΔCV(p) ΔR²(p) ΔKL(p)
olmo2_1b   C_harmonic    A_win40       | +0.08 (0.3183) | +0.92 +0.68 +0.92 Δ -0.001 (0.9196) ΔR² -0.005 (0.6949) ΔKL -0.0005 (0.7698)
olmo2_1b   C_harmonic    D_doc         | +0.19 (0.1702) | +0.92 +0.67 +0.92 Δ +0.001 (0.4945) ΔR² -0.003 (0.5991) ΔKL -0.0007 (0.9174)
olmo2_1b   E_modulation  A_win40       | +0.15 (0.1432) | +0.93 +0.72 +0.93 Δ +0.005 (0.0392) ΔR² +0.031 (0.0086) ΔKL +0.0027 (0.0004)
olmo2_1b   E_modulation  D_doc         | +0.27 (0.0282) | +0.93 +0.75 +0.93 Δ +0.004 (0.0642) ΔR² +0.024 (0.0152) ΔKL +0.0021 (0.0004)
gemma2_2b  C_harmonic    A_win40       | -0.04 (0.5973) | +0.94 +0.61 +0.93 Δ -0.001 (0.5801) ΔR² -0.011 (0.9512) ΔKL -0.0004 (0.5103)
gemma2_2b  C_harmonic    D_doc         | +0.10 (0.2855) | +0.94 +0.63 +0.93 Δ -0.001 (0.3775) ΔR² -0.002 (0.4067) ΔKL -0.0032 (0.9926)
gemma2_2b  E_modulation  A_win40       | +0.11 (0.2893) | +0.95 +0.72 +0.96 Δ +0.010 (0.0002) ΔR² +0.048 (0.0018) ΔKL +0.0068 (0.0002)
gemma2_2b  E_modulation  D_doc         | +0.44 (0.0106) | +0.95 +0.75 +0.95 Δ +0.006 (0.0006) ΔR² +0.030 (0.0034) ΔKL +0.0050 (0.0002)
qwen25_3b  C_harmonic    A_win40       | +0.04 (0.4127) | +0.94 +0.70 +0.94 Δ +0.000 (0.2709) ΔR² -0.013 (0.9900) ΔKL +0.0002 (0.1872)
qwen25_3b  C_harmonic    D_doc         | +0.27 (0.0838) | +0.94 +0.68 +0.94 Δ -0.003 (0.9778) ΔR² -0.014 (0.9980) ΔKL -0.0005 (0.8696)
qwen25_3b  E_modulation  A_win40       | -0.00 (0.5015) | +0.96 +0.71 +0.96 Δ +0.001 (0.3771) ΔR² -0.029 (0.9996) ΔKL -0.0004 (0.6603)
qwen25_3b  E_modulation  D_doc         | +0.19 (0.1048) | +0.96 +0.72 +0.96 Δ -0.001 (0.7722) ΔR² -0.036 (0.9998) ΔKL -0.0002 (0.5169)
olmo2_7b   C_harmonic    A_win40       | -0.03 (0.5473) | +0.85 +0.63 +0.85 Δ -0.005 (0.8236) ΔR² -0.003 (0.5129) ΔKL -0.0022 (0.9344)
olmo2_7b   C_harmonic    D_doc         | +0.16 (0.1982) | +0.85 +0.65 +0.84 Δ -0.007 (0.9498) ΔR² -0.003 (0.6483) ΔKL -0.0004 (0.5587)
olmo2_7b   E_modulation  A_win40       | +0.25 (0.0260) | +0.91 +0.75 +0.91 Δ +0.005 (0.0084) ΔR² +0.044 (0.0026) ΔKL +0.0040 (0.0006)
olmo2_7b   E_modulation  D_doc         | +0.43 (0.0006) | +0.91 +0.74 +0.90 Δ -0.005 (0.9782) ΔR² +0.067 (0.0006) ΔKL +0.0006 (0.0940)
saved wikipedia_v4_rich_tp
VALID /home/moloch/Documents/Research/pitch_fourier/results/phase5/v4_provenance_manifest.json
VALID results/phase5/fingerprint/wikipedia_v4_rich_tp.json: 16 cells
VALID /home/moloch/Documents/Research/pitch_fourier/results/phase5/v4_provenance_manifest.json
== 20:12:20 fingerprint results/phase5/cond_wikipedia.npz wikipedia_v4 olmo2_1b,gemma2_2b,qwen25_3b,olmo2_7b C_harmonic,D_chord,E_modulation A_win40,B_any,D_doc --targetprior --nperm-res=5000 --nperm-loo=5000
corpus=wikipedia_v4; source counts [38, 162, 438, 813, 2943, 2666, 4285, 6334, 4719, 6139, 4283, 3096, 1542, 232, 121]; view=spelled rich=False targetprior=True templates=[0, 1, 2, 3] nperm_res=5000 nperm_loo=5000 nboot=0 jobs=20
model      family        extract       | residual r (p) | LOO theory corpus both ΔCV(p) ΔR²(p) ΔKL(p)
olmo2_1b   C_harmonic    A_win40       | +0.08 (0.3183) | +0.92 +0.68 +0.92 Δ +0.000 (0.6889) ΔR² -0.008 (0.8872) ΔKL -0.0005 (0.7522)
olmo2_1b   C_harmonic    B_any         | +0.06 (0.3501) | +0.92 +0.59 +0.92 Δ +0.000 (0.6557) ΔR² -0.007 (0.8192) ΔKL -0.0006 (0.7882)
olmo2_1b   C_harmonic    D_doc         | +0.19 (0.1702) | +0.92 +0.67 +0.92 Δ +0.000 (0.7325) ΔR² -0.005 (0.8684) ΔKL -0.0006 (0.8766)
olmo2_1b   D_chord       A_win40       | -0.04 (0.5819) | +0.98 +0.60 +0.98 Δ +0.000 (0.5939) ΔR² -0.008 (0.9090) ΔKL +0.0001 (0.3119)
olmo2_1b   D_chord       B_any         | -0.03 (0.5611) | +0.98 +0.53 +0.98 Δ +0.000 (0.5725) ΔR² -0.009 (0.9050) ΔKL -0.0001 (0.4307)
olmo2_1b   D_chord       D_doc         | +0.06 (0.4231) | +0.98 +0.60 +0.98 Δ -0.000 (0.7844) ΔR² -0.005 (0.8422) ΔKL +0.0004 (0.1924)
olmo2_1b   E_modulation  A_win40       | +0.15 (0.1432) | +0.93 +0.72 +0.94 Δ +0.001 (0.1870) ΔR² +0.064 (0.0006) ΔKL +0.0037 (0.0002)
olmo2_1b   E_modulation  B_any         | +0.07 (0.2935) | +0.93 +0.63 +0.94 Δ +0.002 (0.0654) ΔR² +0.022 (0.0258) ΔKL +0.0017 (0.0048)
olmo2_1b   E_modulation  D_doc         | +0.27 (0.0282) | +0.93 +0.75 +0.94 Δ +0.002 (0.0586) ΔR² +0.036 (0.0058) ΔKL +0.0026 (0.0006)
gemma2_2b  C_harmonic    A_win40       | -0.04 (0.5973) | +0.94 +0.61 +0.94 Δ -0.000 (0.4525) ΔR² -0.011 (0.9372) ΔKL -0.0007 (0.6415)
gemma2_2b  C_harmonic    B_any         | -0.02 (0.5515) | +0.94 +0.52 +0.94 Δ -0.002 (0.7846) ΔR² -0.007 (0.7856) ΔKL -0.0003 (0.4117)
gemma2_2b  C_harmonic    D_doc         | +0.10 (0.2855) | +0.94 +0.63 +0.93 Δ -0.004 (0.9166) ΔR² -0.004 (0.6877) ΔKL -0.0027 (0.9888)
gemma2_2b  D_chord       A_win40       | -0.11 (0.7389) | +0.97 +0.61 +0.97 Δ +0.000 (0.4307) ΔR² -0.005 (0.6063) ΔKL -0.0002 (0.3617)
gemma2_2b  D_chord       B_any         | -0.13 (0.8166) | +0.97 +0.52 +0.97 Δ -0.001 (0.8978) ΔR² +0.005 (0.1574) ΔKL -0.0008 (0.7708)
gemma2_2b  D_chord       D_doc         | +0.11 (0.2863) | +0.97 +0.66 +0.97 Δ +0.000 (0.4543) ΔR² -0.011 (0.9466) ΔKL -0.0000 (0.2454)
gemma2_2b  E_modulation  A_win40       | +0.11 (0.2893) | +0.95 +0.72 +0.96 Δ +0.008 (0.0008) ΔR² +0.044 (0.0014) ΔKL +0.0058 (0.0002)
gemma2_2b  E_modulation  B_any         | +0.06 (0.3903) | +0.95 +0.62 +0.95 Δ +0.003 (0.1236) ΔR² +0.002 (0.2148) ΔKL +0.0033 (0.0014)
gemma2_2b  E_modulation  D_doc         | +0.44 (0.0106) | +0.95 +0.75 +0.96 Δ +0.009 (0.0002) ΔR² +0.040 (0.0012) ΔKL +0.0044 (0.0002)
qwen25_3b  C_harmonic    A_win40       | +0.04 (0.4127) | +0.93 +0.70 +0.93 Δ +0.004 (0.0132) ΔR² +0.025 (0.0172) ΔKL +0.0026 (0.0062)
qwen25_3b  C_harmonic    B_any         | -0.05 (0.5925) | +0.93 +0.60 +0.93 Δ +0.001 (0.1988) ΔR² +0.001 (0.2723) ΔKL +0.0003 (0.1958)
qwen25_3b  C_harmonic    D_doc         | +0.27 (0.0838) | +0.93 +0.68 +0.93 Δ -0.004 (0.9696) ΔR² -0.011 (0.9946) ΔKL -0.0005 (0.8214)
qwen25_3b  D_chord       A_win40       | +0.07 (0.3623) | +0.92 +0.67 +0.93 Δ +0.004 (0.0196) ΔR² +0.020 (0.0206) ΔKL +0.0005 (0.1568)
qwen25_3b  D_chord       B_any         | +0.13 (0.2180) | +0.92 +0.57 +0.92 Δ -0.001 (0.8596) ΔR² +0.013 (0.0534) ΔKL -0.0009 (0.8266)
qwen25_3b  D_chord       D_doc         | -0.07 (0.6409) | +0.92 +0.66 +0.93 Δ +0.003 (0.0422) ΔR² -0.001 (0.3367) ΔKL -0.0015 (0.9704)
qwen25_3b  E_modulation  A_win40       | -0.00 (0.5015) | +0.95 +0.71 +0.95 Δ +0.000 (0.3641) ΔR² -0.019 (0.9958) ΔKL +0.0001 (0.1246)
qwen25_3b  E_modulation  B_any         | -0.09 (0.7431) | +0.95 +0.60 +0.96 Δ +0.001 (0.2010) ΔR² -0.017 (0.9874) ΔKL +0.0002 (0.0714)
qwen25_3b  E_modulation  D_doc         | +0.19 (0.1048) | +0.95 +0.72 +0.95 Δ -0.004 (0.9084) ΔR² -0.036 (1.0000) ΔKL -0.0002 (0.5753)
olmo2_7b   C_harmonic    A_win40       | -0.03 (0.5473) | +0.84 +0.63 +0.84 Δ -0.002 (0.8342) ΔR² -0.006 (0.7738) ΔKL -0.0003 (0.4369)
olmo2_7b   C_harmonic    B_any         | -0.05 (0.6157) | +0.84 +0.54 +0.84 Δ -0.003 (0.8768) ΔR² -0.018 (0.9924) ΔKL -0.0033 (0.9674)
olmo2_7b   C_harmonic    D_doc         | +0.16 (0.1982) | +0.84 +0.65 +0.84 Δ +0.002 (0.2082) ΔR² -0.021 (0.9994) ΔKL -0.0037 (0.9928)
olmo2_7b   D_chord       A_win40       | -0.07 (0.6805) | +0.86 +0.62 +0.86 Δ -0.004 (0.5653) ΔR² -0.008 (0.7612) ΔKL -0.0027 (0.8556)
olmo2_7b   D_chord       B_any         | -0.04 (0.6147) | +0.86 +0.53 +0.86 Δ -0.004 (0.5385) ΔR² -0.010 (0.8498) ΔKL -0.0030 (0.8680)
olmo2_7b   D_chord       D_doc         | -0.02 (0.5321) | +0.86 +0.62 +0.85 Δ -0.006 (0.7524) ΔR² -0.008 (0.8686) ΔKL -0.0014 (0.7379)
olmo2_7b   E_modulation  A_win40       | +0.25 (0.0260) | +0.90 +0.75 +0.92 Δ +0.022 (0.0002) ΔR² +0.124 (0.0002) ΔKL +0.0078 (0.0002)
olmo2_7b   E_modulation  B_any         | +0.15 (0.1044) | +0.90 +0.65 +0.91 Δ +0.008 (0.0058) ΔR² +0.058 (0.0016) ΔKL +0.0046 (0.0004)
olmo2_7b   E_modulation  D_doc         | +0.43 (0.0006) | +0.90 +0.74 +0.90 Δ +0.001 (0.1330) ΔR² +0.102 (0.0004) ΔKL +0.0012 (0.0696)
saved wikipedia_v4_tp
VALID /home/moloch/Documents/Research/pitch_fourier/results/phase5/v4_provenance_manifest.json
VALID results/phase5/fingerprint/wikipedia_v4_tp.json: 36 cells
VALID /home/moloch/Documents/Research/pitch_fourier/results/phase5/v4_provenance_manifest.json
== 20:21:17 fingerprint results/phase5/cond_wikipedia.npz wikipedia_v4 olmo2_1b,gemma2_2b,qwen25_3b,olmo2_7b C_harmonic,E_modulation A_win40,D_doc --neutral --nperm-res=1000 --nperm-loo=1000 --docboot=results/phase5/cond_wikipedia_perdoc.npz:300 --tag=_docboot
corpus=wikipedia_v4; source counts [38, 162, 438, 813, 2943, 2666, 4285, 6334, 4719, 6139, 4283, 3096, 1542, 232, 121]; view=aggregated rich=False targetprior=False templates=[0, 1, 2, 3] nperm_res=1000 nperm_loo=1000 nboot=0 jobs=20
model      family        extract       | residual r (p) | LOO theory corpus both ΔCV(p) ΔR²(p) ΔKL(p)
olmo2_1b   C_harmonic    A_win40       | +0.12 (0.2987) | +0.70 +0.54 +0.70 Δ +0.000 (0.5724) ΔR² +0.024 (0.2787) ΔKL +0.0023 (0.4186)
olmo2_1b   C_harmonic    D_doc         | -0.11 (0.6773) | +0.70 +0.42 +0.70 Δ -0.002 (0.6873) ΔR² -0.009 (0.9211) ΔKL -0.0007 (0.7672)
olmo2_1b   E_modulation  A_win40       | +0.24 (0.0230) | +0.83 +0.63 +0.82 Δ -0.008 (0.8681) ΔR² +0.068 (0.0020) ΔKL +0.0041 (0.0170)
olmo2_1b   E_modulation  D_doc         | +0.18 (0.1618) | +0.83 +0.54 +0.82 Δ -0.007 (0.7852) ΔR² +0.079 (0.0010) ΔKL +0.0052 (0.0070)
gemma2_2b  C_harmonic    A_win40       | +0.03 (0.4356) | +0.80 +0.45 +0.79 Δ -0.004 (0.7732) ΔR² -0.016 (0.9830) ΔKL -0.0023 (0.8651)
gemma2_2b  C_harmonic    D_doc         | -0.02 (0.5644) | +0.80 +0.38 +0.80 Δ +0.000 (0.6174) ΔR² -0.002 (0.7672) ΔKL -0.0007 (0.7343)
gemma2_2b  E_modulation  A_win40       | +0.28 (0.0010) | +0.87 +0.60 +0.87 Δ +0.001 (0.1588) ΔR² +0.071 (0.0030) ΔKL +0.0053 (0.0020)
gemma2_2b  E_modulation  D_doc         | +0.17 (0.0589) | +0.87 +0.53 +0.87 Δ +0.003 (0.0300) ΔR² +0.071 (0.0010) ΔKL +0.0041 (0.0140)
qwen25_3b  C_harmonic    A_win40       | +0.12 (0.0729) | +0.82 +0.56 +0.83 Δ +0.018 (0.0110) ΔR² +0.021 (0.0899) ΔKL +0.0037 (0.0969)
qwen25_3b  C_harmonic    D_doc         | +0.04 (0.3357) | +0.82 +0.45 +0.83 Δ +0.010 (0.1069) ΔR² +0.017 (0.1898) ΔKL +0.0031 (0.1948)
qwen25_3b  E_modulation  A_win40       | +0.07 (0.2527) | +0.88 +0.59 +0.87 Δ -0.005 (0.8142) ΔR² -0.008 (0.7702) ΔKL -0.0001 (0.3407)
qwen25_3b  E_modulation  D_doc         | -0.12 (0.8831) | +0.88 +0.45 +0.87 Δ -0.005 (0.7902) ΔR² -0.011 (0.9181) ΔKL +0.0000 (0.3247)
olmo2_7b   C_harmonic    A_win40       | -0.04 (0.5834) | +0.71 +0.44 +0.71 Δ +0.005 (0.4276) ΔR² -0.013 (0.8981) ΔKL -0.0007 (0.6903)
olmo2_7b   C_harmonic    D_doc         | -0.11 (0.6733) | +0.71 +0.43 +0.70 Δ -0.005 (0.8511) ΔR² -0.038 (0.9990) ΔKL -0.0069 (1.0000)
olmo2_7b   E_modulation  A_win40       | +0.31 (0.0020) | +0.73 +0.64 +0.77 Δ +0.036 (0.0010) ΔR² +0.090 (0.0010) ΔKL +0.0038 (0.0030)
olmo2_7b   E_modulation  D_doc         | +0.09 (0.1768) | +0.73 +0.51 +0.75 Δ +0.020 (0.0090) ΔR² +0.029 (0.0450) ΔKL +0.0007 (0.2398)
saved wikipedia_v4_neutral_docboot
VALID /home/moloch/Documents/Research/pitch_fourier/results/phase5/v4_provenance_manifest.json
VALID results/phase5/fingerprint/wikipedia_v4_neutral_docboot.json: 16 cells
VALID results/phase5/fingerprint/wikipedia_v4_neutral_docboot.json: 16 cells
VALID /home/moloch/Documents/Research/pitch_fourier/results/phase5/v4_provenance_manifest.json
== 21:00:02 fingerprint results/phase5/cond_wikipedia.npz wikipedia_v4 olmo2_1b,gemma2_2b,qwen25_3b,olmo2_7b C_harmonic,E_modulation A_win40,D_doc --neutral --rich --nperm-res=1000 --nperm-loo=1000 --docboot=results/phase5/cond_wikipedia_perdoc.npz:300 --tag=_docboot
corpus=wikipedia_v4; source counts [38, 162, 438, 813, 2943, 2666, 4285, 6334, 4719, 6139, 4283, 3096, 1542, 232, 121]; view=aggregated rich=True targetprior=False templates=[0, 1, 2, 3] nperm_res=1000 nperm_loo=1000 nboot=0 jobs=20
model      family        extract       | residual r (p) | LOO theory corpus both ΔCV(p) ΔR²(p) ΔKL(p)
olmo2_1b   C_harmonic    A_win40       | +0.12 (0.2987) | +0.71 +0.54 +0.73 Δ +0.016 (0.2038) ΔR² +0.022 (0.3247) ΔKL +0.0019 (0.4535)
olmo2_1b   C_harmonic    D_doc         | -0.11 (0.6773) | +0.71 +0.42 +0.71 Δ -0.006 (0.7213) ΔR² -0.015 (0.9790) ΔKL -0.0009 (0.7982)
olmo2_1b   E_modulation  A_win40       | +0.24 (0.0230) | +0.84 +0.63 +0.82 Δ -0.016 (0.9750) ΔR² +0.062 (0.0040) ΔKL +0.0035 (0.0410)
olmo2_1b   E_modulation  D_doc         | +0.18 (0.1618) | +0.84 +0.54 +0.82 Δ -0.013 (0.9261) ΔR² +0.061 (0.0060) ΔKL +0.0039 (0.0549)
gemma2_2b  C_harmonic    A_win40       | +0.03 (0.4356) | +0.79 +0.45 +0.79 Δ +0.000 (0.4945) ΔR² -0.018 (0.9840) ΔKL -0.0026 (0.8681)
gemma2_2b  C_harmonic    D_doc         | -0.02 (0.5644) | +0.79 +0.38 +0.79 Δ -0.001 (0.6603) ΔR² -0.005 (0.8721) ΔKL -0.0010 (0.7283)
gemma2_2b  E_modulation  A_win40       | +0.28 (0.0010) | +0.86 +0.60 +0.88 Δ +0.019 (0.0010) ΔR² +0.099 (0.0010) ΔKL +0.0061 (0.0010)
gemma2_2b  E_modulation  D_doc         | +0.17 (0.0589) | +0.86 +0.53 +0.89 Δ +0.024 (0.0010) ΔR² +0.066 (0.0030) ΔKL +0.0031 (0.0150)
qwen25_3b  C_harmonic    A_win40       | +0.12 (0.0729) | +0.83 +0.56 +0.85 Δ +0.015 (0.0669) ΔR² +0.009 (0.1768) ΔKL +0.0021 (0.1698)
qwen25_3b  C_harmonic    D_doc         | +0.04 (0.3357) | +0.83 +0.45 +0.85 Δ +0.015 (0.0639) ΔR² +0.001 (0.3726) ΔKL +0.0013 (0.3057)
qwen25_3b  E_modulation  A_win40       | +0.07 (0.2527) | +0.89 +0.59 +0.89 Δ -0.005 (0.9630) ΔR² -0.005 (0.5455) ΔKL -0.0002 (0.4066)
qwen25_3b  E_modulation  D_doc         | -0.12 (0.8831) | +0.89 +0.45 +0.90 Δ +0.006 (0.0639) ΔR² -0.010 (0.8931) ΔKL -0.0003 (0.5624)
olmo2_7b   C_harmonic    A_win40       | -0.04 (0.5834) | +0.71 +0.44 +0.70 Δ -0.005 (0.5495) ΔR² -0.023 (0.9810) ΔKL -0.0026 (0.9351)
olmo2_7b   C_harmonic    D_doc         | -0.11 (0.6733) | +0.71 +0.43 +0.71 Δ +0.004 (0.2338) ΔR² -0.029 (0.9960) ΔKL -0.0060 (0.9990)
olmo2_7b   E_modulation  A_win40       | +0.31 (0.0020) | +0.74 +0.64 +0.77 Δ +0.028 (0.0030) ΔR² +0.078 (0.0010) ΔKL +0.0033 (0.0020)
olmo2_7b   E_modulation  D_doc         | +0.09 (0.1768) | +0.74 +0.51 +0.75 Δ +0.010 (0.2078) ΔR² +0.003 (0.2727) ΔKL -0.0003 (0.6314)
saved wikipedia_v4_neutral_rich_docboot
VALID /home/moloch/Documents/Research/pitch_fourier/results/phase5/v4_provenance_manifest.json
VALID results/phase5/fingerprint/wikipedia_v4_neutral_rich_docboot.json: 16 cells
VALID results/phase5/fingerprint/wikipedia_v4_neutral_rich_docboot.json: 16 cells
VALID /home/moloch/Documents/Research/pitch_fourier/results/phase5/v4_provenance_manifest.json
== 21:40:55 fingerprint results/phase5/cond_wikipedia_matched_sym.npz matched_sym_v4 olmo2_1b,gemma2_2b,qwen25_3b,olmo2_7b C_harmonic,D_chord,E_modulation A_win40 --nperm-res=5000 --nperm-loo=5000
corpus=matched_sym_v4; source counts [38, 162, 438, 813, 2943, 2666, 4285, 6334, 4719, 6139, 4283, 3096, 1542, 232, 121]; view=spelled rich=False targetprior=False templates=[0, 1, 2, 3] nperm_res=5000 nperm_loo=5000 nboot=0 jobs=20
model      family        extract       | residual r (p) | LOO theory corpus both ΔCV(p) ΔR²(p) ΔKL(p)
olmo2_1b   C_harmonic    A_win40       | +0.05 (0.3953) | +0.87 +0.67 +0.88 Δ +0.002 (0.5059) ΔR² -0.006 (0.9270) ΔKL +0.0007 (0.5417)
olmo2_1b   D_chord       A_win40       | -0.10 (0.6781) | +0.94 +0.60 +0.94 Δ +0.001 (0.4729) ΔR² -0.010 (0.9950) ΔKL -0.0001 (0.3017)
olmo2_1b   E_modulation  A_win40       | +0.14 (0.1620) | +0.92 +0.74 +0.94 Δ +0.013 (0.0040) ΔR² +0.051 (0.0516) ΔKL +0.0032 (0.0180)
gemma2_2b  C_harmonic    A_win40       | -0.01 (0.5187) | +0.89 +0.63 +0.89 Δ -0.002 (0.8432) ΔR² -0.013 (0.9914) ΔKL +0.0012 (0.4207)
gemma2_2b  D_chord       A_win40       | -0.07 (0.6625) | +0.95 +0.62 +0.95 Δ +0.000 (0.5351) ΔR² -0.018 (0.9984) ΔKL -0.0005 (0.4657)
gemma2_2b  E_modulation  A_win40       | +0.13 (0.2563) | +0.93 +0.74 +0.93 Δ +0.006 (0.1068) ΔR² +0.025 (0.3067) ΔKL +0.0091 (0.0160)
qwen25_3b  C_harmonic    A_win40       | +0.09 (0.3245) | +0.88 +0.71 +0.89 Δ +0.010 (0.0850) ΔR² +0.056 (0.1344) ΔKL +0.0111 (0.0786)
qwen25_3b  D_chord       A_win40       | +0.04 (0.4263) | +0.88 +0.69 +0.89 Δ +0.003 (0.3045) ΔR² +0.014 (0.3703) ΔKL +0.0054 (0.3011)
qwen25_3b  E_modulation  A_win40       | +0.07 (0.3169) | +0.95 +0.73 +0.95 Δ +0.008 (0.0110) ΔR² -0.002 (0.6371) ΔKL +0.0017 (0.0930)
olmo2_7b   C_harmonic    A_win40       | -0.04 (0.5595) | +0.77 +0.65 +0.78 Δ +0.009 (0.2767) ΔR² +0.006 (0.4957) ΔKL +0.0050 (0.3225)
olmo2_7b   D_chord       A_win40       | -0.07 (0.6819) | +0.82 +0.64 +0.83 Δ +0.002 (0.6009) ΔR² -0.008 (0.8472) ΔKL +0.0037 (0.3195)
olmo2_7b   E_modulation  A_win40       | +0.30 (0.0086) | +0.88 +0.78 +0.91 Δ +0.027 (0.0004) ΔR² +0.182 (0.0002) ΔKL +0.0126 (0.0004)
saved matched_sym_v4
VALID /home/moloch/Documents/Research/pitch_fourier/results/phase5/v4_provenance_manifest.json
VALID results/phase5/fingerprint/matched_sym_v4.json: 12 cells
VALID /home/moloch/Documents/Research/pitch_fourier/results/phase5/v4_provenance_manifest.json
== 21:44:22 fingerprint results/phase5/cond_wikipedia_matched_sym.npz matched_sym_v4 olmo2_1b,gemma2_2b,qwen25_3b,olmo2_7b C_harmonic,D_chord,E_modulation A_win40 --neutral --nperm-res=5000 --nperm-loo=5000
corpus=matched_sym_v4; source counts [38, 162, 438, 813, 2943, 2666, 4285, 6334, 4719, 6139, 4283, 3096, 1542, 232, 121]; view=aggregated rich=False targetprior=False templates=[0, 1, 2, 3] nperm_res=5000 nperm_loo=5000 nboot=0 jobs=20
model      family        extract       | residual r (p) | LOO theory corpus both ΔCV(p) ΔR²(p) ΔKL(p)
olmo2_1b   C_harmonic    A_win40       | +0.08 (0.3681) | +0.70 +0.54 +0.71 Δ +0.004 (0.3567) ΔR² +0.011 (0.4337) ΔKL +0.0006 (0.5631)
olmo2_1b   D_chord       A_win40       | -0.04 (0.6201) | +0.96 +0.43 +0.96 Δ +0.000 (0.3979) ΔR² -0.008 (0.7856) ΔKL +0.0001 (0.4279)
olmo2_1b   E_modulation  A_win40       | +0.20 (0.0674) | +0.83 +0.68 +0.82 Δ -0.013 (0.9526) ΔR² +0.096 (0.0008) ΔKL +0.0052 (0.0038)
gemma2_2b  C_harmonic    A_win40       | +0.10 (0.2927) | +0.80 +0.50 +0.80 Δ +0.001 (0.4995) ΔR² -0.003 (0.7327) ΔKL -0.0004 (0.5979)
gemma2_2b  D_chord       A_win40       | +0.02 (0.4657) | +0.90 +0.43 +0.90 Δ -0.002 (0.7946) ΔR² -0.009 (0.8488) ΔKL -0.0003 (0.5937)
gemma2_2b  E_modulation  A_win40       | +0.27 (0.0016) | +0.87 +0.66 +0.87 Δ +0.004 (0.0200) ΔR² +0.108 (0.0002) ΔKL +0.0071 (0.0002)
qwen25_3b  C_harmonic    A_win40       | +0.13 (0.0740) | +0.82 +0.61 +0.84 Δ +0.023 (0.0042) ΔR² +0.053 (0.0172) ΔKL +0.0052 (0.0692)
qwen25_3b  D_chord       A_win40       | +0.18 (0.1698) | +0.80 +0.58 +0.80 Δ +0.004 (0.5119) ΔR² +0.007 (0.5201) ΔKL -0.0000 (0.6663)
qwen25_3b  E_modulation  A_win40       | +0.02 (0.4285) | +0.88 +0.62 +0.88 Δ -0.001 (0.4535) ΔR² +0.002 (0.2098) ΔKL +0.0005 (0.1040)
olmo2_7b   C_harmonic    A_win40       | -0.03 (0.5429) | +0.71 +0.50 +0.71 Δ +0.008 (0.3425) ΔR² -0.014 (0.9200) ΔKL -0.0008 (0.7051)
olmo2_7b   D_chord       A_win40       | -0.10 (0.7245) | +0.68 +0.54 +0.67 Δ -0.013 (0.9058) ΔR² -0.053 (0.9990) ΔKL -0.0198 (0.9998)
olmo2_7b   E_modulation  A_win40       | +0.32 (0.0002) | +0.73 +0.72 +0.79 Δ +0.061 (0.0002) ΔR² +0.145 (0.0002) ΔKL +0.0069 (0.0002)
saved matched_sym_v4_neutral
VALID /home/moloch/Documents/Research/pitch_fourier/results/phase5/v4_provenance_manifest.json
VALID results/phase5/fingerprint/matched_sym_v4_neutral.json: 12 cells
VALID /home/moloch/Documents/Research/pitch_fourier/results/phase5/v4_provenance_manifest.json
== 21:48:05 fingerprint results/phase5/cond_wikipedia_matched_sym.npz matched_sym_v4 olmo2_1b,gemma2_2b,qwen25_3b,olmo2_7b C_harmonic,E_modulation A_win40 --neutral --targetprior --nperm-res=5000 --nperm-loo=5000
corpus=matched_sym_v4; source counts [38, 162, 438, 813, 2943, 2666, 4285, 6334, 4719, 6139, 4283, 3096, 1542, 232, 121]; view=aggregated rich=False targetprior=True templates=[0, 1, 2, 3] nperm_res=5000 nperm_loo=5000 nboot=0 jobs=20
model      family        extract       | residual r (p) | LOO theory corpus both ΔCV(p) ΔR²(p) ΔKL(p)
olmo2_1b   C_harmonic    A_win40       | +0.08 (0.3681) | +0.76 +0.54 +0.76 Δ -0.007 (0.9060) ΔR² -0.006 (0.6649) ΔKL -0.0012 (0.9302)
olmo2_1b   E_modulation  A_win40       | +0.20 (0.0674) | +0.83 +0.68 +0.83 Δ -0.004 (0.9728) ΔR² +0.113 (0.0002) ΔKL +0.0062 (0.0002)
gemma2_2b  C_harmonic    A_win40       | +0.10 (0.2927) | +0.85 +0.50 +0.85 Δ -0.004 (0.9684) ΔR² -0.010 (0.8834) ΔKL -0.0007 (0.7245)
gemma2_2b  E_modulation  A_win40       | +0.27 (0.0016) | +0.86 +0.66 +0.88 Δ +0.019 (0.0008) ΔR² +0.092 (0.0002) ΔKL +0.0053 (0.0002)
qwen25_3b  C_harmonic    A_win40       | +0.13 (0.0740) | +0.82 +0.61 +0.85 Δ +0.022 (0.0008) ΔR² +0.030 (0.0060) ΔKL +0.0016 (0.0144)
qwen25_3b  E_modulation  A_win40       | +0.02 (0.4285) | +0.88 +0.62 +0.88 Δ +0.002 (0.1232) ΔR² -0.002 (0.3383) ΔKL +0.0001 (0.0918)
olmo2_7b   C_harmonic    A_win40       | -0.03 (0.5429) | +0.74 +0.50 +0.72 Δ -0.017 (0.9980) ΔR² -0.022 (0.9934) ΔKL -0.0023 (0.9638)
olmo2_7b   E_modulation  A_win40       | +0.32 (0.0002) | +0.74 +0.72 +0.79 Δ +0.057 (0.0002) ΔR² +0.134 (0.0002) ΔKL +0.0055 (0.0002)
saved matched_sym_v4_neutral_tp
VALID /home/moloch/Documents/Research/pitch_fourier/results/phase5/v4_provenance_manifest.json
VALID results/phase5/fingerprint/matched_sym_v4_neutral_tp.json: 8 cells
VALID /home/moloch/Documents/Research/pitch_fourier/results/phase5/v4_provenance_manifest.json
== 21:51:41 fingerprint results/phase5/cond_wikipedia_matched_rev.npz matched_rev_v4 olmo2_1b,gemma2_2b,qwen25_3b,olmo2_7b C_harmonic,D_chord,E_modulation A_win40 --nperm-res=5000 --nperm-loo=5000
corpus=matched_rev_v4; source counts [38, 162, 438, 813, 2943, 2666, 4285, 6334, 4719, 6139, 4283, 3096, 1542, 232, 121]; view=spelled rich=False targetprior=False templates=[0, 1, 2, 3] nperm_res=5000 nperm_loo=5000 nboot=0 jobs=20
model      family        extract       | residual r (p) | LOO theory corpus both ΔCV(p) ΔR²(p) ΔKL(p)
olmo2_1b   C_harmonic    A_win40       | -0.06 (0.6153) | +0.87 +0.62 +0.87 Δ +0.001 (0.6687) ΔR² -0.011 (0.9884) ΔKL -0.0012 (0.8164)
olmo2_1b   D_chord       A_win40       | -0.15 (0.7608) | +0.94 +0.55 +0.94 Δ -0.000 (0.5803) ΔR² -0.011 (0.9976) ΔKL -0.0013 (0.4623)
olmo2_1b   E_modulation  A_win40       | +0.07 (0.3385) | +0.92 +0.72 +0.93 Δ +0.006 (0.0690) ΔR² +0.015 (0.2272) ΔKL +0.0010 (0.1312)
gemma2_2b  C_harmonic    A_win40       | +0.00 (0.4877) | +0.89 +0.60 +0.89 Δ -0.001 (0.7626) ΔR² -0.017 (0.9984) ΔKL +0.0001 (0.5191)
gemma2_2b  D_chord       A_win40       | -0.07 (0.6601) | +0.95 +0.58 +0.95 Δ +0.000 (0.4883) ΔR² -0.014 (0.9916) ΔKL -0.0005 (0.4501)
gemma2_2b  E_modulation  A_win40       | +0.07 (0.3483) | +0.93 +0.73 +0.94 Δ +0.007 (0.0906) ΔR² -0.004 (0.8230) ΔKL +0.0042 (0.0994)
qwen25_3b  C_harmonic    A_win40       | +0.07 (0.3435) | +0.88 +0.69 +0.89 Δ +0.010 (0.0680) ΔR² +0.055 (0.1242) ΔKL +0.0078 (0.1372)
qwen25_3b  D_chord       A_win40       | -0.02 (0.5411) | +0.88 +0.67 +0.88 Δ -0.002 (0.7231) ΔR² -0.013 (0.9900) ΔKL +0.0026 (0.4129)
qwen25_3b  E_modulation  A_win40       | +0.06 (0.3349) | +0.95 +0.71 +0.95 Δ +0.005 (0.0590) ΔR² +0.003 (0.4733) ΔKL +0.0011 (0.1414)
olmo2_7b   C_harmonic    A_win40       | -0.04 (0.5597) | +0.77 +0.63 +0.77 Δ +0.000 (0.7500) ΔR² -0.010 (0.9640) ΔKL +0.0005 (0.5329)
olmo2_7b   D_chord       A_win40       | -0.04 (0.6111) | +0.82 +0.62 +0.83 Δ +0.002 (0.5865) ΔR² -0.021 (0.9974) ΔKL -0.0020 (0.6867)
olmo2_7b   E_modulation  A_win40       | +0.25 (0.0268) | +0.88 +0.75 +0.90 Δ +0.018 (0.0056) ΔR² +0.126 (0.0006) ΔKL +0.0068 (0.0084)
saved matched_rev_v4
VALID /home/moloch/Documents/Research/pitch_fourier/results/phase5/v4_provenance_manifest.json
VALID results/phase5/fingerprint/matched_rev_v4.json: 12 cells
VALID /home/moloch/Documents/Research/pitch_fourier/results/phase5/v4_provenance_manifest.json
== 21:54:50 fingerprint results/phase5/cond_wikipedia_matched_rev.npz matched_rev_v4 olmo2_1b,gemma2_2b,qwen25_3b,olmo2_7b C_harmonic,D_chord,E_modulation A_win40 --neutral --nperm-res=5000 --nperm-loo=5000
corpus=matched_rev_v4; source counts [38, 162, 438, 813, 2943, 2666, 4285, 6334, 4719, 6139, 4283, 3096, 1542, 232, 121]; view=aggregated rich=False targetprior=False templates=[0, 1, 2, 3] nperm_res=5000 nperm_loo=5000 nboot=0 jobs=20
model      family        extract       | residual r (p) | LOO theory corpus both ΔCV(p) ΔR²(p) ΔKL(p)
olmo2_1b   C_harmonic    A_win40       | -0.02 (0.5387) | +0.70 +0.44 +0.71 Δ +0.004 (0.3651) ΔR² -0.007 (0.8290) ΔKL -0.0013 (0.8494)
olmo2_1b   D_chord       A_win40       | -0.07 (0.6801) | +0.96 +0.36 +0.96 Δ +0.000 (0.3995) ΔR² -0.011 (0.8776) ΔKL -0.0001 (0.4627)
olmo2_1b   E_modulation  A_win40       | +0.16 (0.1288) | +0.83 +0.66 +0.82 Δ -0.015 (0.9712) ΔR² +0.059 (0.0024) ΔKL +0.0019 (0.1074)
gemma2_2b  C_harmonic    A_win40       | +0.19 (0.1610) | +0.80 +0.47 +0.80 Δ +0.001 (0.4839) ΔR² +0.024 (0.2937) ΔKL +0.0037 (0.2492)
gemma2_2b  D_chord       A_win40       | +0.05 (0.3883) | +0.90 +0.39 +0.90 Δ -0.001 (0.5355) ΔR² -0.004 (0.6043) ΔKL -0.0001 (0.5205)
gemma2_2b  E_modulation  A_win40       | +0.26 (0.0010) | +0.87 +0.64 +0.87 Δ +0.002 (0.0430) ΔR² +0.110 (0.0002) ΔKL +0.0065 (0.0006)
qwen25_3b  C_harmonic    A_win40       | +0.08 (0.1798) | +0.82 +0.57 +0.84 Δ +0.021 (0.0076) ΔR² +0.037 (0.0386) ΔKL +0.0019 (0.2068)
qwen25_3b  D_chord       A_win40       | +0.18 (0.1654) | +0.80 +0.54 +0.80 Δ -0.001 (0.7820) ΔR² -0.008 (0.8664) ΔKL +0.0001 (0.6437)
qwen25_3b  E_modulation  A_win40       | +0.00 (0.5091) | +0.88 +0.58 +0.87 Δ -0.005 (0.8494) ΔR² +0.004 (0.1750) ΔKL +0.0004 (0.1342)
olmo2_7b   C_harmonic    A_win40       | -0.04 (0.5563) | +0.71 +0.49 +0.71 Δ +0.001 (0.6003) ΔR² -0.019 (0.9626) ΔKL -0.0020 (0.8704)
olmo2_7b   D_chord       A_win40       | -0.07 (0.6431) | +0.68 +0.51 +0.66 Δ -0.018 (0.9448) ΔR² -0.050 (1.0000) ΔKL -0.0205 (1.0000)
olmo2_7b   E_modulation  A_win40       | +0.24 (0.0096) | +0.73 +0.68 +0.76 Δ +0.028 (0.0010) ΔR² +0.074 (0.0004) ΔKL +0.0036 (0.0044)
saved matched_rev_v4_neutral
VALID /home/moloch/Documents/Research/pitch_fourier/results/phase5/v4_provenance_manifest.json
VALID results/phase5/fingerprint/matched_rev_v4_neutral.json: 12 cells
VALID /home/moloch/Documents/Research/pitch_fourier/results/phase5/v4_provenance_manifest.json
== 21:58:28 fingerprint results/phase5/cond_wikipedia_matched_rev.npz matched_rev_v4 olmo2_1b,gemma2_2b,qwen25_3b,olmo2_7b C_harmonic,E_modulation A_win40 --neutral --targetprior --nperm-res=5000 --nperm-loo=5000
corpus=matched_rev_v4; source counts [38, 162, 438, 813, 2943, 2666, 4285, 6334, 4719, 6139, 4283, 3096, 1542, 232, 121]; view=aggregated rich=False targetprior=True templates=[0, 1, 2, 3] nperm_res=5000 nperm_loo=5000 nboot=0 jobs=20
model      family        extract       | residual r (p) | LOO theory corpus both ΔCV(p) ΔR²(p) ΔKL(p)
olmo2_1b   C_harmonic    A_win40       | -0.02 (0.5387) | +0.76 +0.44 +0.75 Δ -0.014 (0.9888) ΔR² -0.014 (0.9330) ΔKL -0.0006 (0.6453)
olmo2_1b   E_modulation  A_win40       | +0.16 (0.1288) | +0.83 +0.66 +0.83 Δ +0.003 (0.1914) ΔR² +0.080 (0.0002) ΔKL +0.0035 (0.0002)
gemma2_2b  C_harmonic    A_win40       | +0.19 (0.1610) | +0.85 +0.47 +0.85 Δ -0.005 (0.9764) ΔR² +0.010 (0.0272) ΔKL +0.0010 (0.0182)
gemma2_2b  E_modulation  A_win40       | +0.26 (0.0010) | +0.86 +0.64 +0.88 Δ +0.014 (0.0040) ΔR² +0.092 (0.0002) ΔKL +0.0045 (0.0002)
qwen25_3b  C_harmonic    A_win40       | +0.08 (0.1798) | +0.82 +0.57 +0.85 Δ +0.024 (0.0008) ΔR² +0.014 (0.0366) ΔKL -0.0009 (0.8282)
qwen25_3b  E_modulation  A_win40       | +0.00 (0.5091) | +0.88 +0.58 +0.88 Δ -0.002 (0.6695) ΔR² -0.000 (0.2112) ΔKL +0.0001 (0.1182)
olmo2_7b   C_harmonic    A_win40       | -0.04 (0.5563) | +0.74 +0.49 +0.73 Δ -0.003 (0.8456) ΔR² -0.024 (0.9948) ΔKL -0.0030 (0.9872)
olmo2_7b   E_modulation  A_win40       | +0.24 (0.0096) | +0.74 +0.68 +0.77 Δ +0.031 (0.0002) ΔR² +0.063 (0.0002) ΔKL +0.0024 (0.0004)
saved matched_rev_v4_neutral_tp
VALID /home/moloch/Documents/Research/pitch_fourier/results/phase5/v4_provenance_manifest.json
VALID results/phase5/fingerprint/matched_rev_v4_neutral_tp.json: 8 cells
VALID /home/moloch/Documents/Research/pitch_fourier/results/phase5/v4_provenance_manifest.json
== 22:01:35 fingerprint results/phase5/cond_wikipedia_matched_pmi.npz matched_pmi_v4 olmo2_1b,gemma2_2b,qwen25_3b,olmo2_7b C_harmonic,D_chord,E_modulation A_win40 --nperm-res=5000 --nperm-loo=5000
corpus=matched_pmi_v4; source counts [38, 162, 438, 813, 2943, 2666, 4285, 6334, 4719, 6139, 4283, 3096, 1542, 232, 121]; view=spelled rich=False targetprior=False templates=[0, 1, 2, 3] nperm_res=5000 nperm_loo=5000 nboot=0 jobs=20
model      family        extract       | residual r (p) | LOO theory corpus both ΔCV(p) ΔR²(p) ΔKL(p)
olmo2_1b   C_harmonic    A_win40       | +0.14 (0.0622) | +0.87 -0.36 +0.87 Δ +0.000 (0.5043) ΔR² -0.003 (0.4555) ΔKL +0.0012 (0.1654)
olmo2_1b   D_chord       A_win40       | -0.03 (0.6051) | +0.94 +0.01 +0.94 Δ +0.000 (0.3783) ΔR² -0.003 (0.6225) ΔKL -0.0006 (0.5135)
olmo2_1b   E_modulation  A_win40       | +0.15 (0.0462) | +0.92 -0.51 +0.93 Δ +0.008 (0.0046) ΔR² +0.023 (0.0380) ΔKL +0.0012 (0.0360)
gemma2_2b  C_harmonic    A_win40       | +0.06 (0.2761) | +0.89 -0.53 +0.89 Δ +0.001 (0.2907) ΔR² +0.002 (0.2665) ΔKL +0.0012 (0.2072)
gemma2_2b  D_chord       A_win40       | +0.04 (0.3397) | +0.95 -0.00 +0.95 Δ +0.001 (0.2851) ΔR² +0.005 (0.2282) ΔKL -0.0010 (0.7137)
gemma2_2b  E_modulation  A_win40       | +0.34 (0.0002) | +0.93 -0.10 +0.94 Δ +0.008 (0.0058) ΔR² +0.107 (0.0012) ΔKL +0.0150 (0.0004)
qwen25_3b  C_harmonic    A_win40       | +0.11 (0.1276) | +0.88 -0.48 +0.88 Δ +0.005 (0.0506) ΔR² +0.009 (0.1720) ΔKL +0.0043 (0.0438)
qwen25_3b  D_chord       A_win40       | +0.12 (0.1160) | +0.88 -0.45 +0.89 Δ +0.004 (0.1062) ΔR² +0.061 (0.0040) ΔKL +0.0081 (0.0130)
qwen25_3b  E_modulation  A_win40       | +0.10 (0.1416) | +0.95 -0.56 +0.95 Δ +0.001 (0.4753) ΔR² +0.030 (0.0208) ΔKL +0.0021 (0.0048)
olmo2_7b   C_harmonic    A_win40       | +0.04 (0.3075) | +0.77 +0.23 +0.78 Δ +0.008 (0.0950) ΔR² +0.022 (0.0480) ΔKL +0.0077 (0.0424)
olmo2_7b   D_chord       A_win40       | -0.03 (0.6115) | +0.82 -0.28 +0.83 Δ +0.003 (0.4345) ΔR² -0.000 (0.2707) ΔKL +0.0051 (0.0930)
olmo2_7b   E_modulation  A_win40       | +0.33 (0.0004) | +0.88 -0.05 +0.90 Δ +0.015 (0.0028) ΔR² +0.123 (0.0004) ΔKL +0.0103 (0.0002)
saved matched_pmi_v4
VALID /home/moloch/Documents/Research/pitch_fourier/results/phase5/v4_provenance_manifest.json
VALID results/phase5/fingerprint/matched_pmi_v4.json: 12 cells
VALID /home/moloch/Documents/Research/pitch_fourier/results/phase5/v4_provenance_manifest.json
== 22:04:44 fingerprint results/phase5/cond_wikipedia_matched_pmi.npz matched_pmi_v4 olmo2_1b,gemma2_2b,qwen25_3b,olmo2_7b C_harmonic,D_chord,E_modulation A_win40 --neutral --nperm-res=5000 --nperm-loo=5000
corpus=matched_pmi_v4; source counts [38, 162, 438, 813, 2943, 2666, 4285, 6334, 4719, 6139, 4283, 3096, 1542, 232, 121]; view=aggregated rich=False targetprior=False templates=[0, 1, 2, 3] nperm_res=5000 nperm_loo=5000 nboot=0 jobs=20
model      family        extract       | residual r (p) | LOO theory corpus both ΔCV(p) ΔR²(p) ΔKL(p)
olmo2_1b   C_harmonic    A_win40       | +0.03 (0.4011) | +0.70 +0.01 +0.70 Δ +0.000 (0.5091) ΔR² -0.015 (0.8814) ΔKL -0.0014 (0.7906)
olmo2_1b   D_chord       A_win40       | -0.27 (0.9972) | +0.96 +0.17 +0.96 Δ +0.001 (0.2981) ΔR² +0.011 (0.1148) ΔKL +0.0020 (0.0394)
olmo2_1b   E_modulation  A_win40       | -0.02 (0.5995) | +0.83 +0.09 +0.83 Δ -0.005 (0.7974) ΔR² -0.028 (0.9916) ΔKL -0.0017 (0.9638)
gemma2_2b  C_harmonic    A_win40       | -0.01 (0.5425) | +0.80 +0.14 +0.80 Δ -0.003 (0.6665) ΔR² -0.011 (0.8322) ΔKL -0.0017 (0.8316)
gemma2_2b  D_chord       A_win40       | -0.25 (0.9978) | +0.90 +0.21 +0.91 Δ +0.014 (0.0014) ΔR² +0.055 (0.0020) ΔKL +0.0021 (0.0156)
gemma2_2b  E_modulation  A_win40       | +0.14 (0.0508) | +0.87 +0.12 +0.86 Δ -0.006 (0.7395) ΔR² -0.011 (0.8336) ΔKL -0.0000 (0.2673)
qwen25_3b  C_harmonic    A_win40       | -0.09 (0.8410) | +0.82 +0.02 +0.81 Δ -0.001 (0.5929) ΔR² -0.016 (0.9072) ΔKL -0.0016 (0.8798)
qwen25_3b  D_chord       A_win40       | -0.00 (0.4861) | +0.80 +0.13 +0.80 Δ -0.002 (0.7171) ΔR² -0.030 (0.9882) ΔKL -0.0028 (0.9446)
qwen25_3b  E_modulation  A_win40       | -0.21 (0.9876) | +0.88 +0.18 +0.89 Δ +0.009 (0.0058) ΔR² +0.015 (0.0564) ΔKL +0.0008 (0.0494)
olmo2_7b   C_harmonic    A_win40       | -0.10 (0.8408) | +0.71 -0.13 +0.70 Δ -0.004 (0.7570) ΔR² -0.010 (0.6967) ΔKL -0.0023 (0.8130)
olmo2_7b   D_chord       A_win40       | -0.25 (0.9956) | +0.68 +0.02 +0.67 Δ -0.007 (0.7716) ΔR² +0.017 (0.0492) ΔKL -0.0084 (0.9552)
olmo2_7b   E_modulation  A_win40       | +0.12 (0.0760) | +0.73 +0.02 +0.74 Δ +0.005 (0.0738) ΔR² -0.023 (0.9866) ΔKL -0.0022 (0.9992)
saved matched_pmi_v4_neutral
VALID /home/moloch/Documents/Research/pitch_fourier/results/phase5/v4_provenance_manifest.json
VALID results/phase5/fingerprint/matched_pmi_v4_neutral.json: 12 cells
VALID /home/moloch/Documents/Research/pitch_fourier/results/phase5/v4_provenance_manifest.json
== 22:08:24 fingerprint results/phase5/cond_wikipedia_matched_pmi.npz matched_pmi_v4 olmo2_1b,gemma2_2b,qwen25_3b,olmo2_7b C_harmonic,E_modulation A_win40 --neutral --targetprior --nperm-res=5000 --nperm-loo=5000
corpus=matched_pmi_v4; source counts [38, 162, 438, 813, 2943, 2666, 4285, 6334, 4719, 6139, 4283, 3096, 1542, 232, 121]; view=aggregated rich=False targetprior=True templates=[0, 1, 2, 3] nperm_res=5000 nperm_loo=5000 nboot=0 jobs=20
model      family        extract       | residual r (p) | LOO theory corpus both ΔCV(p) ΔR²(p) ΔKL(p)
olmo2_1b   C_harmonic    A_win40       | +0.03 (0.4011) | +0.76 +0.01 +0.77 Δ +0.005 (0.1474) ΔR² +0.008 (0.0716) ΔKL +0.0016 (0.0290)
olmo2_1b   E_modulation  A_win40       | -0.02 (0.5995) | +0.83 +0.09 +0.83 Δ +0.001 (0.3507) ΔR² -0.025 (0.9860) ΔKL -0.0015 (0.9662)
gemma2_2b  C_harmonic    A_win40       | -0.01 (0.5425) | +0.85 +0.14 +0.86 Δ +0.006 (0.0652) ΔR² -0.010 (0.7598) ΔKL +0.0001 (0.1846)
gemma2_2b  E_modulation  A_win40       | +0.14 (0.0508) | +0.86 +0.12 +0.87 Δ +0.005 (0.1330) ΔR² -0.023 (0.9812) ΔKL -0.0008 (0.9042)
qwen25_3b  C_harmonic    A_win40       | -0.09 (0.8410) | +0.82 +0.02 +0.82 Δ -0.001 (0.6381) ΔR² -0.008 (0.6643) ΔKL -0.0004 (0.5143)
qwen25_3b  E_modulation  A_win40       | -0.21 (0.9876) | +0.88 +0.18 +0.89 Δ +0.012 (0.0020) ΔR² +0.017 (0.0386) ΔKL +0.0009 (0.0224)
olmo2_7b   C_harmonic    A_win40       | -0.10 (0.8408) | +0.74 -0.13 +0.74 Δ +0.002 (0.4009) ΔR² +0.002 (0.1900) ΔKL -0.0017 (0.7860)
olmo2_7b   E_modulation  A_win40       | +0.12 (0.0760) | +0.74 +0.02 +0.74 Δ +0.001 (0.5917) ΔR² -0.024 (0.9888) ΔKL -0.0022 (0.9986)
saved matched_pmi_v4_neutral_tp
VALID /home/moloch/Documents/Research/pitch_fourier/results/phase5/v4_provenance_manifest.json
VALID results/phase5/fingerprint/matched_pmi_v4_neutral_tp.json: 8 cells
VALID /home/moloch/Documents/Research/pitch_fourier/results/phase5/v4_provenance_manifest.json
== 22:11:30 fingerprint results/phase5/cond_wikipedia.npz wikipedia_v4 olmo2_1b,gemma2_2b,qwen25_3b,olmo2_7b E_modulation A_win40,D_doc --neutral --templates=0 --nperm-res=2000 --nperm-loo=2000 --tag=_t0
corpus=wikipedia_v4; source counts [38, 162, 438, 813, 2943, 2666, 4285, 6334, 4719, 6139, 4283, 3096, 1542, 232, 121]; view=aggregated rich=False targetprior=False templates=[0] nperm_res=2000 nperm_loo=2000 nboot=0 jobs=20
model      family        extract       | residual r (p) | LOO theory corpus both ΔCV(p) ΔR²(p) ΔKL(p)
olmo2_1b   E_modulation  A_win40       | +0.19 (0.0520) | +0.76 +0.64 +0.77 Δ +0.010 (0.2399) ΔR² +0.070 (0.0020) ΔKL +0.0059 (0.0090)
olmo2_1b   E_modulation  D_doc         | +0.21 (0.0620) | +0.76 +0.56 +0.79 Δ +0.029 (0.0120) ΔR² +0.104 (0.0005) ΔKL +0.0054 (0.0270)
gemma2_2b  E_modulation  A_win40       | +0.20 (0.0440) | +0.81 +0.54 +0.84 Δ +0.025 (0.0380) ΔR² +0.030 (0.0615) ΔKL +0.0041 (0.0200)
gemma2_2b  E_modulation  D_doc         | +0.11 (0.2479) | +0.81 +0.51 +0.83 Δ +0.021 (0.0935) ΔR² +0.031 (0.0875) ΔKL +0.0036 (0.0595)
qwen25_3b  E_modulation  A_win40       | +0.05 (0.3518) | +0.82 +0.58 +0.82 Δ +0.001 (0.1359) ΔR² -0.002 (0.4623) ΔKL -0.0000 (0.4033)
qwen25_3b  E_modulation  D_doc         | -0.09 (0.7331) | +0.82 +0.47 +0.82 Δ -0.002 (0.2449) ΔR² -0.010 (0.8796) ΔKL +0.0000 (0.4263)
olmo2_7b   E_modulation  A_win40       | +0.23 (0.0040) | +0.70 +0.57 +0.77 Δ +0.072 (0.0005) ΔR² +0.043 (0.0110) ΔKL +0.0030 (0.0125)
olmo2_7b   E_modulation  D_doc         | -0.06 (0.6862) | +0.70 +0.46 +0.70 Δ -0.004 (0.7041) ΔR² -0.022 (0.9960) ΔKL -0.0014 (0.9875)
saved wikipedia_v4_neutral_t0
VALID /home/moloch/Documents/Research/pitch_fourier/results/phase5/v4_provenance_manifest.json
VALID results/phase5/fingerprint/wikipedia_v4_neutral_t0.json: 8 cells
VALID /home/moloch/Documents/Research/pitch_fourier/results/phase5/v4_provenance_manifest.json
== 22:12:56 fingerprint results/phase5/cond_wikipedia.npz wikipedia_v4 olmo2_1b,gemma2_2b,qwen25_3b,olmo2_7b E_modulation A_win40,D_doc --neutral --templates=1,2,3 --nperm-res=2000 --nperm-loo=2000 --tag=_lo0
corpus=wikipedia_v4; source counts [38, 162, 438, 813, 2943, 2666, 4285, 6334, 4719, 6139, 4283, 3096, 1542, 232, 121]; view=aggregated rich=False targetprior=False templates=[1, 2, 3] nperm_res=2000 nperm_loo=2000 nboot=0 jobs=20
model      family        extract       | residual r (p) | LOO theory corpus both ΔCV(p) ΔR²(p) ΔKL(p)
olmo2_1b   E_modulation  A_win40       | +0.24 (0.0305) | +0.83 +0.60 +0.82 Δ -0.002 (0.8431) ΔR² +0.055 (0.0090) ΔKL +0.0028 (0.0665)
olmo2_1b   E_modulation  D_doc         | +0.14 (0.2384) | +0.83 +0.51 +0.83 Δ -0.001 (0.8021) ΔR² +0.057 (0.0120) ΔKL +0.0038 (0.0455)
gemma2_2b  E_modulation  A_win40       | +0.29 (0.0010) | +0.86 +0.60 +0.87 Δ +0.008 (0.0025) ΔR² +0.080 (0.0010) ΔKL +0.0056 (0.0030)
gemma2_2b  E_modulation  D_doc         | +0.19 (0.0605) | +0.86 +0.53 +0.87 Δ +0.007 (0.0160) ΔR² +0.080 (0.0010) ΔKL +0.0039 (0.0365)
qwen25_3b  E_modulation  A_win40       | +0.09 (0.1779) | +0.88 +0.58 +0.88 Δ -0.003 (0.7361) ΔR² -0.009 (0.8341) ΔKL -0.0003 (0.4703)
qwen25_3b  E_modulation  D_doc         | -0.10 (0.8581) | +0.88 +0.44 +0.88 Δ -0.001 (0.5832) ΔR² -0.011 (0.9175) ΔKL -0.0001 (0.3743)
olmo2_7b   E_modulation  A_win40       | +0.32 (0.0020) | +0.77 +0.62 +0.79 Δ +0.018 (0.0060) ΔR² +0.094 (0.0005) ΔKL +0.0036 (0.0100)
olmo2_7b   E_modulation  D_doc         | +0.14 (0.1129) | +0.77 +0.49 +0.78 Δ +0.008 (0.0615) ΔR² +0.052 (0.0050) ΔKL +0.0014 (0.1324)
saved wikipedia_v4_neutral_lo0
VALID /home/moloch/Documents/Research/pitch_fourier/results/phase5/v4_provenance_manifest.json
VALID results/phase5/fingerprint/wikipedia_v4_neutral_lo0.json: 8 cells
VALID /home/moloch/Documents/Research/pitch_fourier/results/phase5/v4_provenance_manifest.json
== 22:14:22 fingerprint results/phase5/cond_wikipedia.npz wikipedia_v4 olmo2_1b,gemma2_2b,qwen25_3b,olmo2_7b E_modulation A_win40,D_doc --neutral --templates=1 --nperm-res=2000 --nperm-loo=2000 --tag=_t1
corpus=wikipedia_v4; source counts [38, 162, 438, 813, 2943, 2666, 4285, 6334, 4719, 6139, 4283, 3096, 1542, 232, 121]; view=aggregated rich=False targetprior=False templates=[1] nperm_res=2000 nperm_loo=2000 nboot=0 jobs=20
model      family        extract       | residual r (p) | LOO theory corpus both ΔCV(p) ΔR²(p) ΔKL(p)
olmo2_1b   E_modulation  A_win40       | +0.26 (0.0470) | +0.80 +0.61 +0.80 Δ -0.005 (0.6712) ΔR² +0.086 (0.0030) ΔKL +0.0070 (0.0510)
olmo2_1b   E_modulation  D_doc         | +0.13 (0.2974) | +0.80 +0.52 +0.81 Δ +0.007 (0.0950) ΔR² +0.069 (0.0290) ΔKL +0.0066 (0.1069)
gemma2_2b  E_modulation  A_win40       | +0.21 (0.0090) | +0.86 +0.57 +0.86 Δ +0.003 (0.0500) ΔR² +0.041 (0.0165) ΔKL +0.0040 (0.0060)
gemma2_2b  E_modulation  D_doc         | +0.17 (0.0235) | +0.86 +0.52 +0.85 Δ -0.005 (0.5837) ΔR² +0.065 (0.0040) ΔKL +0.0047 (0.0050)
qwen25_3b  E_modulation  A_win40       | +0.05 (0.3643) | +0.78 +0.60 +0.78 Δ +0.002 (0.5757) ΔR² -0.000 (0.4103) ΔKL +0.0003 (0.3848)
qwen25_3b  E_modulation  D_doc         | -0.11 (0.7661) | +0.78 +0.49 +0.78 Δ +0.002 (0.6117) ΔR² -0.008 (0.8641) ΔKL -0.0004 (0.7436)
olmo2_7b   E_modulation  A_win40       | +0.26 (0.0155) | +0.73 +0.60 +0.74 Δ +0.010 (0.1019) ΔR² +0.072 (0.0065) ΔKL +0.0029 (0.1559)
olmo2_7b   E_modulation  D_doc         | +0.18 (0.1474) | +0.73 +0.52 +0.73 Δ +0.003 (0.3073) ΔR² +0.056 (0.0450) ΔKL +0.0018 (0.3288)
saved wikipedia_v4_neutral_t1
VALID /home/moloch/Documents/Research/pitch_fourier/results/phase5/v4_provenance_manifest.json
VALID results/phase5/fingerprint/wikipedia_v4_neutral_t1.json: 8 cells
VALID /home/moloch/Documents/Research/pitch_fourier/results/phase5/v4_provenance_manifest.json
== 22:15:46 fingerprint results/phase5/cond_wikipedia.npz wikipedia_v4 olmo2_1b,gemma2_2b,qwen25_3b,olmo2_7b E_modulation A_win40,D_doc --neutral --templates=0,2,3 --nperm-res=2000 --nperm-loo=2000 --tag=_lo1
corpus=wikipedia_v4; source counts [38, 162, 438, 813, 2943, 2666, 4285, 6334, 4719, 6139, 4283, 3096, 1542, 232, 121]; view=aggregated rich=False targetprior=False templates=[0, 2, 3] nperm_res=2000 nperm_loo=2000 nboot=0 jobs=20
model      family        extract       | residual r (p) | LOO theory corpus both ΔCV(p) ΔR²(p) ΔKL(p)
olmo2_1b   E_modulation  A_win40       | +0.20 (0.0320) | +0.83 +0.62 +0.84 Δ +0.001 (0.3413) ΔR² +0.056 (0.0030) ΔKL +0.0033 (0.0100)
olmo2_1b   E_modulation  D_doc         | +0.18 (0.0995) | +0.83 +0.55 +0.84 Δ +0.008 (0.0995) ΔR² +0.076 (0.0005) ΔKL +0.0048 (0.0010)
gemma2_2b  E_modulation  A_win40       | +0.30 (0.0005) | +0.84 +0.60 +0.86 Δ +0.019 (0.0030) ΔR² +0.075 (0.0005) ΔKL +0.0058 (0.0010)
gemma2_2b  E_modulation  D_doc         | +0.17 (0.0630) | +0.84 +0.52 +0.86 Δ +0.016 (0.0155) ΔR² +0.066 (0.0045) ΔKL +0.0039 (0.0255)
qwen25_3b  E_modulation  A_win40       | +0.08 (0.2264) | +0.87 +0.57 +0.88 Δ +0.005 (0.3138) ΔR² -0.012 (0.9445) ΔKL -0.0004 (0.6877)
qwen25_3b  E_modulation  D_doc         | -0.11 (0.8846) | +0.87 +0.45 +0.88 Δ +0.005 (0.2934) ΔR² -0.011 (0.9385) ΔKL +0.0001 (0.4068)
olmo2_7b   E_modulation  A_win40       | +0.31 (0.0050) | +0.71 +0.64 +0.76 Δ +0.049 (0.0005) ΔR² +0.084 (0.0020) ΔKL +0.0040 (0.0285)
olmo2_7b   E_modulation  D_doc         | +0.04 (0.4073) | +0.71 +0.51 +0.73 Δ +0.021 (0.0095) ΔR² +0.015 (0.2489) ΔKL +0.0003 (0.5077)
saved wikipedia_v4_neutral_lo1
VALID /home/moloch/Documents/Research/pitch_fourier/results/phase5/v4_provenance_manifest.json
VALID results/phase5/fingerprint/wikipedia_v4_neutral_lo1.json: 8 cells
VALID /home/moloch/Documents/Research/pitch_fourier/results/phase5/v4_provenance_manifest.json
== 22:17:12 fingerprint results/phase5/cond_wikipedia.npz wikipedia_v4 olmo2_1b,gemma2_2b,qwen25_3b,olmo2_7b E_modulation A_win40,D_doc --neutral --templates=2 --nperm-res=2000 --nperm-loo=2000 --tag=_t2
corpus=wikipedia_v4; source counts [38, 162, 438, 813, 2943, 2666, 4285, 6334, 4719, 6139, 4283, 3096, 1542, 232, 121]; view=aggregated rich=False targetprior=False templates=[2] nperm_res=2000 nperm_loo=2000 nboot=0 jobs=20
model      family        extract       | residual r (p) | LOO theory corpus both ΔCV(p) ΔR²(p) ΔKL(p)
olmo2_1b   E_modulation  A_win40       | +0.17 (0.0635) | +0.85 +0.51 +0.84 Δ -0.010 (0.9060) ΔR² +0.015 (0.0750) ΔKL +0.0002 (0.3843)
olmo2_1b   E_modulation  D_doc         | +0.18 (0.0600) | +0.85 +0.45 +0.84 Δ -0.008 (0.8926) ΔR² +0.048 (0.0055) ΔKL +0.0029 (0.0905)
gemma2_2b  E_modulation  A_win40       | +0.35 (0.0020) | +0.84 +0.56 +0.85 Δ +0.010 (0.1309) ΔR² +0.116 (0.0005) ΔKL +0.0095 (0.0100)
gemma2_2b  E_modulation  D_doc         | +0.25 (0.0570) | +0.84 +0.48 +0.84 Δ -0.003 (0.9030) ΔR² +0.078 (0.0090) ΔKL +0.0035 (0.2394)
qwen25_3b  E_modulation  A_win40       | +0.15 (0.1564) | +0.88 +0.54 +0.89 Δ +0.006 (0.1509) ΔR² -0.011 (0.9180) ΔKL -0.0012 (0.8361)
qwen25_3b  E_modulation  D_doc         | -0.04 (0.6282) | +0.88 +0.43 +0.88 Δ +0.003 (0.2744) ΔR² -0.013 (0.9610) ΔKL +0.0001 (0.5602)
olmo2_7b   E_modulation  A_win40       | +0.14 (0.2444) | +0.88 +0.53 +0.87 Δ -0.009 (0.9195) ΔR² +0.016 (0.3058) ΔKL +0.0003 (0.5562)
olmo2_7b   E_modulation  D_doc         | -0.02 (0.5282) | +0.88 +0.43 +0.87 Δ -0.010 (0.9370) ΔR² +0.011 (0.4248) ΔKL -0.0009 (0.8791)
saved wikipedia_v4_neutral_t2
VALID /home/moloch/Documents/Research/pitch_fourier/results/phase5/v4_provenance_manifest.json
VALID results/phase5/fingerprint/wikipedia_v4_neutral_t2.json: 8 cells
VALID /home/moloch/Documents/Research/pitch_fourier/results/phase5/v4_provenance_manifest.json
== 22:18:37 fingerprint results/phase5/cond_wikipedia.npz wikipedia_v4 olmo2_1b,gemma2_2b,qwen25_3b,olmo2_7b E_modulation A_win40,D_doc --neutral --templates=0,1,3 --nperm-res=2000 --nperm-loo=2000 --tag=_lo2
corpus=wikipedia_v4; source counts [38, 162, 438, 813, 2943, 2666, 4285, 6334, 4719, 6139, 4283, 3096, 1542, 232, 121]; view=aggregated rich=False targetprior=False templates=[0, 1, 3] nperm_res=2000 nperm_loo=2000 nboot=0 jobs=20
model      family        extract       | residual r (p) | LOO theory corpus both ΔCV(p) ΔR²(p) ΔKL(p)
olmo2_1b   E_modulation  A_win40       | +0.24 (0.0325) | +0.80 +0.67 +0.82 Δ +0.019 (0.0545) ΔR² +0.076 (0.0020) ΔKL +0.0057 (0.0050)
olmo2_1b   E_modulation  D_doc         | +0.15 (0.2209) | +0.80 +0.57 +0.83 Δ +0.033 (0.0030) ΔR² +0.075 (0.0020) ΔKL +0.0054 (0.0095)
gemma2_2b  E_modulation  A_win40       | +0.21 (0.0060) | +0.86 +0.59 +0.86 Δ -0.005 (0.8816) ΔR² +0.047 (0.0080) ΔKL +0.0039 (0.0060)
gemma2_2b  E_modulation  D_doc         | +0.12 (0.1164) | +0.86 +0.53 +0.87 Δ +0.007 (0.0680) ΔR² +0.058 (0.0060) ΔKL +0.0037 (0.0130)
qwen25_3b  E_modulation  A_win40       | +0.03 (0.4198) | +0.82 +0.61 +0.82 Δ -0.003 (0.7976) ΔR² -0.007 (0.6767) ΔKL -0.0000 (0.3463)
qwen25_3b  E_modulation  D_doc         | -0.12 (0.8206) | +0.82 +0.49 +0.82 Δ -0.004 (0.8641) ΔR² -0.009 (0.8561) ΔKL -0.0000 (0.4143)
olmo2_7b   E_modulation  A_win40       | +0.32 (0.0005) | +0.69 +0.65 +0.73 Δ +0.036 (0.0005) ΔR² +0.099 (0.0005) ΔKL +0.0054 (0.0010)
olmo2_7b   E_modulation  D_doc         | +0.11 (0.1394) | +0.69 +0.53 +0.69 Δ -0.009 (0.9615) ΔR² +0.027 (0.0415) ΔKL +0.0008 (0.2069)
saved wikipedia_v4_neutral_lo2
VALID /home/moloch/Documents/Research/pitch_fourier/results/phase5/v4_provenance_manifest.json
VALID results/phase5/fingerprint/wikipedia_v4_neutral_lo2.json: 8 cells
VALID /home/moloch/Documents/Research/pitch_fourier/results/phase5/v4_provenance_manifest.json
== 22:19:59 fingerprint results/phase5/cond_wikipedia.npz wikipedia_v4 olmo2_1b,gemma2_2b,qwen25_3b,olmo2_7b E_modulation A_win40,D_doc --neutral --templates=3 --nperm-res=2000 --nperm-loo=2000 --tag=_t3
corpus=wikipedia_v4; source counts [38, 162, 438, 813, 2943, 2666, 4285, 6334, 4719, 6139, 4283, 3096, 1542, 232, 121]; view=aggregated rich=False targetprior=False templates=[3] nperm_res=2000 nperm_loo=2000 nboot=0 jobs=20
model      family        extract       | residual r (p) | LOO theory corpus both ΔCV(p) ΔR²(p) ΔKL(p)
olmo2_1b   E_modulation  A_win40       | +0.20 (0.1424) | +0.83 +0.57 +0.82 Δ -0.006 (0.8501) ΔR² +0.033 (0.1079) ΔKL +0.0028 (0.1574)
olmo2_1b   E_modulation  D_doc         | +0.07 (0.3888) | +0.83 +0.49 +0.83 Δ -0.000 (0.5347) ΔR² +0.019 (0.2914) ΔKL +0.0020 (0.2769)
gemma2_2b  E_modulation  A_win40       | +0.22 (0.0380) | +0.85 +0.61 +0.86 Δ +0.009 (0.0905) ΔR² +0.049 (0.0115) ΔKL +0.0034 (0.0190)
gemma2_2b  E_modulation  D_doc         | +0.11 (0.2504) | +0.85 +0.54 +0.86 Δ +0.014 (0.0190) ΔR² +0.051 (0.0210) ΔKL +0.0024 (0.0925)
qwen25_3b  E_modulation  A_win40       | +0.01 (0.5002) | +0.82 +0.59 +0.82 Δ +0.000 (0.4868) ΔR² -0.012 (0.8896) ΔKL -0.0006 (0.6587)
qwen25_3b  E_modulation  D_doc         | -0.11 (0.8556) | +0.82 +0.49 +0.82 Δ -0.002 (0.6597) ΔR² -0.010 (0.8641) ΔKL -0.0001 (0.3998)
olmo2_7b   E_modulation  A_win40       | +0.37 (0.0005) | +0.67 +0.66 +0.71 Δ +0.046 (0.0005) ΔR² +0.130 (0.0005) ΔKL +0.0099 (0.0030)
olmo2_7b   E_modulation  D_doc         | +0.16 (0.1379) | +0.67 +0.56 +0.67 Δ +0.001 (0.2299) ΔR² +0.051 (0.0310) ΔKL +0.0028 (0.2184)
saved wikipedia_v4_neutral_t3
VALID /home/moloch/Documents/Research/pitch_fourier/results/phase5/v4_provenance_manifest.json
VALID results/phase5/fingerprint/wikipedia_v4_neutral_t3.json: 8 cells
VALID /home/moloch/Documents/Research/pitch_fourier/results/phase5/v4_provenance_manifest.json
== 22:21:24 fingerprint results/phase5/cond_wikipedia.npz wikipedia_v4 olmo2_1b,gemma2_2b,qwen25_3b,olmo2_7b E_modulation A_win40,D_doc --neutral --templates=0,1,2 --nperm-res=2000 --nperm-loo=2000 --tag=_lo3
corpus=wikipedia_v4; source counts [38, 162, 438, 813, 2943, 2666, 4285, 6334, 4719, 6139, 4283, 3096, 1542, 232, 121]; view=aggregated rich=False targetprior=False templates=[0, 1, 2] nperm_res=2000 nperm_loo=2000 nboot=0 jobs=20
model      family        extract       | residual r (p) | LOO theory corpus both ΔCV(p) ΔR²(p) ΔKL(p)
olmo2_1b   E_modulation  A_win40       | +0.24 (0.0230) | +0.81 +0.64 +0.81 Δ -0.001 (0.4248) ΔR² +0.075 (0.0015) ΔKL +0.0045 (0.0280)
olmo2_1b   E_modulation  D_doc         | +0.20 (0.0945) | +0.81 +0.55 +0.82 Δ +0.011 (0.0440) ΔR² +0.098 (0.0005) ΔKL +0.0064 (0.0075)
gemma2_2b  E_modulation  A_win40       | +0.30 (0.0005) | +0.85 +0.58 +0.86 Δ +0.012 (0.0070) ΔR² +0.075 (0.0015) ΔKL +0.0060 (0.0015)
gemma2_2b  E_modulation  D_doc         | +0.19 (0.0335) | +0.85 +0.52 +0.85 Δ +0.008 (0.0430) ΔR² +0.074 (0.0020) ΔKL +0.0046 (0.0065)
qwen25_3b  E_modulation  A_win40       | +0.09 (0.1609) | +0.88 +0.57 +0.88 Δ +0.003 (0.3013) ΔR² -0.003 (0.3928) ΔKL +0.0001 (0.1979)
qwen25_3b  E_modulation  D_doc         | -0.11 (0.9065) | +0.88 +0.43 +0.88 Δ -0.001 (0.7576) ΔR² -0.011 (0.9240) ΔKL -0.0000 (0.2809)
olmo2_7b   E_modulation  A_win40       | +0.26 (0.0025) | +0.77 +0.60 +0.80 Δ +0.028 (0.0025) ΔR² +0.065 (0.0010) ΔKL +0.0022 (0.0095)
olmo2_7b   E_modulation  D_doc         | +0.05 (0.2919) | +0.77 +0.49 +0.79 Δ +0.021 (0.0200) ΔR² +0.019 (0.0640) ΔKL +0.0002 (0.3018)
saved wikipedia_v4_neutral_lo3
VALID /home/moloch/Documents/Research/pitch_fourier/results/phase5/v4_provenance_manifest.json
VALID results/phase5/fingerprint/wikipedia_v4_neutral_lo3.json: 8 cells
VALID /home/moloch/Documents/Research/pitch_fourier/results/phase5/v4_provenance_manifest.json
== 22:22:44 thinning results/phase5/cond_olmomix_wiki.npz replicate=0
uni: wiki 37811 -> 15204 (target 15061)
A_win40: wiki 47247 -> 8554 (target 8540)
B_modulation: wiki 722 -> 700 (target 700)
B_chord: wiki 2038 -> 1149 (target 1165)
B_signature: wiki 8552 -> 1340 (target 1358)
B_enharmonic: wiki 145 -> 123 (target 107)
B_relation: wiki 252 -> 242 (target 245)
B_any: wiki 10775 -> 2877 (target 2919)
C_patterns: wiki 317 -> 272 (target 274)
D_doc: wiki 19162 -> 6107 (target 6152)
VALID /home/moloch/Documents/Research/pitch_fourier/results/phase5/v4_provenance_manifest.json
VALID /home/moloch/Documents/Research/pitch_fourier/results/phase5/v4_provenance_manifest.json
== 22:22:44 thinning results/phase5/cond_olmomix_wiki.npz replicate=1
uni: wiki 37811 -> 15045 (target 15061)
A_win40: wiki 47247 -> 8534 (target 8540)
B_modulation: wiki 722 -> 699 (target 700)
B_chord: wiki 2038 -> 1174 (target 1165)
B_signature: wiki 8552 -> 1338 (target 1358)
B_enharmonic: wiki 145 -> 102 (target 107)
B_relation: wiki 252 -> 249 (target 245)
B_any: wiki 10775 -> 2898 (target 2919)
C_patterns: wiki 317 -> 270 (target 274)
D_doc: wiki 19162 -> 6081 (target 6152)
VALID /home/moloch/Documents/Research/pitch_fourier/results/phase5/v4_provenance_manifest.json
VALID /home/moloch/Documents/Research/pitch_fourier/results/phase5/v4_provenance_manifest.json
== 22:22:44 thinning results/phase5/cond_olmomix_wiki.npz replicate=2
uni: wiki 37811 -> 14917 (target 15061)
A_win40: wiki 47247 -> 8669 (target 8540)
B_modulation: wiki 722 -> 696 (target 700)
B_chord: wiki 2038 -> 1199 (target 1165)
B_signature: wiki 8552 -> 1386 (target 1358)
B_enharmonic: wiki 145 -> 103 (target 107)
B_relation: wiki 252 -> 241 (target 245)
B_any: wiki 10775 -> 2863 (target 2919)
C_patterns: wiki 317 -> 257 (target 274)
D_doc: wiki 19162 -> 6054 (target 6152)
VALID /home/moloch/Documents/Research/pitch_fourier/results/phase5/v4_provenance_manifest.json
VALID /home/moloch/Documents/Research/pitch_fourier/results/phase5/v4_provenance_manifest.json
== 22:22:44 thinning results/phase5/cond_olmomix_wiki.npz replicate=3
uni: wiki 37811 -> 15228 (target 15061)
A_win40: wiki 47247 -> 8510 (target 8540)
B_modulation: wiki 722 -> 704 (target 700)
B_chord: wiki 2038 -> 1161 (target 1165)
B_signature: wiki 8552 -> 1379 (target 1358)
B_enharmonic: wiki 145 -> 107 (target 107)
B_relation: wiki 252 -> 246 (target 245)
B_any: wiki 10775 -> 2922 (target 2919)
C_patterns: wiki 317 -> 271 (target 274)
D_doc: wiki 19162 -> 6123 (target 6152)
VALID /home/moloch/Documents/Research/pitch_fourier/results/phase5/v4_provenance_manifest.json
VALID /home/moloch/Documents/Research/pitch_fourier/results/phase5/v4_provenance_manifest.json
== 22:22:45 thinning results/phase5/cond_olmomix_wiki.npz replicate=4
uni: wiki 37811 -> 15237 (target 15061)
A_win40: wiki 47247 -> 8375 (target 8540)
B_modulation: wiki 722 -> 705 (target 700)
B_chord: wiki 2038 -> 1160 (target 1165)
B_signature: wiki 8552 -> 1359 (target 1358)
B_enharmonic: wiki 145 -> 101 (target 107)
B_relation: wiki 252 -> 243 (target 245)
B_any: wiki 10775 -> 2891 (target 2919)
C_patterns: wiki 317 -> 277 (target 274)
D_doc: wiki 19162 -> 6060 (target 6152)
VALID /home/moloch/Documents/Research/pitch_fourier/results/phase5/v4_provenance_manifest.json
VALID /home/moloch/Documents/Research/pitch_fourier/results/phase5/v4_provenance_manifest.json
== 22:22:45 fingerprint results/phase5/cond_olmomix_wiki.npz olmomix_wiki_v4 olmo2_1b,gemma2_2b,qwen25_3b,olmo2_7b C_harmonic,D_chord,E_modulation A_win40,B_any,D_doc --nperm-res=2000 --nperm-loo=2000
corpus=olmomix_wiki_v4; source counts [32, 106, 288, 405, 937, 783, 1543, 2780, 1797, 2247, 1648, 1469, 762, 167, 97]; view=spelled rich=False targetprior=False templates=[0, 1, 2, 3] nperm_res=2000 nperm_loo=2000 nboot=0 jobs=20
model      family        extract       | residual r (p) | LOO theory corpus both ΔCV(p) ΔR²(p) ΔKL(p)
olmo2_1b   C_harmonic    A_win40       | +0.09 (0.2764) | +0.89 +0.60 +0.89 Δ +0.003 (0.3438) ΔR² +0.006 (0.4248) ΔKL +0.0019 (0.2599)
olmo2_1b   C_harmonic    B_any         | +0.10 (0.2274) | +0.89 +0.56 +0.89 Δ +0.003 (0.3138) ΔR² +0.009 (0.2929) ΔKL +0.0024 (0.1639)
olmo2_1b   C_harmonic    D_doc         | +0.19 (0.1304) | +0.89 +0.64 +0.89 Δ +0.002 (0.4588) ΔR² +0.037 (0.2259) ΔKL +0.0012 (0.4183)
olmo2_1b   D_chord       A_win40       | +0.02 (0.4508) | +0.94 +0.50 +0.94 Δ +0.000 (0.6967) ΔR² -0.002 (0.7076) ΔKL +0.0002 (0.2344)
olmo2_1b   D_chord       B_any         | -0.02 (0.5542) | +0.94 +0.42 +0.94 Δ +0.000 (0.7661) ΔR² -0.007 (0.8946) ΔKL -0.0005 (0.3603)
olmo2_1b   D_chord       D_doc         | +0.04 (0.4308) | +0.94 +0.61 +0.94 Δ +0.000 (0.7791) ΔR² +0.004 (0.6307) ΔKL +0.0006 (0.2174)
olmo2_1b   E_modulation  A_win40       | +0.17 (0.1144) | +0.93 +0.63 +0.93 Δ +0.001 (0.2179) ΔR² +0.073 (0.0095) ΔKL +0.0026 (0.0510)
olmo2_1b   E_modulation  B_any         | +0.12 (0.1554) | +0.93 +0.59 +0.93 Δ -0.001 (0.5167) ΔR² +0.033 (0.0555) ΔKL +0.0003 (0.2824)
olmo2_1b   E_modulation  D_doc         | +0.17 (0.1384) | +0.93 +0.70 +0.93 Δ -0.001 (0.4543) ΔR² +0.085 (0.0110) ΔKL +0.0021 (0.1369)
gemma2_2b  C_harmonic    A_win40       | +0.02 (0.4368) | +0.90 +0.52 +0.90 Δ +0.003 (0.2109) ΔR² -0.007 (0.8821) ΔKL -0.0018 (0.8021)
gemma2_2b  C_harmonic    B_any         | +0.03 (0.4098) | +0.90 +0.49 +0.90 Δ +0.002 (0.2194) ΔR² -0.005 (0.7466) ΔKL +0.0007 (0.3528)
gemma2_2b  C_harmonic    D_doc         | -0.01 (0.5167) | +0.90 +0.61 +0.89 Δ -0.005 (0.9560) ΔR² -0.017 (0.9925) ΔKL -0.0042 (0.9190)
gemma2_2b  D_chord       A_win40       | -0.04 (0.6152) | +0.95 +0.50 +0.95 Δ +0.000 (0.8161) ΔR² -0.010 (0.9375) ΔKL -0.0005 (0.5752)
gemma2_2b  D_chord       B_any         | -0.14 (0.8546) | +0.95 +0.44 +0.95 Δ +0.002 (0.2319) ΔR² +0.000 (0.5072) ΔKL -0.0001 (0.4673)
gemma2_2b  D_chord       D_doc         | +0.08 (0.3238) | +0.95 +0.64 +0.95 Δ -0.001 (0.8911) ΔR² -0.007 (0.9215) ΔKL -0.0006 (0.6112)
gemma2_2b  E_modulation  A_win40       | +0.16 (0.1239) | +0.94 +0.64 +0.94 Δ +0.005 (0.0295) ΔR² +0.044 (0.0785) ΔKL +0.0071 (0.0045)
gemma2_2b  E_modulation  B_any         | +0.15 (0.1334) | +0.94 +0.60 +0.94 Δ +0.005 (0.0175) ΔR² +0.012 (0.2534) ΔKL +0.0037 (0.0320)
gemma2_2b  E_modulation  D_doc         | +0.29 (0.0500) | +0.94 +0.68 +0.94 Δ -0.000 (0.3848) ΔR² +0.075 (0.0610) ΔKL +0.0088 (0.0065)
qwen25_3b  C_harmonic    A_win40       | +0.11 (0.2394) | +0.88 +0.63 +0.88 Δ +0.007 (0.1454) ΔR² +0.085 (0.0200) ΔKL +0.0101 (0.0375)
qwen25_3b  C_harmonic    B_any         | +0.01 (0.4188) | +0.88 +0.59 +0.89 Δ +0.010 (0.0650) ΔR² +0.038 (0.0875) ΔKL +0.0037 (0.1639)
qwen25_3b  C_harmonic    D_doc         | +0.18 (0.1589) | +0.88 +0.65 +0.87 Δ -0.009 (0.9990) ΔR² +0.085 (0.0740) ΔKL +0.0057 (0.2384)
qwen25_3b  D_chord       A_win40       | +0.06 (0.3333) | +0.90 +0.56 +0.89 Δ -0.001 (0.7151) ΔR² +0.023 (0.1439) ΔKL +0.0027 (0.2604)
qwen25_3b  D_chord       B_any         | +0.09 (0.2449) | +0.90 +0.51 +0.90 Δ +0.003 (0.2189) ΔR² +0.017 (0.1724) ΔKL +0.0059 (0.1094)
qwen25_3b  D_chord       D_doc         | -0.06 (0.6142) | +0.90 +0.65 +0.89 Δ -0.001 (0.7486) ΔR² -0.003 (0.6927) ΔKL -0.0014 (0.8391)
qwen25_3b  E_modulation  A_win40       | +0.11 (0.1874) | +0.95 +0.63 +0.95 Δ +0.003 (0.1369) ΔR² +0.012 (0.2174) ΔKL +0.0009 (0.2099)
qwen25_3b  E_modulation  B_any         | -0.06 (0.6832) | +0.95 +0.57 +0.95 Δ +0.001 (0.4628) ΔR² -0.016 (0.9795) ΔKL -0.0004 (0.6572)
qwen25_3b  E_modulation  D_doc         | +0.14 (0.1674) | +0.95 +0.69 +0.94 Δ -0.006 (0.9755) ΔR² +0.017 (0.2324) ΔKL +0.0012 (0.2654)
olmo2_7b   C_harmonic    A_win40       | +0.06 (0.3103) | +0.77 +0.62 +0.78 Δ +0.006 (0.4183) ΔR² +0.026 (0.1569) ΔKL +0.0106 (0.0985)
olmo2_7b   C_harmonic    B_any         | +0.09 (0.2589) | +0.77 +0.58 +0.78 Δ +0.006 (0.4293) ΔR² +0.021 (0.1829) ΔKL +0.0070 (0.1674)
olmo2_7b   C_harmonic    D_doc         | +0.10 (0.2849) | +0.77 +0.61 +0.78 Δ +0.006 (0.4548) ΔR² +0.026 (0.2729) ΔKL +0.0049 (0.3198)
olmo2_7b   D_chord       A_win40       | +0.00 (0.4903) | +0.82 +0.54 +0.83 Δ +0.011 (0.2029) ΔR² +0.002 (0.3683) ΔKL +0.0034 (0.2229)
olmo2_7b   D_chord       B_any         | +0.03 (0.3683) | +0.82 +0.51 +0.83 Δ +0.010 (0.2279) ΔR² -0.005 (0.5957) ΔKL +0.0027 (0.2314)
olmo2_7b   D_chord       D_doc         | -0.02 (0.5232) | +0.82 +0.58 +0.83 Δ +0.008 (0.3603) ΔR² +0.002 (0.4413) ΔKL +0.0009 (0.3978)
olmo2_7b   E_modulation  A_win40       | +0.26 (0.0065) | +0.90 +0.67 +0.92 Δ +0.019 (0.0005) ΔR² +0.153 (0.0005) ΔKL +0.0080 (0.0005)
olmo2_7b   E_modulation  B_any         | +0.19 (0.0340) | +0.90 +0.62 +0.91 Δ +0.012 (0.0030) ΔR² +0.081 (0.0020) ΔKL +0.0051 (0.0035)
olmo2_7b   E_modulation  D_doc         | +0.38 (0.0005) | +0.90 +0.72 +0.90 Δ -0.006 (0.9890) ΔR² +0.190 (0.0005) ΔKL +0.0034 (0.0440)
saved olmomix_wiki_v4
VALID /home/moloch/Documents/Research/pitch_fourier/results/phase5/v4_provenance_manifest.json
VALID results/phase5/fingerprint/olmomix_wiki_v4.json: 36 cells
VALID /home/moloch/Documents/Research/pitch_fourier/results/phase5/v4_provenance_manifest.json
== 22:25:45 fingerprint results/phase5/cond_olmomix_wiki.npz olmomix_wiki_v4 olmo2_1b,gemma2_2b,qwen25_3b,olmo2_7b C_harmonic,D_chord,E_modulation A_win40,B_any,D_doc --neutral --nperm-res=2000 --nperm-loo=2000
corpus=olmomix_wiki_v4; source counts [32, 106, 288, 405, 937, 783, 1543, 2780, 1797, 2247, 1648, 1469, 762, 167, 97]; view=aggregated rich=False targetprior=False templates=[0, 1, 2, 3] nperm_res=2000 nperm_loo=2000 nboot=0 jobs=20
model      family        extract       | residual r (p) | LOO theory corpus both ΔCV(p) ΔR²(p) ΔKL(p)
olmo2_1b   C_harmonic    A_win40       | +0.09 (0.2979) | +0.72 +0.50 +0.73 Δ +0.013 (0.0360) ΔR² +0.012 (0.2864) ΔKL +0.0006 (0.3793)
olmo2_1b   C_harmonic    B_any         | +0.12 (0.2354) | +0.72 +0.50 +0.71 Δ -0.010 (0.5882) ΔR² +0.026 (0.1319) ΔKL +0.0023 (0.1819)
olmo2_1b   C_harmonic    D_doc         | +0.03 (0.4513) | +0.72 +0.45 +0.72 Δ -0.002 (0.3193) ΔR² +0.012 (0.4283) ΔKL +0.0004 (0.5092)
olmo2_1b   D_chord       A_win40       | +0.06 (0.3683) | +0.95 +0.36 +0.95 Δ +0.000 (0.9295) ΔR² -0.010 (0.8621) ΔKL -0.0002 (0.6172)
olmo2_1b   D_chord       B_any         | -0.00 (0.5232) | +0.95 +0.32 +0.95 Δ +0.001 (0.7246) ΔR² -0.006 (0.6522) ΔKL -0.0002 (0.5767)
olmo2_1b   D_chord       D_doc         | +0.03 (0.4493) | +0.95 +0.43 +0.95 Δ -0.001 (0.9310) ΔR² -0.013 (0.9505) ΔKL +0.0005 (0.6132)
olmo2_1b   E_modulation  A_win40       | +0.29 (0.0035) | +0.82 +0.59 +0.80 Δ -0.019 (0.9975) ΔR² +0.083 (0.0005) ΔKL +0.0038 (0.0240)
olmo2_1b   E_modulation  B_any         | +0.27 (0.0025) | +0.82 +0.56 +0.81 Δ -0.009 (0.9205) ΔR² +0.081 (0.0005) ΔKL +0.0026 (0.0590)
olmo2_1b   E_modulation  D_doc         | +0.24 (0.0635) | +0.82 +0.58 +0.82 Δ +0.001 (0.3858) ΔR² +0.114 (0.0005) ΔKL +0.0044 (0.0455)
gemma2_2b  C_harmonic    A_win40       | +0.05 (0.3943) | +0.79 +0.41 +0.79 Δ -0.002 (0.4463) ΔR² -0.020 (0.9850) ΔKL -0.0022 (0.8501)
gemma2_2b  C_harmonic    B_any         | +0.12 (0.1959) | +0.79 +0.42 +0.79 Δ -0.004 (0.5017) ΔR² +0.000 (0.4673) ΔKL -0.0012 (0.6967)
gemma2_2b  C_harmonic    D_doc         | +0.04 (0.4638) | +0.79 +0.44 +0.78 Δ -0.005 (0.6287) ΔR² -0.015 (0.9790) ΔKL -0.0024 (0.8871)
gemma2_2b  D_chord       A_win40       | +0.10 (0.2614) | +0.90 +0.35 +0.90 Δ +0.000 (0.6447) ΔR² -0.016 (0.9610) ΔKL -0.0007 (0.7401)
gemma2_2b  D_chord       B_any         | +0.01 (0.4758) | +0.90 +0.33 +0.90 Δ +0.001 (0.4413) ΔR² -0.015 (0.9325) ΔKL -0.0002 (0.5067)
gemma2_2b  D_chord       D_doc         | -0.02 (0.5662) | +0.90 +0.47 +0.90 Δ -0.002 (0.8271) ΔR² -0.014 (0.9765) ΔKL -0.0007 (0.7676)
gemma2_2b  E_modulation  A_win40       | +0.29 (0.0015) | +0.86 +0.56 +0.86 Δ +0.008 (0.0705) ΔR² +0.088 (0.0005) ΔKL +0.0051 (0.0005)
gemma2_2b  E_modulation  B_any         | +0.20 (0.0160) | +0.86 +0.56 +0.87 Δ +0.013 (0.0110) ΔR² +0.085 (0.0005) ΔKL +0.0045 (0.0005)
gemma2_2b  E_modulation  D_doc         | +0.16 (0.0615) | +0.86 +0.53 +0.85 Δ -0.002 (0.8181) ΔR² +0.067 (0.0010) ΔKL +0.0031 (0.0085)
qwen25_3b  C_harmonic    A_win40       | +0.04 (0.3683) | +0.81 +0.56 +0.82 Δ +0.018 (0.0185) ΔR² +0.029 (0.0625) ΔKL +0.0031 (0.1484)
qwen25_3b  C_harmonic    B_any         | -0.00 (0.4963) | +0.81 +0.54 +0.82 Δ +0.014 (0.0310) ΔR² +0.004 (0.2294) ΔKL -0.0006 (0.5372)
qwen25_3b  C_harmonic    D_doc         | +0.09 (0.2344) | +0.81 +0.49 +0.80 Δ -0.002 (0.7036) ΔR² +0.007 (0.2799) ΔKL +0.0019 (0.2984)
qwen25_3b  D_chord       A_win40       | +0.20 (0.0975) | +0.82 +0.45 +0.81 Δ -0.015 (0.8691) ΔR² +0.014 (0.2749) ΔKL -0.0007 (0.7001)
qwen25_3b  D_chord       B_any         | +0.21 (0.0620) | +0.82 +0.42 +0.82 Δ -0.000 (0.2184) ΔR² +0.013 (0.2504) ΔKL +0.0021 (0.2644)
qwen25_3b  D_chord       D_doc         | +0.10 (0.3003) | +0.82 +0.51 +0.82 Δ +0.001 (0.3123) ΔR² -0.003 (0.7101) ΔKL -0.0007 (0.7611)
qwen25_3b  E_modulation  A_win40       | +0.08 (0.2164) | +0.87 +0.54 +0.87 Δ +0.001 (0.3298) ΔR² +0.004 (0.1889) ΔKL +0.0003 (0.2589)
qwen25_3b  E_modulation  B_any         | -0.04 (0.6882) | +0.87 +0.51 +0.87 Δ -0.002 (0.6137) ΔR² -0.006 (0.6022) ΔKL -0.0002 (0.4473)
qwen25_3b  E_modulation  D_doc         | -0.02 (0.5602) | +0.87 +0.52 +0.87 Δ -0.003 (0.8096) ΔR² -0.008 (0.7786) ΔKL -0.0001 (0.4873)
olmo2_7b   C_harmonic    A_win40       | -0.06 (0.6262) | +0.72 +0.52 +0.72 Δ -0.001 (0.5272) ΔR² -0.017 (0.9335) ΔKL -0.0007 (0.5712)
olmo2_7b   C_harmonic    B_any         | -0.11 (0.7871) | +0.72 +0.51 +0.72 Δ +0.001 (0.3943) ΔR² -0.022 (0.9735) ΔKL -0.0014 (0.6627)
olmo2_7b   C_harmonic    D_doc         | -0.10 (0.6917) | +0.72 +0.43 +0.72 Δ +0.002 (0.3618) ΔR² -0.020 (0.9705) ΔKL -0.0027 (0.9210)
olmo2_7b   D_chord       A_win40       | -0.06 (0.6707) | +0.70 +0.46 +0.69 Δ -0.014 (0.8431) ΔR² -0.030 (0.9920) ΔKL -0.0099 (0.9965)
olmo2_7b   D_chord       B_any         | -0.03 (0.5997) | +0.70 +0.47 +0.69 Δ -0.008 (0.6417) ΔR² -0.032 (0.9925) ΔKL -0.0112 (0.9975)
olmo2_7b   D_chord       D_doc         | -0.08 (0.6952) | +0.70 +0.44 +0.69 Δ -0.008 (0.6962) ΔR² -0.015 (0.9410) ΔKL -0.0056 (0.9660)
olmo2_7b   E_modulation  A_win40       | +0.31 (0.0005) | +0.74 +0.62 +0.77 Δ +0.038 (0.0010) ΔR² +0.114 (0.0005) ΔKL +0.0035 (0.0015)
olmo2_7b   E_modulation  B_any         | +0.29 (0.0005) | +0.74 +0.59 +0.77 Δ +0.033 (0.0030) ΔR² +0.108 (0.0010) ΔKL +0.0038 (0.0010)
olmo2_7b   E_modulation  D_doc         | +0.21 (0.0090) | +0.74 +0.60 +0.75 Δ +0.013 (0.0545) ΔR² +0.079 (0.0005) ΔKL +0.0019 (0.0120)
saved olmomix_wiki_v4_neutral
VALID /home/moloch/Documents/Research/pitch_fourier/results/phase5/v4_provenance_manifest.json
VALID results/phase5/fingerprint/olmomix_wiki_v4_neutral.json: 36 cells
VALID /home/moloch/Documents/Research/pitch_fourier/results/phase5/v4_provenance_manifest.json
== 22:29:17 fingerprint results/phase5/cond_wikipedia_thin_olmomix_wiki_v4.npz wikipedia_thin_olmomix_wiki_v4 olmo2_1b,gemma2_2b,qwen25_3b,olmo2_7b C_harmonic,D_chord,E_modulation A_win40,B_any,D_doc --nperm-res=2000 --nperm-loo=2000
corpus=wikipedia_thin_olmomix_wiki_v4; source counts [8, 64, 181, 339, 1191, 1091, 1678, 2561, 1893, 2519, 1694, 1234, 618, 93, 40]; view=spelled rich=False targetprior=False templates=[0, 1, 2, 3] nperm_res=2000 nperm_loo=2000 nboot=0 jobs=20
model      family        extract       | residual r (p) | LOO theory corpus both ΔCV(p) ΔR²(p) ΔKL(p)
olmo2_1b   C_harmonic    A_win40       | +0.05 (0.3648) | +0.88 +0.63 +0.88 Δ -0.005 (0.8721) ΔR² -0.008 (0.9400) ΔKL +0.0003 (0.5527)
olmo2_1b   C_harmonic    B_any         | +0.05 (0.3748) | +0.88 +0.59 +0.88 Δ -0.001 (0.4933) ΔR² -0.000 (0.6062) ΔKL +0.0029 (0.2934)
olmo2_1b   C_harmonic    D_doc         | +0.14 (0.2069) | +0.88 +0.64 +0.89 Δ +0.001 (0.3478) ΔR² +0.030 (0.2729) ΔKL -0.0018 (0.8911)
olmo2_1b   D_chord       A_win40       | -0.07 (0.6392) | +0.94 +0.58 +0.94 Δ -0.001 (0.7056) ΔR² -0.018 (1.0000) ΔKL -0.0001 (0.3023)
olmo2_1b   D_chord       B_any         | +0.01 (0.4953) | +0.94 +0.48 +0.94 Δ -0.002 (0.8526) ΔR² -0.008 (0.9785) ΔKL +0.0004 (0.2344)
olmo2_1b   D_chord       D_doc         | -0.02 (0.5427) | +0.94 +0.62 +0.94 Δ +0.000 (0.4483) ΔR² -0.002 (0.8191) ΔKL -0.0013 (0.4833)
olmo2_1b   E_modulation  A_win40       | +0.19 (0.0670) | +0.93 +0.64 +0.93 Δ +0.004 (0.0830) ΔR² +0.076 (0.0040) ΔKL +0.0031 (0.0080)
olmo2_1b   E_modulation  B_any         | +0.02 (0.4483) | +0.93 +0.59 +0.93 Δ -0.000 (0.3508) ΔR² +0.022 (0.0950) ΔKL +0.0011 (0.0915)
olmo2_1b   E_modulation  D_doc         | +0.19 (0.0700) | +0.93 +0.74 +0.93 Δ +0.007 (0.0220) ΔR² +0.084 (0.0045) ΔKL +0.0027 (0.0175)
gemma2_2b  C_harmonic    A_win40       | +0.01 (0.4713) | +0.89 +0.60 +0.89 Δ +0.001 (0.8216) ΔR² -0.019 (0.9975) ΔKL +0.0002 (0.5297)
gemma2_2b  C_harmonic    B_any         | +0.02 (0.4573) | +0.89 +0.51 +0.89 Δ +0.001 (0.7916) ΔR² -0.010 (0.9495) ΔKL -0.0002 (0.5647)
gemma2_2b  C_harmonic    D_doc         | +0.09 (0.2969) | +0.89 +0.61 +0.89 Δ +0.001 (0.8081) ΔR² +0.002 (0.6117) ΔKL -0.0062 (0.9455)
gemma2_2b  D_chord       A_win40       | -0.13 (0.7976) | +0.96 +0.60 +0.95 Δ -0.001 (0.6807) ΔR² -0.003 (0.7481) ΔKL -0.0001 (0.3558)
gemma2_2b  D_chord       B_any         | -0.08 (0.7256) | +0.96 +0.48 +0.96 Δ -0.001 (0.5182) ΔR² -0.003 (0.6597) ΔKL -0.0001 (0.3173)
gemma2_2b  D_chord       D_doc         | +0.07 (0.3388) | +0.96 +0.66 +0.96 Δ +0.002 (0.2029) ΔR² -0.011 (0.9865) ΔKL +0.0002 (0.3213)
gemma2_2b  E_modulation  A_win40       | +0.07 (0.3393) | +0.93 +0.65 +0.94 Δ +0.006 (0.0670) ΔR² +0.002 (0.5427) ΔKL +0.0037 (0.0925)
gemma2_2b  E_modulation  B_any         | -0.05 (0.6172) | +0.93 +0.59 +0.93 Δ +0.000 (0.5497) ΔR² -0.009 (0.9405) ΔKL -0.0002 (0.5207)
gemma2_2b  E_modulation  D_doc         | +0.42 (0.0050) | +0.93 +0.71 +0.95 Δ +0.013 (0.0025) ΔR² +0.151 (0.0040) ΔKL +0.0135 (0.0015)
qwen25_3b  C_harmonic    A_win40       | +0.04 (0.3968) | +0.88 +0.68 +0.89 Δ +0.006 (0.1314) ΔR² +0.030 (0.2094) ΔKL +0.0082 (0.1009)
qwen25_3b  C_harmonic    B_any         | +0.04 (0.3818) | +0.88 +0.60 +0.89 Δ +0.013 (0.0220) ΔR² +0.028 (0.1759) ΔKL +0.0070 (0.0975)
qwen25_3b  C_harmonic    D_doc         | +0.10 (0.2684) | +0.88 +0.63 +0.88 Δ +0.001 (0.4743) ΔR² +0.016 (0.3793) ΔKL -0.0010 (0.7411)
qwen25_3b  D_chord       A_win40       | +0.01 (0.4763) | +0.88 +0.61 +0.88 Δ +0.004 (0.4373) ΔR² -0.004 (0.7711) ΔKL +0.0002 (0.5772)
qwen25_3b  D_chord       B_any         | -0.02 (0.5487) | +0.88 +0.52 +0.88 Δ +0.003 (0.4818) ΔR² -0.011 (0.9725) ΔKL +0.0001 (0.5827)
qwen25_3b  D_chord       D_doc         | +0.07 (0.3883) | +0.88 +0.65 +0.88 Δ +0.001 (0.6567) ΔR² +0.020 (0.3423) ΔKL +0.0010 (0.5707)
qwen25_3b  E_modulation  A_win40       | -0.04 (0.6257) | +0.95 +0.66 +0.95 Δ +0.000 (0.2019) ΔR² -0.025 (0.9990) ΔKL +0.0001 (0.3068)
qwen25_3b  E_modulation  B_any         | -0.07 (0.7341) | +0.95 +0.58 +0.95 Δ +0.002 (0.0720) ΔR² -0.019 (0.9910) ΔKL +0.0003 (0.2359)
qwen25_3b  E_modulation  D_doc         | +0.06 (0.3063) | +0.95 +0.72 +0.95 Δ +0.000 (0.4143) ΔR² -0.008 (0.9145) ΔKL +0.0007 (0.2249)
olmo2_7b   C_harmonic    A_win40       | -0.09 (0.7071) | +0.78 +0.59 +0.77 Δ -0.004 (0.8611) ΔR² -0.012 (0.9705) ΔKL -0.0018 (0.7761)
olmo2_7b   C_harmonic    B_any         | -0.17 (0.8706) | +0.78 +0.54 +0.78 Δ -0.001 (0.6432) ΔR² -0.014 (0.9875) ΔKL -0.0056 (0.9680)
olmo2_7b   C_harmonic    D_doc         | +0.12 (0.2494) | +0.78 +0.55 +0.79 Δ +0.010 (0.1894) ΔR² +0.008 (0.4768) ΔKL -0.0012 (0.7116)
olmo2_7b   D_chord       A_win40       | -0.04 (0.5867) | +0.82 +0.59 +0.82 Δ -0.002 (0.8576) ΔR² -0.008 (0.8126) ΔKL +0.0002 (0.4763)
olmo2_7b   D_chord       B_any         | -0.11 (0.8106) | +0.82 +0.52 +0.83 Δ +0.003 (0.5032) ΔR² -0.009 (0.8511) ΔKL -0.0024 (0.7161)
olmo2_7b   D_chord       D_doc         | +0.01 (0.4723) | +0.82 +0.57 +0.82 Δ -0.002 (0.8601) ΔR² -0.001 (0.5867) ΔKL +0.0007 (0.4673)
olmo2_7b   E_modulation  A_win40       | +0.17 (0.0645) | +0.89 +0.68 +0.90 Δ +0.015 (0.0055) ΔR² +0.082 (0.0020) ΔKL +0.0061 (0.0045)
olmo2_7b   E_modulation  B_any         | +0.07 (0.2644) | +0.89 +0.61 +0.90 Δ +0.006 (0.0940) ΔR² +0.015 (0.1184) ΔKL +0.0030 (0.0380)
olmo2_7b   E_modulation  D_doc         | +0.34 (0.0005) | +0.89 +0.72 +0.90 Δ +0.015 (0.0130) ΔR² +0.157 (0.0005) ΔKL +0.0051 (0.0290)
saved wikipedia_thin_olmomix_wiki_v4
VALID /home/moloch/Documents/Research/pitch_fourier/results/phase5/v4_provenance_manifest.json
VALID results/phase5/fingerprint/wikipedia_thin_olmomix_wiki_v4.json: 36 cells
VALID /home/moloch/Documents/Research/pitch_fourier/results/phase5/v4_provenance_manifest.json
== 22:32:12 fingerprint results/phase5/cond_wikipedia_thin_olmomix_wiki_v4.npz wikipedia_thin_olmomix_wiki_v4 olmo2_1b,gemma2_2b,qwen25_3b,olmo2_7b C_harmonic,D_chord,E_modulation A_win40,B_any,D_doc --neutral --nperm-res=2000 --nperm-loo=2000
corpus=wikipedia_thin_olmomix_wiki_v4; source counts [8, 64, 181, 339, 1191, 1091, 1678, 2561, 1893, 2519, 1694, 1234, 618, 93, 40]; view=aggregated rich=False targetprior=False templates=[0, 1, 2, 3] nperm_res=2000 nperm_loo=2000 nboot=0 jobs=20
model      family        extract       | residual r (p) | LOO theory corpus both ΔCV(p) ΔR²(p) ΔKL(p)
olmo2_1b   C_harmonic    A_win40       | +0.03 (0.4363) | +0.71 +0.50 +0.69 Δ -0.016 (0.8686) ΔR² +0.001 (0.5407) ΔKL -0.0006 (0.7146)
olmo2_1b   C_harmonic    B_any         | +0.14 (0.2509) | +0.71 +0.48 +0.71 Δ +0.001 (0.2904) ΔR² +0.018 (0.2644) ΔKL +0.0032 (0.2874)
olmo2_1b   C_harmonic    D_doc         | -0.02 (0.5237) | +0.71 +0.38 +0.70 Δ -0.014 (0.8051) ΔR² -0.013 (0.9670) ΔKL -0.0019 (0.9195)
olmo2_1b   D_chord       A_win40       | -0.06 (0.6372) | +0.96 +0.43 +0.96 Δ +0.000 (0.3658) ΔR² -0.004 (0.6092) ΔKL +0.0003 (0.3793)
olmo2_1b   D_chord       B_any         | -0.16 (0.8471) | +0.96 +0.31 +0.96 Δ +0.000 (0.3703) ΔR² -0.007 (0.7051) ΔKL -0.0000 (0.4238)
olmo2_1b   D_chord       D_doc         | -0.09 (0.7161) | +0.96 +0.38 +0.96 Δ +0.000 (0.3653) ΔR² -0.017 (0.9595) ΔKL -0.0012 (0.7521)
olmo2_1b   E_modulation  A_win40       | +0.19 (0.0480) | +0.83 +0.55 +0.83 Δ -0.006 (0.8306) ΔR² +0.045 (0.0080) ΔKL +0.0026 (0.0485)
olmo2_1b   E_modulation  B_any         | +0.11 (0.1984) | +0.83 +0.53 +0.82 Δ -0.012 (0.9540) ΔR² +0.011 (0.1004) ΔKL -0.0000 (0.3873)
olmo2_1b   E_modulation  D_doc         | +0.10 (0.2704) | +0.83 +0.55 +0.82 Δ -0.010 (0.9355) ΔR² +0.047 (0.0090) ΔKL +0.0022 (0.0800)
gemma2_2b  C_harmonic    A_win40       | +0.07 (0.3353) | +0.80 +0.48 +0.81 Δ +0.001 (0.3018) ΔR² -0.010 (0.9285) ΔKL -0.0013 (0.7411)
gemma2_2b  C_harmonic    B_any         | +0.14 (0.1964) | +0.80 +0.40 +0.80 Δ -0.007 (0.8121) ΔR² -0.003 (0.6427) ΔKL -0.0013 (0.7251)
gemma2_2b  C_harmonic    D_doc         | -0.04 (0.5917) | +0.80 +0.38 +0.79 Δ -0.011 (0.9170) ΔR² -0.010 (0.9465) ΔKL -0.0000 (0.5567)
gemma2_2b  D_chord       A_win40       | -0.05 (0.6337) | +0.90 +0.43 +0.90 Δ +0.000 (0.4438) ΔR² -0.011 (0.9065) ΔKL -0.0010 (0.8666)
gemma2_2b  D_chord       B_any         | -0.06 (0.6817) | +0.90 +0.31 +0.90 Δ -0.004 (0.9220) ΔR² -0.001 (0.4343) ΔKL -0.0004 (0.6062)
gemma2_2b  D_chord       D_doc         | -0.01 (0.5537) | +0.90 +0.42 +0.90 Δ +0.002 (0.3338) ΔR² -0.007 (0.8111) ΔKL -0.0008 (0.8096)
gemma2_2b  E_modulation  A_win40       | +0.22 (0.0100) | +0.87 +0.53 +0.86 Δ -0.001 (0.3678) ΔR² +0.056 (0.0025) ΔKL +0.0036 (0.0110)
gemma2_2b  E_modulation  B_any         | +0.20 (0.0180) | +0.87 +0.51 +0.86 Δ -0.010 (0.9160) ΔR² +0.026 (0.0370) ΔKL +0.0029 (0.0150)
gemma2_2b  E_modulation  D_doc         | +0.18 (0.0355) | +0.87 +0.49 +0.87 Δ +0.001 (0.1379) ΔR² +0.039 (0.0135) ΔKL +0.0010 (0.1874)
qwen25_3b  C_harmonic    A_win40       | +0.05 (0.2949) | +0.81 +0.58 +0.82 Δ +0.003 (0.3738) ΔR² +0.025 (0.0670) ΔKL +0.0035 (0.1209)
qwen25_3b  C_harmonic    B_any         | -0.03 (0.6217) | +0.81 +0.49 +0.81 Δ -0.002 (0.8451) ΔR² +0.005 (0.2159) ΔKL +0.0017 (0.1879)
qwen25_3b  C_harmonic    D_doc         | +0.01 (0.4348) | +0.81 +0.41 +0.82 Δ +0.004 (0.3128) ΔR² -0.015 (0.9365) ΔKL -0.0018 (0.9195)
qwen25_3b  D_chord       A_win40       | +0.09 (0.3038) | +0.80 +0.47 +0.79 Δ -0.005 (0.9325) ΔR² -0.016 (0.9770) ΔKL -0.0027 (0.9550)
qwen25_3b  D_chord       B_any         | +0.07 (0.3403) | +0.80 +0.40 +0.79 Δ -0.002 (0.8466) ΔR² -0.023 (0.9915) ΔKL -0.0013 (0.8436)
qwen25_3b  D_chord       D_doc         | -0.00 (0.4733) | +0.80 +0.41 +0.79 Δ -0.007 (0.9665) ΔR² -0.014 (0.9730) ΔKL -0.0017 (0.8971)
qwen25_3b  E_modulation  A_win40       | -0.09 (0.8436) | +0.88 +0.52 +0.88 Δ -0.002 (0.6462) ΔR² -0.007 (0.6607) ΔKL -0.0002 (0.3783)
qwen25_3b  E_modulation  B_any         | -0.12 (0.9105) | +0.88 +0.46 +0.88 Δ -0.001 (0.5532) ΔR² -0.008 (0.7276) ΔKL -0.0001 (0.2979)
qwen25_3b  E_modulation  D_doc         | -0.05 (0.7161) | +0.88 +0.48 +0.88 Δ +0.001 (0.1699) ΔR² -0.012 (0.9415) ΔKL +0.0001 (0.2304)
olmo2_7b   C_harmonic    A_win40       | -0.09 (0.6827) | +0.71 +0.42 +0.71 Δ +0.000 (0.5672) ΔR² -0.018 (0.9555) ΔKL -0.0019 (0.8736)
olmo2_7b   C_harmonic    B_any         | -0.11 (0.7461) | +0.71 +0.42 +0.70 Δ -0.013 (0.9575) ΔR² -0.012 (0.8316) ΔKL -0.0025 (0.8851)
olmo2_7b   C_harmonic    D_doc         | -0.07 (0.6252) | +0.71 +0.38 +0.70 Δ -0.004 (0.7616) ΔR² -0.016 (0.9450) ΔKL -0.0024 (0.9260)
olmo2_7b   D_chord       A_win40       | -0.06 (0.6467) | +0.68 +0.47 +0.66 Δ -0.019 (0.9535) ΔR² -0.024 (0.9845) ΔKL -0.0076 (0.9915)
olmo2_7b   D_chord       B_any         | -0.08 (0.6962) | +0.68 +0.43 +0.67 Δ -0.014 (0.9010) ΔR² -0.006 (0.6057) ΔKL -0.0079 (0.9930)
olmo2_7b   D_chord       D_doc         | -0.12 (0.7491) | +0.68 +0.37 +0.67 Δ -0.012 (0.8921) ΔR² -0.029 (0.9935) ΔKL -0.0115 (0.9970)
olmo2_7b   E_modulation  A_win40       | +0.19 (0.0300) | +0.73 +0.59 +0.75 Δ +0.020 (0.0065) ΔR² +0.051 (0.0045) ΔKL +0.0015 (0.0610)
olmo2_7b   E_modulation  B_any         | +0.10 (0.1294) | +0.73 +0.55 +0.74 Δ +0.004 (0.1264) ΔR² +0.010 (0.1214) ΔKL +0.0006 (0.1674)
olmo2_7b   E_modulation  D_doc         | +0.14 (0.0720) | +0.73 +0.50 +0.72 Δ -0.008 (0.8876) ΔR² +0.044 (0.0090) ΔKL +0.0005 (0.2634)
saved wikipedia_thin_olmomix_wiki_v4_neutral
VALID /home/moloch/Documents/Research/pitch_fourier/results/phase5/v4_provenance_manifest.json
VALID results/phase5/fingerprint/wikipedia_thin_olmomix_wiki_v4_neutral.json: 36 cells
VALID /home/moloch/Documents/Research/pitch_fourier/results/phase5/v4_provenance_manifest.json
== 22:35:39 fingerprint results/phase5/cond_wikipedia_thin_olmomix_wiki_v4_s1.npz wikipedia_thin_olmomix_wiki_v4_s1 olmo2_1b,gemma2_2b,qwen25_3b,olmo2_7b C_harmonic,D_chord,E_modulation A_win40,B_any,D_doc --nperm-res=2000 --nperm-loo=2000
corpus=wikipedia_thin_olmomix_wiki_v4_s1; source counts [16, 62, 183, 315, 1184, 1030, 1665, 2508, 1945, 2448, 1709, 1224, 617, 80, 59]; view=spelled rich=False targetprior=False templates=[0, 1, 2, 3] nperm_res=2000 nperm_loo=2000 nboot=0 jobs=20
model      family        extract       | residual r (p) | LOO theory corpus both ΔCV(p) ΔR²(p) ΔKL(p)
olmo2_1b   C_harmonic    A_win40       | +0.07 (0.3528) | +0.87 +0.63 +0.88 Δ +0.005 (0.4413) ΔR² -0.004 (0.8361) ΔKL +0.0012 (0.4513)
olmo2_1b   C_harmonic    B_any         | -0.06 (0.6312) | +0.87 +0.59 +0.87 Δ -0.001 (0.9475) ΔR² -0.016 (0.9970) ΔKL -0.0026 (0.9255)
olmo2_1b   C_harmonic    D_doc         | +0.24 (0.1019) | +0.87 +0.64 +0.88 Δ +0.011 (0.2249) ΔR² +0.069 (0.1404) ΔKL +0.0033 (0.3558)
olmo2_1b   D_chord       A_win40       | -0.07 (0.5957) | +0.94 +0.58 +0.94 Δ -0.000 (0.6637) ΔR² -0.011 (0.9935) ΔKL -0.0011 (0.3908)
olmo2_1b   D_chord       B_any         | +0.01 (0.4803) | +0.94 +0.53 +0.93 Δ -0.003 (0.9120) ΔR² -0.013 (0.9985) ΔKL +0.0009 (0.1564)
olmo2_1b   D_chord       D_doc         | +0.13 (0.2849) | +0.94 +0.59 +0.94 Δ +0.001 (0.4603) ΔR² +0.013 (0.5027) ΔKL +0.0015 (0.1444)
olmo2_1b   E_modulation  A_win40       | +0.10 (0.2219) | +0.92 +0.69 +0.94 Δ +0.014 (0.0055) ΔR² +0.029 (0.1119) ΔKL +0.0025 (0.0215)
olmo2_1b   E_modulation  B_any         | -0.05 (0.6727) | +0.92 +0.63 +0.92 Δ +0.003 (0.2704) ΔR² -0.021 (0.9925) ΔKL -0.0006 (0.6347)
olmo2_1b   E_modulation  D_doc         | +0.33 (0.0090) | +0.92 +0.70 +0.93 Δ +0.004 (0.1829) ΔR² +0.126 (0.0025) ΔKL +0.0011 (0.0925)
gemma2_2b  C_harmonic    A_win40       | +0.05 (0.3873) | +0.89 +0.60 +0.89 Δ -0.001 (0.8296) ΔR² -0.021 (0.9990) ΔKL -0.0016 (0.7506)
gemma2_2b  C_harmonic    B_any         | -0.08 (0.6732) | +0.89 +0.55 +0.89 Δ -0.005 (0.9985) ΔR² -0.014 (0.9895) ΔKL -0.0037 (0.8961)
gemma2_2b  C_harmonic    D_doc         | +0.07 (0.3338) | +0.89 +0.58 +0.89 Δ +0.002 (0.5312) ΔR² -0.017 (0.9990) ΔKL -0.0058 (0.9465)
gemma2_2b  D_chord       A_win40       | -0.07 (0.6417) | +0.95 +0.61 +0.95 Δ -0.001 (0.6607) ΔR² +0.001 (0.6372) ΔKL -0.0021 (0.6502)
gemma2_2b  D_chord       B_any         | -0.10 (0.7251) | +0.95 +0.52 +0.95 Δ -0.002 (0.8541) ΔR² +0.005 (0.5042) ΔKL -0.0019 (0.6857)
gemma2_2b  D_chord       D_doc         | +0.14 (0.2314) | +0.95 +0.61 +0.96 Δ +0.000 (0.5042) ΔR² -0.006 (0.9395) ΔKL -0.0012 (0.5622)
gemma2_2b  E_modulation  A_win40       | +0.13 (0.2159) | +0.93 +0.69 +0.93 Δ +0.006 (0.1764) ΔR² +0.005 (0.5067) ΔKL +0.0040 (0.1179)
gemma2_2b  E_modulation  B_any         | -0.02 (0.5412) | +0.93 +0.63 +0.93 Δ +0.004 (0.2429) ΔR² -0.018 (1.0000) ΔKL -0.0004 (0.5512)
gemma2_2b  E_modulation  D_doc         | +0.40 (0.0065) | +0.93 +0.68 +0.94 Δ +0.014 (0.0060) ΔR² +0.135 (0.0155) ΔKL +0.0153 (0.0020)
qwen25_3b  C_harmonic    A_win40       | -0.03 (0.5517) | +0.88 +0.66 +0.88 Δ +0.005 (0.0900) ΔR² -0.000 (0.6332) ΔKL +0.0039 (0.2379)
qwen25_3b  C_harmonic    B_any         | -0.06 (0.6197) | +0.88 +0.63 +0.89 Δ +0.010 (0.0270) ΔR² -0.017 (0.9985) ΔKL -0.0002 (0.5177)
qwen25_3b  C_harmonic    D_doc         | +0.18 (0.1769) | +0.88 +0.63 +0.87 Δ -0.008 (0.9070) ΔR² +0.044 (0.2094) ΔKL +0.0026 (0.3573)
qwen25_3b  D_chord       A_win40       | +0.03 (0.4533) | +0.88 +0.61 +0.88 Δ +0.002 (0.3873) ΔR² +0.001 (0.5647) ΔKL +0.0030 (0.3798)
qwen25_3b  D_chord       B_any         | +0.09 (0.2789) | +0.88 +0.59 +0.88 Δ -0.001 (0.6207) ΔR² -0.003 (0.6982) ΔKL +0.0029 (0.3823)
qwen25_3b  D_chord       D_doc         | +0.03 (0.4643) | +0.88 +0.63 +0.88 Δ -0.004 (0.8961) ΔR² -0.010 (0.9665) ΔKL -0.0004 (0.6902)
qwen25_3b  E_modulation  A_win40       | -0.04 (0.6062) | +0.94 +0.69 +0.95 Δ +0.001 (0.5812) ΔR² -0.015 (0.9950) ΔKL -0.0004 (0.5127)
qwen25_3b  E_modulation  B_any         | -0.08 (0.7166) | +0.94 +0.61 +0.95 Δ +0.001 (0.5832) ΔR² -0.021 (0.9985) ΔKL -0.0006 (0.5687)
qwen25_3b  E_modulation  D_doc         | +0.14 (0.1739) | +0.94 +0.67 +0.94 Δ -0.001 (0.8526) ΔR² +0.006 (0.4903) ΔKL -0.0013 (0.7441)
olmo2_7b   C_harmonic    A_win40       | -0.04 (0.5697) | +0.77 +0.57 +0.77 Δ +0.006 (0.5317) ΔR² -0.012 (0.9840) ΔKL -0.0007 (0.6247)
olmo2_7b   C_harmonic    B_any         | -0.12 (0.7626) | +0.77 +0.51 +0.77 Δ +0.003 (0.7056) ΔR² -0.013 (0.9860) ΔKL -0.0036 (0.8866)
olmo2_7b   C_harmonic    D_doc         | +0.13 (0.2299) | +0.77 +0.58 +0.77 Δ +0.004 (0.6322) ΔR² +0.009 (0.4413) ΔKL +0.0031 (0.3863)
olmo2_7b   D_chord       A_win40       | -0.03 (0.5687) | +0.82 +0.57 +0.82 Δ -0.006 (0.9500) ΔR² -0.007 (0.7956) ΔKL +0.0025 (0.3443)
olmo2_7b   D_chord       B_any         | -0.13 (0.8356) | +0.82 +0.50 +0.83 Δ +0.003 (0.4673) ΔR² -0.004 (0.6432) ΔKL -0.0031 (0.7511)
olmo2_7b   D_chord       D_doc         | -0.00 (0.5127) | +0.82 +0.60 +0.82 Δ +0.001 (0.6767) ΔR² -0.001 (0.5827) ΔKL +0.0033 (0.3243)
olmo2_7b   E_modulation  A_win40       | +0.24 (0.0325) | +0.88 +0.71 +0.90 Δ +0.019 (0.0040) ΔR² +0.088 (0.0105) ΔKL +0.0074 (0.0060)
olmo2_7b   E_modulation  B_any         | +0.05 (0.3543) | +0.88 +0.65 +0.89 Δ +0.001 (0.5522) ΔR² -0.011 (0.9390) ΔKL +0.0009 (0.2189)
olmo2_7b   E_modulation  D_doc         | +0.39 (0.0020) | +0.88 +0.71 +0.89 Δ +0.010 (0.0780) ΔR² +0.160 (0.0005) ΔKL +0.0071 (0.0120)
saved wikipedia_thin_olmomix_wiki_v4_s1
VALID /home/moloch/Documents/Research/pitch_fourier/results/phase5/v4_provenance_manifest.json
VALID results/phase5/fingerprint/wikipedia_thin_olmomix_wiki_v4_s1.json: 36 cells
VALID /home/moloch/Documents/Research/pitch_fourier/results/phase5/v4_provenance_manifest.json
== 22:38:34 fingerprint results/phase5/cond_wikipedia_thin_olmomix_wiki_v4_s1.npz wikipedia_thin_olmomix_wiki_v4_s1 olmo2_1b,gemma2_2b,qwen25_3b,olmo2_7b C_harmonic,D_chord,E_modulation A_win40,B_any,D_doc --neutral --nperm-res=2000 --nperm-loo=2000
corpus=wikipedia_thin_olmomix_wiki_v4_s1; source counts [16, 62, 183, 315, 1184, 1030, 1665, 2508, 1945, 2448, 1709, 1224, 617, 80, 59]; view=aggregated rich=False targetprior=False templates=[0, 1, 2, 3] nperm_res=2000 nperm_loo=2000 nboot=0 jobs=20
model      family        extract       | residual r (p) | LOO theory corpus both ΔCV(p) ΔR²(p) ΔKL(p)
olmo2_1b   C_harmonic    A_win40       | +0.11 (0.3158) | +0.70 +0.52 +0.72 Δ +0.013 (0.1664) ΔR² +0.009 (0.4148) ΔKL +0.0011 (0.5092)
olmo2_1b   C_harmonic    B_any         | -0.03 (0.5852) | +0.70 +0.39 +0.70 Δ -0.005 (0.7131) ΔR² -0.017 (0.9640) ΔKL -0.0018 (0.9130)
olmo2_1b   C_harmonic    D_doc         | -0.00 (0.4938) | +0.70 +0.42 +0.70 Δ +0.002 (0.4403) ΔR² -0.010 (0.9195) ΔKL -0.0024 (0.9615)
olmo2_1b   D_chord       A_win40       | -0.03 (0.5892) | +0.96 +0.43 +0.96 Δ +0.001 (0.3178) ΔR² -0.010 (0.8461) ΔKL -0.0000 (0.3983)
olmo2_1b   D_chord       B_any         | -0.12 (0.7981) | +0.96 +0.32 +0.96 Δ +0.003 (0.1439) ΔR² -0.006 (0.6387) ΔKL -0.0001 (0.4183)
olmo2_1b   D_chord       D_doc         | -0.03 (0.6352) | +0.96 +0.40 +0.96 Δ +0.000 (0.4608) ΔR² -0.012 (0.9060) ΔKL -0.0002 (0.4368)
olmo2_1b   E_modulation  A_win40       | +0.26 (0.0105) | +0.83 +0.62 +0.83 Δ -0.000 (0.2734) ΔR² +0.060 (0.0020) ΔKL +0.0030 (0.0425)
olmo2_1b   E_modulation  B_any         | +0.03 (0.4308) | +0.83 +0.47 +0.82 Δ -0.006 (0.7651) ΔR² -0.014 (0.9275) ΔKL -0.0013 (0.9595)
olmo2_1b   E_modulation  D_doc         | +0.22 (0.0415) | +0.83 +0.57 +0.80 Δ -0.028 (0.9985) ΔR² +0.049 (0.0110) ΔKL -0.0002 (0.5597)
gemma2_2b  C_harmonic    A_win40       | +0.11 (0.3068) | +0.80 +0.44 +0.79 Δ -0.002 (0.6057) ΔR² -0.020 (0.9940) ΔKL -0.0024 (0.8456)
gemma2_2b  C_harmonic    B_any         | +0.02 (0.4668) | +0.80 +0.37 +0.79 Δ -0.008 (0.8546) ΔR² -0.021 (0.9870) ΔKL -0.0021 (0.8256)
gemma2_2b  C_harmonic    D_doc         | -0.05 (0.6077) | +0.80 +0.39 +0.79 Δ -0.005 (0.7996) ΔR² -0.015 (0.9775) ΔKL -0.0001 (0.5602)
gemma2_2b  D_chord       A_win40       | +0.02 (0.4578) | +0.90 +0.42 +0.90 Δ -0.002 (0.7036) ΔR² -0.022 (0.9940) ΔKL -0.0006 (0.7101)
gemma2_2b  D_chord       B_any         | -0.06 (0.6857) | +0.90 +0.30 +0.91 Δ +0.004 (0.2014) ΔR² -0.005 (0.6017) ΔKL -0.0015 (0.9255)
gemma2_2b  D_chord       D_doc         | -0.11 (0.7761) | +0.90 +0.40 +0.91 Δ +0.006 (0.1884) ΔR² -0.003 (0.6252) ΔKL -0.0007 (0.7246)
gemma2_2b  E_modulation  A_win40       | +0.24 (0.0035) | +0.86 +0.60 +0.86 Δ -0.004 (0.6337) ΔR² +0.032 (0.0255) ΔKL +0.0033 (0.0135)
gemma2_2b  E_modulation  B_any         | +0.14 (0.0770) | +0.86 +0.48 +0.85 Δ -0.015 (0.9880) ΔR² +0.008 (0.1539) ΔKL +0.0025 (0.0225)
gemma2_2b  E_modulation  D_doc         | +0.12 (0.1189) | +0.86 +0.49 +0.86 Δ +0.001 (0.1049) ΔR² +0.036 (0.0130) ΔKL +0.0008 (0.1944)
qwen25_3b  C_harmonic    A_win40       | +0.04 (0.3443) | +0.81 +0.56 +0.82 Δ +0.012 (0.1379) ΔR² +0.005 (0.2179) ΔKL +0.0010 (0.2469)
qwen25_3b  C_harmonic    B_any         | -0.09 (0.8396) | +0.81 +0.46 +0.82 Δ +0.010 (0.1924) ΔR² -0.013 (0.8576) ΔKL -0.0010 (0.6962)
qwen25_3b  C_harmonic    D_doc         | +0.01 (0.4333) | +0.81 +0.44 +0.81 Δ +0.005 (0.4933) ΔR² -0.012 (0.8656) ΔKL -0.0006 (0.6112)
qwen25_3b  D_chord       A_win40       | +0.16 (0.2019) | +0.79 +0.48 +0.79 Δ -0.001 (0.6702) ΔR² +0.003 (0.5587) ΔKL -0.0017 (0.8766)
qwen25_3b  D_chord       B_any         | +0.14 (0.2084) | +0.79 +0.41 +0.78 Δ -0.007 (0.8686) ΔR² -0.005 (0.7296) ΔKL +0.0004 (0.5562)
qwen25_3b  D_chord       D_doc         | -0.04 (0.5597) | +0.79 +0.44 +0.79 Δ +0.001 (0.6227) ΔR² -0.011 (0.9380) ΔKL -0.0004 (0.7271)
qwen25_3b  E_modulation  A_win40       | -0.00 (0.5372) | +0.87 +0.56 +0.87 Δ -0.002 (0.6287) ΔR² -0.015 (0.9680) ΔKL -0.0010 (0.9495)
qwen25_3b  E_modulation  B_any         | -0.16 (0.9540) | +0.87 +0.42 +0.87 Δ -0.002 (0.6042) ΔR² -0.008 (0.7356) ΔKL -0.0004 (0.5877)
qwen25_3b  E_modulation  D_doc         | -0.14 (0.9460) | +0.87 +0.45 +0.87 Δ -0.001 (0.5097) ΔR² -0.010 (0.8891) ΔKL -0.0005 (0.7671)
olmo2_7b   C_harmonic    A_win40       | -0.07 (0.6287) | +0.71 +0.44 +0.71 Δ +0.004 (0.4038) ΔR² -0.010 (0.8116) ΔKL -0.0014 (0.7866)
olmo2_7b   C_harmonic    B_any         | -0.17 (0.8786) | +0.71 +0.35 +0.71 Δ +0.002 (0.4468) ΔR² -0.008 (0.7106) ΔKL -0.0012 (0.7116)
olmo2_7b   C_harmonic    D_doc         | -0.08 (0.6547) | +0.71 +0.36 +0.71 Δ -0.002 (0.6847) ΔR² -0.013 (0.8946) ΔKL -0.0027 (0.9315)
olmo2_7b   D_chord       A_win40       | -0.12 (0.7761) | +0.68 +0.46 +0.69 Δ +0.010 (0.1574) ΔR² -0.016 (0.9370) ΔKL -0.0081 (0.9940)
olmo2_7b   D_chord       B_any         | -0.15 (0.8386) | +0.68 +0.35 +0.68 Δ -0.002 (0.4908) ΔR² -0.019 (0.9585) ΔKL -0.0066 (0.9815)
olmo2_7b   D_chord       D_doc         | -0.13 (0.7901) | +0.68 +0.40 +0.68 Δ +0.002 (0.3568) ΔR² -0.000 (0.5252) ΔKL -0.0073 (0.9785)
olmo2_7b   E_modulation  A_win40       | +0.29 (0.0025) | +0.73 +0.62 +0.73 Δ +0.002 (0.2784) ΔR² +0.058 (0.0035) ΔKL +0.0032 (0.0080)
olmo2_7b   E_modulation  B_any         | +0.07 (0.2199) | +0.73 +0.49 +0.73 Δ -0.002 (0.5312) ΔR² +0.002 (0.2384) ΔKL -0.0006 (0.7531)
olmo2_7b   E_modulation  D_doc         | +0.14 (0.0860) | +0.73 +0.55 +0.74 Δ +0.008 (0.1199) ΔR² +0.029 (0.0395) ΔKL +0.0007 (0.1904)
saved wikipedia_thin_olmomix_wiki_v4_s1_neutral
VALID /home/moloch/Documents/Research/pitch_fourier/results/phase5/v4_provenance_manifest.json
VALID results/phase5/fingerprint/wikipedia_thin_olmomix_wiki_v4_s1_neutral.json: 36 cells
VALID /home/moloch/Documents/Research/pitch_fourier/results/phase5/v4_provenance_manifest.json
== 22:42:03 fingerprint results/phase5/cond_wikipedia_thin_olmomix_wiki_v4_s2.npz wikipedia_thin_olmomix_wiki_v4_s2 olmo2_1b,gemma2_2b,qwen25_3b,olmo2_7b C_harmonic,D_chord,E_modulation A_win40,B_any,D_doc --nperm-res=2000 --nperm-loo=2000
corpus=wikipedia_thin_olmomix_wiki_v4_s2; source counts [16, 67, 169, 329, 1179, 1040, 1646, 2553, 1881, 2405, 1672, 1204, 608, 89, 59]; view=spelled rich=False targetprior=False templates=[0, 1, 2, 3] nperm_res=2000 nperm_loo=2000 nboot=0 jobs=20
model      family        extract       | residual r (p) | LOO theory corpus both ΔCV(p) ΔR²(p) ΔKL(p)
olmo2_1b   C_harmonic    A_win40       | +0.04 (0.4288) | +0.87 +0.65 +0.88 Δ +0.005 (0.3588) ΔR² -0.007 (0.9290) ΔKL +0.0005 (0.5227)
olmo2_1b   C_harmonic    B_any         | -0.01 (0.5122) | +0.87 +0.55 +0.88 Δ +0.001 (0.6672) ΔR² -0.006 (0.8666) ΔKL +0.0001 (0.5472)
olmo2_1b   C_harmonic    D_doc         | +0.21 (0.1259) | +0.87 +0.61 +0.88 Δ +0.002 (0.5267) ΔR² +0.018 (0.4043) ΔKL -0.0022 (0.8966)
olmo2_1b   D_chord       A_win40       | -0.09 (0.6737) | +0.94 +0.56 +0.94 Δ +0.001 (0.4363) ΔR² -0.011 (0.9980) ΔKL -0.0008 (0.3858)
olmo2_1b   D_chord       B_any         | -0.07 (0.6337) | +0.94 +0.50 +0.94 Δ +0.001 (0.3248) ΔR² -0.011 (0.9950) ΔKL +0.0007 (0.1779)
olmo2_1b   D_chord       D_doc         | +0.04 (0.4383) | +0.94 +0.56 +0.94 Δ +0.001 (0.3458) ΔR² -0.021 (1.0000) ΔKL -0.0004 (0.3373)
olmo2_1b   E_modulation  A_win40       | +0.10 (0.2329) | +0.93 +0.69 +0.93 Δ +0.001 (0.2549) ΔR² +0.025 (0.1224) ΔKL +0.0018 (0.0540)
olmo2_1b   E_modulation  B_any         | -0.02 (0.5527) | +0.93 +0.63 +0.93 Δ +0.005 (0.0520) ΔR² +0.001 (0.3978) ΔKL +0.0003 (0.2279)
olmo2_1b   E_modulation  D_doc         | +0.35 (0.0025) | +0.93 +0.66 +0.94 Δ +0.009 (0.0110) ΔR² +0.077 (0.0125) ΔKL +0.0045 (0.0020)
gemma2_2b  C_harmonic    A_win40       | -0.05 (0.6247) | +0.89 +0.59 +0.89 Δ -0.000 (0.9405) ΔR² -0.020 (0.9995) ΔKL -0.0004 (0.5877)
gemma2_2b  C_harmonic    B_any         | -0.09 (0.7181) | +0.89 +0.51 +0.89 Δ +0.004 (0.4818) ΔR² -0.009 (0.9345) ΔKL -0.0029 (0.8401)
gemma2_2b  C_harmonic    D_doc         | +0.09 (0.2864) | +0.89 +0.58 +0.89 Δ +0.001 (0.8241) ΔR² -0.026 (1.0000) ΔKL -0.0024 (0.8126)
gemma2_2b  D_chord       A_win40       | -0.15 (0.8221) | +0.96 +0.59 +0.95 Δ -0.002 (0.7646) ΔR² +0.002 (0.6197) ΔKL -0.0018 (0.6272)
gemma2_2b  D_chord       B_any         | -0.13 (0.7986) | +0.96 +0.49 +0.96 Δ -0.000 (0.4273) ΔR² +0.006 (0.4808) ΔKL -0.0016 (0.6187)
gemma2_2b  D_chord       D_doc         | +0.08 (0.3448) | +0.96 +0.59 +0.96 Δ +0.000 (0.3958) ΔR² -0.024 (0.9990) ΔKL -0.0002 (0.3693)
gemma2_2b  E_modulation  A_win40       | +0.02 (0.4788) | +0.93 +0.68 +0.93 Δ +0.000 (0.4593) ΔR² -0.020 (1.0000) ΔKL +0.0007 (0.3478)
gemma2_2b  E_modulation  B_any         | -0.02 (0.5592) | +0.93 +0.62 +0.93 Δ +0.000 (0.4968) ΔR² -0.019 (1.0000) ΔKL -0.0008 (0.6702)
gemma2_2b  E_modulation  D_doc         | +0.27 (0.0875) | +0.93 +0.64 +0.94 Δ +0.006 (0.1124) ΔR² +0.025 (0.3243) ΔKL +0.0073 (0.0455)
qwen25_3b  C_harmonic    A_win40       | +0.06 (0.3718) | +0.88 +0.68 +0.89 Δ +0.004 (0.0780) ΔR² +0.033 (0.2479) ΔKL +0.0076 (0.1424)
qwen25_3b  C_harmonic    B_any         | -0.08 (0.6622) | +0.88 +0.58 +0.89 Δ +0.006 (0.0370) ΔR² -0.001 (0.6207) ΔKL +0.0038 (0.2089)
qwen25_3b  C_harmonic    D_doc         | +0.25 (0.1054) | +0.88 +0.63 +0.88 Δ -0.002 (0.3613) ΔR² +0.032 (0.2774) ΔKL +0.0064 (0.1929)
qwen25_3b  D_chord       A_win40       | +0.02 (0.4683) | +0.88 +0.65 +0.88 Δ +0.000 (0.6597) ΔR² -0.010 (0.9735) ΔKL +0.0006 (0.5472)
qwen25_3b  D_chord       B_any         | +0.05 (0.3798) | +0.88 +0.56 +0.89 Δ +0.004 (0.2274) ΔR² -0.008 (0.9005) ΔKL +0.0028 (0.3523)
qwen25_3b  D_chord       D_doc         | -0.05 (0.6332) | +0.88 +0.63 +0.89 Δ +0.002 (0.4613) ΔR² -0.048 (1.0000) ΔKL -0.0019 (0.8456)
qwen25_3b  E_modulation  A_win40       | +0.05 (0.3728) | +0.95 +0.68 +0.95 Δ +0.004 (0.0595) ΔR² -0.003 (0.7056) ΔKL +0.0007 (0.1854)
qwen25_3b  E_modulation  B_any         | -0.13 (0.8191) | +0.95 +0.58 +0.95 Δ -0.000 (0.4583) ΔR² -0.013 (0.9760) ΔKL -0.0003 (0.4508)
qwen25_3b  E_modulation  D_doc         | +0.16 (0.1549) | +0.95 +0.64 +0.95 Δ +0.006 (0.0355) ΔR² -0.062 (1.0000) ΔKL +0.0014 (0.1429)
olmo2_7b   C_harmonic    A_win40       | -0.02 (0.5357) | +0.77 +0.62 +0.77 Δ -0.003 (0.7701) ΔR² -0.031 (1.0000) ΔKL -0.0057 (0.9530)
olmo2_7b   C_harmonic    B_any         | -0.08 (0.6772) | +0.77 +0.52 +0.77 Δ -0.006 (0.9020) ΔR² -0.016 (0.9930) ΔKL -0.0048 (0.9390)
olmo2_7b   C_harmonic    D_doc         | +0.11 (0.2449) | +0.77 +0.53 +0.77 Δ -0.004 (0.8276) ΔR² -0.008 (0.9275) ΔKL -0.0020 (0.7741)
olmo2_7b   D_chord       A_win40       | -0.04 (0.6042) | +0.83 +0.61 +0.83 Δ +0.000 (0.5787) ΔR² -0.019 (0.9885) ΔKL -0.0035 (0.7956)
olmo2_7b   D_chord       B_any         | -0.15 (0.8831) | +0.83 +0.49 +0.83 Δ +0.001 (0.4673) ΔR² +0.001 (0.4038) ΔKL -0.0045 (0.8666)
olmo2_7b   D_chord       D_doc         | +0.01 (0.4698) | +0.83 +0.54 +0.83 Δ -0.002 (0.7986) ΔR² -0.021 (0.9965) ΔKL -0.0043 (0.8376)
olmo2_7b   E_modulation  A_win40       | +0.25 (0.0300) | +0.89 +0.72 +0.91 Δ +0.020 (0.0025) ΔR² +0.088 (0.0080) ΔKL +0.0077 (0.0045)
olmo2_7b   E_modulation  B_any         | +0.02 (0.4443) | +0.89 +0.63 +0.89 Δ +0.004 (0.2149) ΔR² +0.000 (0.4573) ΔKL +0.0034 (0.0470)
olmo2_7b   E_modulation  D_doc         | +0.31 (0.0085) | +0.89 +0.65 +0.89 Δ +0.003 (0.3513) ΔR² +0.072 (0.0150) ΔKL +0.0028 (0.1194)
saved wikipedia_thin_olmomix_wiki_v4_s2
VALID /home/moloch/Documents/Research/pitch_fourier/results/phase5/v4_provenance_manifest.json
VALID results/phase5/fingerprint/wikipedia_thin_olmomix_wiki_v4_s2.json: 36 cells
VALID /home/moloch/Documents/Research/pitch_fourier/results/phase5/v4_provenance_manifest.json
== 22:45:03 fingerprint results/phase5/cond_wikipedia_thin_olmomix_wiki_v4_s2.npz wikipedia_thin_olmomix_wiki_v4_s2 olmo2_1b,gemma2_2b,qwen25_3b,olmo2_7b C_harmonic,D_chord,E_modulation A_win40,B_any,D_doc --neutral --nperm-res=2000 --nperm-loo=2000
corpus=wikipedia_thin_olmomix_wiki_v4_s2; source counts [16, 67, 169, 329, 1179, 1040, 1646, 2553, 1881, 2405, 1672, 1204, 608, 89, 59]; view=aggregated rich=False targetprior=False templates=[0, 1, 2, 3] nperm_res=2000 nperm_loo=2000 nboot=0 jobs=20
model      family        extract       | residual r (p) | LOO theory corpus both ΔCV(p) ΔR²(p) ΔKL(p)
olmo2_1b   C_harmonic    A_win40       | +0.14 (0.2734) | +0.71 +0.52 +0.73 Δ +0.021 (0.0540) ΔR² +0.028 (0.2364) ΔKL +0.0025 (0.3883)
olmo2_1b   C_harmonic    B_any         | +0.03 (0.4448) | +0.71 +0.38 +0.70 Δ -0.006 (0.5742) ΔR² -0.003 (0.6122) ΔKL -0.0001 (0.5902)
olmo2_1b   C_harmonic    D_doc         | -0.01 (0.5332) | +0.71 +0.40 +0.70 Δ -0.008 (0.6797) ΔR² -0.009 (0.8786) ΔKL -0.0014 (0.8326)
olmo2_1b   D_chord       A_win40       | -0.07 (0.6857) | +0.96 +0.39 +0.96 Δ +0.004 (0.0980) ΔR² -0.014 (0.9410) ΔKL -0.0013 (0.7956)
olmo2_1b   D_chord       B_any         | -0.10 (0.7586) | +0.96 +0.35 +0.96 Δ +0.001 (0.2899) ΔR² -0.013 (0.8821) ΔKL -0.0007 (0.6237)
olmo2_1b   D_chord       D_doc         | +0.11 (0.3098) | +0.96 +0.33 +0.96 Δ -0.000 (0.4873) ΔR² +0.016 (0.2629) ΔKL +0.0020 (0.1854)
olmo2_1b   E_modulation  A_win40       | +0.17 (0.1124) | +0.83 +0.60 +0.82 Δ -0.012 (0.9535) ΔR² +0.062 (0.0005) ΔKL +0.0034 (0.0235)
olmo2_1b   E_modulation  B_any         | +0.01 (0.5142) | +0.83 +0.51 +0.82 Δ -0.010 (0.9165) ΔR² -0.010 (0.8131) ΔKL -0.0008 (0.8041)
olmo2_1b   E_modulation  D_doc         | +0.25 (0.0200) | +0.83 +0.48 +0.82 Δ -0.007 (0.8446) ΔR² +0.077 (0.0010) ΔKL +0.0042 (0.0100)
gemma2_2b  C_harmonic    A_win40       | +0.12 (0.2754) | +0.80 +0.46 +0.80 Δ -0.007 (0.7866) ΔR² +0.002 (0.5842) ΔKL -0.0011 (0.7241)
gemma2_2b  C_harmonic    B_any         | -0.02 (0.5372) | +0.80 +0.36 +0.79 Δ -0.007 (0.7846) ΔR² -0.014 (0.9480) ΔKL -0.0018 (0.7801)
gemma2_2b  C_harmonic    D_doc         | +0.14 (0.2424) | +0.80 +0.37 +0.80 Δ +0.002 (0.3043) ΔR² +0.007 (0.4713) ΔKL -0.0004 (0.5932)
gemma2_2b  D_chord       A_win40       | +0.00 (0.5112) | +0.90 +0.41 +0.90 Δ +0.002 (0.4793) ΔR² -0.016 (0.9745) ΔKL -0.0007 (0.7651)
gemma2_2b  D_chord       B_any         | -0.02 (0.5472) | +0.90 +0.31 +0.90 Δ -0.001 (0.8691) ΔR² -0.011 (0.8721) ΔKL -0.0015 (0.9340)
gemma2_2b  D_chord       D_doc         | +0.07 (0.3553) | +0.90 +0.36 +0.90 Δ +0.002 (0.5187) ΔR² -0.028 (0.9965) ΔKL -0.0013 (0.8941)
gemma2_2b  E_modulation  A_win40       | +0.31 (0.0005) | +0.87 +0.59 +0.87 Δ +0.003 (0.0190) ΔR² +0.102 (0.0005) ΔKL +0.0063 (0.0005)
gemma2_2b  E_modulation  B_any         | +0.20 (0.0100) | +0.87 +0.50 +0.85 Δ -0.012 (0.9325) ΔR² +0.029 (0.0225) ΔKL +0.0028 (0.0130)
gemma2_2b  E_modulation  D_doc         | +0.17 (0.0385) | +0.87 +0.44 +0.86 Δ -0.010 (0.8566) ΔR² +0.034 (0.0190) ΔKL +0.0008 (0.1994)
qwen25_3b  C_harmonic    A_win40       | +0.09 (0.1534) | +0.82 +0.55 +0.83 Δ +0.013 (0.0355) ΔR² +0.029 (0.0585) ΔKL +0.0039 (0.0865)
qwen25_3b  C_harmonic    B_any         | +0.03 (0.3718) | +0.82 +0.49 +0.82 Δ +0.002 (0.2799) ΔR² +0.014 (0.1169) ΔKL +0.0024 (0.1279)
qwen25_3b  C_harmonic    D_doc         | +0.12 (0.1049) | +0.82 +0.44 +0.82 Δ +0.002 (0.3473) ΔR² +0.037 (0.0555) ΔKL +0.0028 (0.1854)
qwen25_3b  D_chord       A_win40       | +0.15 (0.2119) | +0.80 +0.53 +0.80 Δ -0.002 (0.7101) ΔR² +0.022 (0.3528) ΔKL +0.0007 (0.5647)
qwen25_3b  D_chord       B_any         | +0.08 (0.3278) | +0.80 +0.41 +0.80 Δ -0.002 (0.7121) ΔR² -0.006 (0.7371) ΔKL +0.0008 (0.5257)
qwen25_3b  D_chord       D_doc         | +0.17 (0.1894) | +0.80 +0.42 +0.79 Δ -0.009 (0.9350) ΔR² +0.004 (0.6047) ΔKL +0.0006 (0.5992)
qwen25_3b  E_modulation  A_win40       | +0.06 (0.2594) | +0.88 +0.55 +0.88 Δ +0.004 (0.0610) ΔR² +0.008 (0.1219) ΔKL +0.0007 (0.0795)
qwen25_3b  E_modulation  B_any         | -0.05 (0.7376) | +0.88 +0.44 +0.87 Δ -0.004 (0.8306) ΔR² -0.023 (0.9945) ΔKL -0.0013 (0.9880)
qwen25_3b  E_modulation  D_doc         | -0.00 (0.5407) | +0.88 +0.42 +0.87 Δ -0.002 (0.6887) ΔR² -0.017 (0.9800) ΔKL -0.0006 (0.8081)
olmo2_7b   C_harmonic    A_win40       | +0.07 (0.3283) | +0.71 +0.46 +0.72 Δ +0.015 (0.1759) ΔR² -0.012 (0.8601) ΔKL -0.0001 (0.6027)
olmo2_7b   C_harmonic    B_any         | +0.04 (0.3658) | +0.71 +0.37 +0.71 Δ +0.000 (0.6832) ΔR² -0.004 (0.5462) ΔKL +0.0014 (0.3773)
olmo2_7b   C_harmonic    D_doc         | -0.11 (0.7051) | +0.71 +0.37 +0.70 Δ -0.002 (0.7966) ΔR² -0.014 (0.9120) ΔKL -0.0021 (0.8691)
olmo2_7b   D_chord       A_win40       | -0.02 (0.5552) | +0.68 +0.52 +0.67 Δ -0.013 (0.8881) ΔR² -0.017 (0.9410) ΔKL -0.0041 (0.9380)
olmo2_7b   D_chord       B_any         | -0.15 (0.8476) | +0.68 +0.38 +0.70 Δ +0.023 (0.0425) ΔR² -0.001 (0.4338) ΔKL -0.0118 (0.9990)
olmo2_7b   D_chord       D_doc         | +0.03 (0.4263) | +0.68 +0.40 +0.65 Δ -0.032 (0.9990) ΔR² -0.036 (0.9995) ΔKL -0.0109 (0.9985)
olmo2_7b   E_modulation  A_win40       | +0.33 (0.0005) | +0.73 +0.63 +0.77 Δ +0.036 (0.0010) ΔR² +0.135 (0.0005) ΔKL +0.0074 (0.0005)
olmo2_7b   E_modulation  B_any         | +0.14 (0.0555) | +0.73 +0.53 +0.72 Δ -0.010 (0.7991) ΔR² +0.044 (0.0065) ΔKL +0.0023 (0.0165)
olmo2_7b   E_modulation  D_doc         | +0.09 (0.1699) | +0.73 +0.44 +0.74 Δ +0.002 (0.1499) ΔR² +0.041 (0.0095) ΔKL +0.0009 (0.1599)
saved wikipedia_thin_olmomix_wiki_v4_s2_neutral
VALID /home/moloch/Documents/Research/pitch_fourier/results/phase5/v4_provenance_manifest.json
VALID results/phase5/fingerprint/wikipedia_thin_olmomix_wiki_v4_s2_neutral.json: 36 cells
VALID /home/moloch/Documents/Research/pitch_fourier/results/phase5/v4_provenance_manifest.json
== 22:48:32 fingerprint results/phase5/cond_wikipedia_thin_olmomix_wiki_v4_s3.npz wikipedia_thin_olmomix_wiki_v4_s3 olmo2_1b,gemma2_2b,qwen25_3b,olmo2_7b C_harmonic,D_chord,E_modulation A_win40,B_any,D_doc --nperm-res=2000 --nperm-loo=2000
corpus=wikipedia_thin_olmomix_wiki_v4_s3; source counts [12, 68, 180, 313, 1202, 1095, 1739, 2539, 1847, 2465, 1771, 1230, 620, 96, 51]; view=spelled rich=False targetprior=False templates=[0, 1, 2, 3] nperm_res=2000 nperm_loo=2000 nboot=0 jobs=20
model      family        extract       | residual r (p) | LOO theory corpus both ΔCV(p) ΔR²(p) ΔKL(p)
olmo2_1b   C_harmonic    A_win40       | +0.06 (0.3608) | +0.88 +0.63 +0.87 Δ -0.001 (0.7766) ΔR² -0.003 (0.8011) ΔKL +0.0022 (0.4148)
olmo2_1b   C_harmonic    B_any         | -0.06 (0.6372) | +0.88 +0.59 +0.88 Δ -0.000 (0.6467) ΔR² -0.011 (0.9820) ΔKL -0.0012 (0.8006)
olmo2_1b   C_harmonic    D_doc         | +0.20 (0.1334) | +0.88 +0.66 +0.88 Δ +0.006 (0.1814) ΔR² +0.044 (0.2189) ΔKL +0.0010 (0.4993)
olmo2_1b   D_chord       A_win40       | -0.11 (0.6992) | +0.94 +0.62 +0.94 Δ -0.001 (0.7806) ΔR² -0.015 (0.9995) ΔKL -0.0003 (0.3323)
olmo2_1b   D_chord       B_any         | -0.09 (0.6837) | +0.94 +0.52 +0.94 Δ +0.000 (0.5517) ΔR² -0.008 (0.9710) ΔKL -0.0007 (0.4138)
olmo2_1b   D_chord       D_doc         | +0.07 (0.3863) | +0.94 +0.55 +0.94 Δ +0.000 (0.5727) ΔR² +0.011 (0.5282) ΔKL +0.0011 (0.1964)
olmo2_1b   E_modulation  A_win40       | +0.14 (0.1599) | +0.92 +0.69 +0.93 Δ +0.008 (0.0195) ΔR² +0.024 (0.1224) ΔKL +0.0026 (0.0420)
olmo2_1b   E_modulation  B_any         | +0.00 (0.4893) | +0.92 +0.64 +0.92 Δ -0.001 (0.5322) ΔR² +0.000 (0.4468) ΔKL +0.0009 (0.1559)
olmo2_1b   E_modulation  D_doc         | +0.29 (0.0095) | +0.92 +0.72 +0.93 Δ +0.005 (0.0935) ΔR² +0.079 (0.0100) ΔKL +0.0002 (0.3653)
gemma2_2b  C_harmonic    A_win40       | -0.08 (0.6942) | +0.89 +0.59 +0.89 Δ -0.001 (0.7886) ΔR² -0.013 (0.9845) ΔKL -0.0013 (0.7451)
gemma2_2b  C_harmonic    B_any         | -0.09 (0.7131) | +0.89 +0.54 +0.89 Δ -0.001 (0.7581) ΔR² -0.009 (0.9440) ΔKL -0.0017 (0.7656)
gemma2_2b  C_harmonic    D_doc         | +0.03 (0.4168) | +0.89 +0.60 +0.89 Δ -0.003 (0.8851) ΔR² -0.005 (0.8736) ΔKL -0.0059 (0.9415)
gemma2_2b  D_chord       A_win40       | -0.15 (0.8241) | +0.95 +0.61 +0.95 Δ +0.001 (0.4013) ΔR² -0.000 (0.6622) ΔKL -0.0018 (0.6662)
gemma2_2b  D_chord       B_any         | -0.24 (0.9490) | +0.95 +0.53 +0.95 Δ -0.001 (0.7656) ΔR² +0.035 (0.1784) ΔKL -0.0013 (0.6122)
gemma2_2b  D_chord       D_doc         | +0.03 (0.4398) | +0.95 +0.59 +0.96 Δ +0.002 (0.3293) ΔR² -0.006 (0.9155) ΔKL -0.0030 (0.8001)
gemma2_2b  E_modulation  A_win40       | +0.11 (0.2944) | +0.93 +0.68 +0.94 Δ +0.008 (0.0615) ΔR² -0.005 (0.8851) ΔKL +0.0062 (0.0500)
gemma2_2b  E_modulation  B_any         | -0.08 (0.6927) | +0.93 +0.63 +0.93 Δ +0.000 (0.5852) ΔR² -0.008 (0.9440) ΔKL -0.0018 (0.8456)
gemma2_2b  E_modulation  D_doc         | +0.27 (0.0710) | +0.93 +0.69 +0.93 Δ +0.006 (0.1269) ΔR² +0.055 (0.1399) ΔKL +0.0076 (0.0365)
qwen25_3b  C_harmonic    A_win40       | -0.05 (0.5867) | +0.88 +0.66 +0.89 Δ +0.015 (0.0265) ΔR² +0.015 (0.3428) ΔKL +0.0071 (0.1374)
qwen25_3b  C_harmonic    B_any         | -0.17 (0.8051) | +0.88 +0.59 +0.88 Δ +0.001 (0.4843) ΔR² -0.014 (0.9910) ΔKL +0.0007 (0.4228)
qwen25_3b  C_harmonic    D_doc         | +0.25 (0.0960) | +0.88 +0.61 +0.87 Δ -0.010 (0.9970) ΔR² +0.060 (0.1294) ΔKL +0.0035 (0.3088)
qwen25_3b  D_chord       A_win40       | +0.05 (0.3908) | +0.88 +0.65 +0.88 Δ -0.006 (0.9890) ΔR² -0.007 (0.9050) ΔKL +0.0018 (0.4883)
qwen25_3b  D_chord       B_any         | -0.01 (0.5062) | +0.88 +0.57 +0.89 Δ +0.003 (0.4738) ΔR² -0.014 (0.9940) ΔKL -0.0013 (0.7951)
qwen25_3b  D_chord       D_doc         | -0.08 (0.6817) | +0.88 +0.63 +0.88 Δ -0.001 (0.8336) ΔR² -0.020 (1.0000) ΔKL -0.0032 (0.9500)
qwen25_3b  E_modulation  A_win40       | -0.04 (0.5912) | +0.94 +0.69 +0.95 Δ +0.004 (0.2834) ΔR² -0.022 (0.9995) ΔKL +0.0005 (0.2684)
qwen25_3b  E_modulation  B_any         | -0.22 (0.9525) | +0.94 +0.61 +0.95 Δ +0.004 (0.2034) ΔR² +0.003 (0.3943) ΔKL -0.0008 (0.7156)
qwen25_3b  E_modulation  D_doc         | +0.15 (0.1489) | +0.94 +0.66 +0.94 Δ -0.002 (0.9415) ΔR² +0.017 (0.2634) ΔKL -0.0012 (0.8496)
olmo2_7b   C_harmonic    A_win40       | -0.02 (0.5252) | +0.77 +0.59 +0.77 Δ +0.000 (0.6592) ΔR² -0.007 (0.8996) ΔKL +0.0010 (0.4918)
olmo2_7b   C_harmonic    B_any         | -0.14 (0.8141) | +0.77 +0.54 +0.77 Δ -0.002 (0.7926) ΔR² -0.007 (0.8771) ΔKL -0.0034 (0.8726)
olmo2_7b   C_harmonic    D_doc         | +0.08 (0.3203) | +0.77 +0.55 +0.77 Δ -0.001 (0.7636) ΔR² -0.015 (0.9955) ΔKL -0.0059 (0.9590)
olmo2_7b   D_chord       A_win40       | -0.06 (0.6612) | +0.82 +0.56 +0.82 Δ +0.001 (0.5767) ΔR² -0.007 (0.8176) ΔKL +0.0007 (0.4643)
olmo2_7b   D_chord       B_any         | -0.08 (0.7116) | +0.82 +0.56 +0.83 Δ +0.004 (0.3908) ΔR² -0.006 (0.7401) ΔKL -0.0009 (0.5827)
olmo2_7b   D_chord       D_doc         | -0.04 (0.5717) | +0.82 +0.58 +0.82 Δ -0.002 (0.8616) ΔR² -0.015 (0.9870) ΔKL -0.0035 (0.7926)
olmo2_7b   E_modulation  A_win40       | +0.24 (0.0245) | +0.89 +0.72 +0.91 Δ +0.025 (0.0005) ΔR² +0.108 (0.0030) ΔKL +0.0082 (0.0035)
olmo2_7b   E_modulation  B_any         | +0.05 (0.3578) | +0.89 +0.65 +0.90 Δ +0.010 (0.0390) ΔR² +0.011 (0.2009) ΔKL +0.0022 (0.1089)
olmo2_7b   E_modulation  D_doc         | +0.32 (0.0065) | +0.89 +0.71 +0.89 Δ +0.000 (0.6662) ΔR² +0.088 (0.0035) ΔKL +0.0005 (0.4008)
saved wikipedia_thin_olmomix_wiki_v4_s3
VALID /home/moloch/Documents/Research/pitch_fourier/results/phase5/v4_provenance_manifest.json
VALID results/phase5/fingerprint/wikipedia_thin_olmomix_wiki_v4_s3.json: 36 cells
VALID /home/moloch/Documents/Research/pitch_fourier/results/phase5/v4_provenance_manifest.json
== 22:51:28 fingerprint results/phase5/cond_wikipedia_thin_olmomix_wiki_v4_s3.npz wikipedia_thin_olmomix_wiki_v4_s3 olmo2_1b,gemma2_2b,qwen25_3b,olmo2_7b C_harmonic,D_chord,E_modulation A_win40,B_any,D_doc --neutral --nperm-res=2000 --nperm-loo=2000
corpus=wikipedia_thin_olmomix_wiki_v4_s3; source counts [12, 68, 180, 313, 1202, 1095, 1739, 2539, 1847, 2465, 1771, 1230, 620, 96, 51]; view=aggregated rich=False targetprior=False templates=[0, 1, 2, 3] nperm_res=2000 nperm_loo=2000 nboot=0 jobs=20
model      family        extract       | residual r (p) | LOO theory corpus both ΔCV(p) ΔR²(p) ΔKL(p)
olmo2_1b   C_harmonic    A_win40       | +0.09 (0.3583) | +0.70 +0.50 +0.72 Δ +0.017 (0.1019) ΔR² +0.013 (0.3753) ΔKL +0.0026 (0.4053)
olmo2_1b   C_harmonic    B_any         | +0.01 (0.5032) | +0.70 +0.43 +0.71 Δ +0.005 (0.2414) ΔR² +0.000 (0.5107) ΔKL -0.0005 (0.6522)
olmo2_1b   C_harmonic    D_doc         | -0.03 (0.5557) | +0.70 +0.40 +0.70 Δ -0.008 (0.7646) ΔR² -0.007 (0.8381) ΔKL -0.0011 (0.8071)
olmo2_1b   D_chord       A_win40       | -0.03 (0.5937) | +0.97 +0.50 +0.96 Δ -0.002 (0.5372) ΔR² +0.006 (0.4028) ΔKL +0.0014 (0.2419)
olmo2_1b   D_chord       B_any         | -0.07 (0.7051) | +0.97 +0.41 +0.97 Δ -0.001 (0.2979) ΔR² -0.007 (0.7026) ΔKL +0.0007 (0.2759)
olmo2_1b   D_chord       D_doc         | +0.01 (0.5362) | +0.97 +0.31 +0.97 Δ +0.000 (0.2519) ΔR² -0.014 (0.9090) ΔKL +0.0003 (0.3828)
olmo2_1b   E_modulation  A_win40       | +0.15 (0.1519) | +0.83 +0.64 +0.81 Δ -0.025 (0.9965) ΔR² +0.041 (0.0130) ΔKL +0.0020 (0.1154)
olmo2_1b   E_modulation  B_any         | +0.15 (0.1254) | +0.83 +0.54 +0.82 Δ -0.011 (0.9005) ΔR² +0.032 (0.0240) ΔKL +0.0006 (0.2879)
olmo2_1b   E_modulation  D_doc         | +0.19 (0.0995) | +0.83 +0.55 +0.82 Δ -0.008 (0.7881) ΔR² +0.062 (0.0045) ΔKL +0.0024 (0.0975)
gemma2_2b  C_harmonic    A_win40       | -0.00 (0.5122) | +0.79 +0.47 +0.79 Δ -0.004 (0.9355) ΔR² -0.022 (0.9940) ΔKL -0.0014 (0.7531)
gemma2_2b  C_harmonic    B_any         | -0.01 (0.5342) | +0.79 +0.40 +0.79 Δ -0.004 (0.9205) ΔR² -0.016 (0.9735) ΔKL -0.0020 (0.8346)
gemma2_2b  C_harmonic    D_doc         | +0.05 (0.3898) | +0.79 +0.36 +0.80 Δ +0.012 (0.3113) ΔR² -0.010 (0.9445) ΔKL -0.0032 (0.9125)
gemma2_2b  D_chord       A_win40       | +0.02 (0.4518) | +0.90 +0.48 +0.90 Δ -0.003 (0.9265) ΔR² -0.021 (0.9895) ΔKL -0.0008 (0.8396)
gemma2_2b  D_chord       B_any         | -0.03 (0.5852) | +0.90 +0.38 +0.90 Δ -0.002 (0.8491) ΔR² -0.006 (0.6547) ΔKL -0.0004 (0.5787)
gemma2_2b  D_chord       D_doc         | -0.08 (0.7241) | +0.90 +0.34 +0.90 Δ +0.000 (0.6092) ΔR² -0.026 (0.9945) ΔKL -0.0010 (0.8511)
gemma2_2b  E_modulation  A_win40       | +0.21 (0.0155) | +0.86 +0.57 +0.85 Δ -0.006 (0.8856) ΔR² +0.046 (0.0060) ΔKL +0.0043 (0.0040)
gemma2_2b  E_modulation  B_any         | +0.12 (0.1214) | +0.86 +0.48 +0.86 Δ +0.003 (0.1439) ΔR² +0.029 (0.0240) ΔKL +0.0025 (0.0270)
gemma2_2b  E_modulation  D_doc         | +0.06 (0.3343) | +0.86 +0.47 +0.87 Δ +0.005 (0.0605) ΔR² +0.024 (0.0625) ΔKL +0.0010 (0.2039)
qwen25_3b  C_harmonic    A_win40       | +0.04 (0.3253) | +0.82 +0.55 +0.83 Δ +0.014 (0.0420) ΔR² +0.024 (0.0840) ΔKL +0.0040 (0.0935)
qwen25_3b  C_harmonic    B_any         | -0.03 (0.6092) | +0.82 +0.49 +0.82 Δ +0.003 (0.2714) ΔR² +0.006 (0.2169) ΔKL +0.0012 (0.2274)
qwen25_3b  C_harmonic    D_doc         | +0.01 (0.4413) | +0.82 +0.38 +0.81 Δ -0.005 (0.8851) ΔR² +0.009 (0.2444) ΔKL +0.0018 (0.2454)
qwen25_3b  D_chord       A_win40       | +0.15 (0.2209) | +0.81 +0.54 +0.78 Δ -0.027 (0.9970) ΔR² -0.001 (0.6517) ΔKL -0.0010 (0.8166)
qwen25_3b  D_chord       B_any         | +0.09 (0.3063) | +0.81 +0.45 +0.81 Δ -0.002 (0.4838) ΔR² -0.011 (0.9075) ΔKL -0.0021 (0.9350)
qwen25_3b  D_chord       D_doc         | -0.02 (0.5532) | +0.81 +0.42 +0.81 Δ -0.004 (0.6262) ΔR² -0.017 (0.9645) ΔKL -0.0007 (0.7691)
qwen25_3b  E_modulation  A_win40       | +0.03 (0.4108) | +0.88 +0.59 +0.88 Δ -0.001 (0.5002) ΔR² -0.007 (0.7266) ΔKL +0.0006 (0.1009)
qwen25_3b  E_modulation  B_any         | -0.06 (0.7411) | +0.88 +0.47 +0.88 Δ +0.002 (0.0900) ΔR² -0.008 (0.7061) ΔKL -0.0006 (0.7841)
qwen25_3b  E_modulation  D_doc         | -0.10 (0.8406) | +0.88 +0.42 +0.87 Δ -0.002 (0.5897) ΔR² -0.011 (0.9185) ΔKL -0.0006 (0.7996)
olmo2_7b   C_harmonic    A_win40       | -0.02 (0.5292) | +0.70 +0.39 +0.71 Δ +0.010 (0.3063) ΔR² -0.009 (0.8181) ΔKL -0.0008 (0.7116)
olmo2_7b   C_harmonic    B_any         | -0.11 (0.7401) | +0.70 +0.35 +0.70 Δ -0.002 (0.7441) ΔR² -0.010 (0.7986) ΔKL -0.0015 (0.7946)
olmo2_7b   C_harmonic    D_doc         | -0.17 (0.8451) | +0.70 +0.34 +0.70 Δ -0.008 (0.9205) ΔR² -0.032 (0.9985) ΔKL -0.0067 (0.9990)
olmo2_7b   D_chord       A_win40       | -0.12 (0.7611) | +0.68 +0.43 +0.67 Δ -0.008 (0.7691) ΔR² -0.016 (0.9410) ΔKL -0.0096 (0.9955)
olmo2_7b   D_chord       B_any         | -0.12 (0.7891) | +0.68 +0.42 +0.66 Δ -0.014 (0.8961) ΔR² -0.015 (0.9230) ΔKL -0.0083 (0.9930)
olmo2_7b   D_chord       D_doc         | -0.09 (0.6907) | +0.68 +0.38 +0.69 Δ +0.013 (0.1584) ΔR² -0.008 (0.7936) ΔKL -0.0057 (0.9550)
olmo2_7b   E_modulation  A_win40       | +0.23 (0.0080) | +0.73 +0.65 +0.74 Δ +0.012 (0.0385) ΔR² +0.080 (0.0010) ΔKL +0.0033 (0.0105)
olmo2_7b   E_modulation  B_any         | +0.22 (0.0140) | +0.73 +0.55 +0.74 Δ +0.008 (0.0665) ΔR² +0.068 (0.0010) ΔKL +0.0011 (0.0980)
olmo2_7b   E_modulation  D_doc         | +0.06 (0.2609) | +0.73 +0.51 +0.74 Δ +0.012 (0.0465) ΔR² -0.011 (0.9200) ΔKL +0.0002 (0.3263)
saved wikipedia_thin_olmomix_wiki_v4_s3_neutral
VALID /home/moloch/Documents/Research/pitch_fourier/results/phase5/v4_provenance_manifest.json
VALID results/phase5/fingerprint/wikipedia_thin_olmomix_wiki_v4_s3_neutral.json: 36 cells
VALID /home/moloch/Documents/Research/pitch_fourier/results/phase5/v4_provenance_manifest.json
== 22:55:02 fingerprint results/phase5/cond_wikipedia_thin_olmomix_wiki_v4_s4.npz wikipedia_thin_olmomix_wiki_v4_s4 olmo2_1b,gemma2_2b,qwen25_3b,olmo2_7b C_harmonic,D_chord,E_modulation A_win40,B_any,D_doc --nperm-res=2000 --nperm-loo=2000
corpus=wikipedia_thin_olmomix_wiki_v4_s4; source counts [13, 66, 165, 332, 1178, 1081, 1736, 2538, 1931, 2435, 1717, 1268, 639, 88, 50]; view=spelled rich=False targetprior=False templates=[0, 1, 2, 3] nperm_res=2000 nperm_loo=2000 nboot=0 jobs=20
model      family        extract       | residual r (p) | LOO theory corpus both ΔCV(p) ΔR²(p) ΔKL(p)
olmo2_1b   C_harmonic    A_win40       | +0.09 (0.3073) | +0.87 +0.66 +0.88 Δ +0.006 (0.3518) ΔR² +0.002 (0.6027) ΔKL +0.0029 (0.3428)
olmo2_1b   C_harmonic    B_any         | -0.05 (0.5957) | +0.87 +0.51 +0.87 Δ +0.000 (0.7761) ΔR² -0.009 (0.9560) ΔKL -0.0012 (0.8146)
olmo2_1b   C_harmonic    D_doc         | +0.13 (0.2424) | +0.87 +0.71 +0.88 Δ +0.007 (0.3103) ΔR² +0.006 (0.5632) ΔKL +0.0008 (0.5307)
olmo2_1b   D_chord       A_win40       | -0.07 (0.6342) | +0.94 +0.58 +0.94 Δ +0.000 (0.5027) ΔR² -0.015 (0.9985) ΔKL -0.0002 (0.2979)
olmo2_1b   D_chord       B_any         | -0.06 (0.6062) | +0.94 +0.52 +0.94 Δ -0.000 (0.5487) ΔR² -0.015 (0.9985) ΔKL -0.0005 (0.3498)
olmo2_1b   D_chord       D_doc         | +0.04 (0.4223) | +0.94 +0.65 +0.94 Δ -0.001 (0.6822) ΔR² -0.001 (0.7696) ΔKL -0.0022 (0.5172)
olmo2_1b   E_modulation  A_win40       | +0.12 (0.1764) | +0.93 +0.69 +0.93 Δ +0.004 (0.1304) ΔR² +0.021 (0.1304) ΔKL +0.0024 (0.0350)
olmo2_1b   E_modulation  B_any         | -0.03 (0.6292) | +0.93 +0.55 +0.93 Δ -0.000 (0.6007) ΔR² +0.002 (0.3813) ΔKL +0.0006 (0.1829)
olmo2_1b   E_modulation  D_doc         | +0.18 (0.0750) | +0.93 +0.78 +0.93 Δ +0.001 (0.4053) ΔR² +0.029 (0.0960) ΔKL +0.0031 (0.0145)
gemma2_2b  C_harmonic    A_win40       | -0.08 (0.6672) | +0.89 +0.63 +0.89 Δ -0.002 (0.8116) ΔR² -0.011 (0.9805) ΔKL -0.0009 (0.6652)
gemma2_2b  C_harmonic    B_any         | +0.05 (0.3633) | +0.89 +0.54 +0.89 Δ -0.001 (0.6362) ΔR² -0.009 (0.9475) ΔKL +0.0008 (0.4243)
gemma2_2b  C_harmonic    D_doc         | -0.03 (0.5642) | +0.89 +0.65 +0.89 Δ -0.002 (0.7656) ΔR² -0.012 (0.9930) ΔKL -0.0004 (0.6097)
gemma2_2b  D_chord       A_win40       | -0.18 (0.8716) | +0.96 +0.62 +0.96 Δ +0.000 (0.4588) ΔR² +0.020 (0.3203) ΔKL -0.0000 (0.3163)
gemma2_2b  D_chord       B_any         | -0.05 (0.6337) | +0.96 +0.52 +0.95 Δ -0.002 (0.8046) ΔR² +0.005 (0.5047) ΔKL -0.0008 (0.5007)
gemma2_2b  D_chord       D_doc         | +0.05 (0.4143) | +0.96 +0.68 +0.95 Δ -0.001 (0.6842) ΔR² -0.010 (0.9875) ΔKL -0.0009 (0.5057)
gemma2_2b  E_modulation  A_win40       | -0.02 (0.5652) | +0.93 +0.68 +0.93 Δ +0.002 (0.3368) ΔR² -0.005 (0.8751) ΔKL +0.0014 (0.2604)
gemma2_2b  E_modulation  B_any         | -0.03 (0.5937) | +0.93 +0.55 +0.93 Δ +0.002 (0.2479) ΔR² -0.010 (0.9730) ΔKL -0.0002 (0.4983)
gemma2_2b  E_modulation  D_doc         | +0.19 (0.1649) | +0.93 +0.76 +0.94 Δ +0.009 (0.0225) ΔR² +0.033 (0.2609) ΔKL +0.0088 (0.0210)
qwen25_3b  C_harmonic    A_win40       | -0.07 (0.6332) | +0.88 +0.66 +0.88 Δ +0.006 (0.1524) ΔR² +0.002 (0.5707) ΔKL +0.0054 (0.1854)
qwen25_3b  C_harmonic    B_any         | -0.12 (0.7506) | +0.88 +0.56 +0.88 Δ +0.005 (0.2024) ΔR² -0.016 (0.9970) ΔKL -0.0017 (0.8046)
qwen25_3b  C_harmonic    D_doc         | +0.27 (0.0785) | +0.88 +0.74 +0.90 Δ +0.022 (0.0080) ΔR² +0.087 (0.0795) ΔKL +0.0090 (0.1284)
qwen25_3b  D_chord       A_win40       | -0.01 (0.5242) | +0.88 +0.65 +0.89 Δ +0.004 (0.3268) ΔR² -0.017 (1.0000) ΔKL -0.0006 (0.7131)
qwen25_3b  D_chord       B_any         | +0.11 (0.2489) | +0.88 +0.55 +0.89 Δ +0.004 (0.3063) ΔR² +0.001 (0.5337) ΔKL -0.0011 (0.7771)
qwen25_3b  D_chord       D_doc         | -0.00 (0.4993) | +0.88 +0.71 +0.88 Δ -0.003 (0.8791) ΔR² -0.010 (0.9785) ΔKL -0.0025 (0.8866)
qwen25_3b  E_modulation  A_win40       | -0.09 (0.7346) | +0.95 +0.68 +0.95 Δ +0.001 (0.2569) ΔR² -0.028 (0.9995) ΔKL -0.0005 (0.6112)
qwen25_3b  E_modulation  B_any         | -0.10 (0.7631) | +0.95 +0.57 +0.95 Δ -0.002 (0.7521) ΔR² -0.012 (0.9620) ΔKL -0.0003 (0.4623)
qwen25_3b  E_modulation  D_doc         | +0.22 (0.0640) | +0.95 +0.76 +0.95 Δ +0.003 (0.0545) ΔR² +0.030 (0.1504) ΔKL +0.0016 (0.0980)
olmo2_7b   C_harmonic    A_win40       | -0.13 (0.7811) | +0.77 +0.52 +0.77 Δ -0.001 (0.7986) ΔR² -0.011 (0.9760) ΔKL -0.0032 (0.8646)
olmo2_7b   C_harmonic    B_any         | -0.14 (0.8051) | +0.77 +0.46 +0.77 Δ -0.000 (0.7291) ΔR² -0.009 (0.9105) ΔKL -0.0023 (0.7946)
olmo2_7b   C_harmonic    D_doc         | +0.03 (0.4218) | +0.77 +0.63 +0.78 Δ +0.011 (0.2529) ΔR² -0.005 (0.8366) ΔKL -0.0032 (0.8651)
olmo2_7b   D_chord       A_win40       | -0.09 (0.7601) | +0.83 +0.58 +0.83 Δ -0.000 (0.5937) ΔR² -0.005 (0.6912) ΔKL -0.0011 (0.6207)
olmo2_7b   D_chord       B_any         | -0.05 (0.6672) | +0.83 +0.47 +0.83 Δ +0.002 (0.3738) ΔR² -0.008 (0.8146) ΔKL -0.0008 (0.5672)
olmo2_7b   D_chord       D_doc         | -0.00 (0.5147) | +0.83 +0.65 +0.83 Δ +0.001 (0.4663) ΔR² -0.008 (0.9060) ΔKL -0.0015 (0.6672)
olmo2_7b   E_modulation  A_win40       | +0.11 (0.1774) | +0.89 +0.68 +0.90 Δ +0.014 (0.0050) ΔR² +0.049 (0.0225) ΔKL +0.0036 (0.0470)
olmo2_7b   E_modulation  B_any         | +0.01 (0.4598) | +0.89 +0.58 +0.90 Δ +0.007 (0.0680) ΔR² +0.010 (0.2239) ΔKL +0.0010 (0.2204)
olmo2_7b   E_modulation  D_doc         | +0.33 (0.0045) | +0.89 +0.76 +0.90 Δ +0.015 (0.0085) ΔR² +0.138 (0.0005) ΔKL +0.0049 (0.0415)
saved wikipedia_thin_olmomix_wiki_v4_s4
VALID /home/moloch/Documents/Research/pitch_fourier/results/phase5/v4_provenance_manifest.json
VALID results/phase5/fingerprint/wikipedia_thin_olmomix_wiki_v4_s4.json: 36 cells
VALID /home/moloch/Documents/Research/pitch_fourier/results/phase5/v4_provenance_manifest.json
== 22:57:55 fingerprint results/phase5/cond_wikipedia_thin_olmomix_wiki_v4_s4.npz wikipedia_thin_olmomix_wiki_v4_s4 olmo2_1b,gemma2_2b,qwen25_3b,olmo2_7b C_harmonic,D_chord,E_modulation A_win40,B_any,D_doc --neutral --nperm-res=2000 --nperm-loo=2000
corpus=wikipedia_thin_olmomix_wiki_v4_s4; source counts [13, 66, 165, 332, 1178, 1081, 1736, 2538, 1931, 2435, 1717, 1268, 639, 88, 50]; view=aggregated rich=False targetprior=False templates=[0, 1, 2, 3] nperm_res=2000 nperm_loo=2000 nboot=0 jobs=20
model      family        extract       | residual r (p) | LOO theory corpus both ΔCV(p) ΔR²(p) ΔKL(p)
olmo2_1b   C_harmonic    A_win40       | +0.13 (0.2724) | +0.70 +0.54 +0.72 Δ +0.016 (0.1214) ΔR² +0.027 (0.2329) ΔKL +0.0047 (0.2739)
olmo2_1b   C_harmonic    B_any         | -0.02 (0.5522) | +0.70 +0.37 +0.70 Δ +0.001 (0.4643) ΔR² -0.007 (0.7851) ΔKL -0.0009 (0.7431)
olmo2_1b   C_harmonic    D_doc         | +0.03 (0.4543) | +0.70 +0.48 +0.70 Δ -0.001 (0.5592) ΔR² -0.003 (0.7341) ΔKL -0.0005 (0.7201)
olmo2_1b   D_chord       A_win40       | -0.01 (0.5432) | +0.96 +0.44 +0.96 Δ +0.000 (0.2764) ΔR² -0.006 (0.6652) ΔKL +0.0003 (0.3323)
olmo2_1b   D_chord       B_any         | -0.06 (0.6542) | +0.96 +0.35 +0.96 Δ +0.000 (0.2874) ΔR² -0.006 (0.6907) ΔKL -0.0005 (0.5422)
olmo2_1b   D_chord       D_doc         | -0.00 (0.5652) | +0.96 +0.44 +0.96 Δ -0.002 (0.5202) ΔR² -0.025 (0.9865) ΔKL -0.0010 (0.6797)
olmo2_1b   E_modulation  A_win40       | +0.20 (0.0535) | +0.83 +0.60 +0.81 Δ -0.015 (0.9850) ΔR² +0.042 (0.0095) ΔKL +0.0020 (0.0935)
olmo2_1b   E_modulation  B_any         | +0.01 (0.4773) | +0.83 +0.46 +0.82 Δ -0.008 (0.8976) ΔR² -0.015 (0.9455) ΔKL -0.0011 (0.9255)
olmo2_1b   E_modulation  D_doc         | +0.19 (0.0785) | +0.83 +0.60 +0.82 Δ -0.009 (0.9080) ΔR² +0.086 (0.0010) ΔKL +0.0060 (0.0015)
gemma2_2b  C_harmonic    A_win40       | +0.13 (0.2454) | +0.80 +0.53 +0.80 Δ +0.001 (0.4678) ΔR² +0.001 (0.5832) ΔKL -0.0010 (0.6882)
gemma2_2b  C_harmonic    B_any         | +0.12 (0.2589) | +0.80 +0.41 +0.79 Δ -0.008 (0.9070) ΔR² -0.004 (0.6777) ΔKL +0.0004 (0.4308)
gemma2_2b  C_harmonic    D_doc         | +0.04 (0.3978) | +0.80 +0.46 +0.79 Δ -0.008 (0.9225) ΔR² -0.012 (0.9680) ΔKL -0.0013 (0.7831)
gemma2_2b  D_chord       A_win40       | -0.00 (0.5107) | +0.90 +0.47 +0.90 Δ +0.000 (0.8046) ΔR² -0.011 (0.9120) ΔKL -0.0005 (0.6732)
gemma2_2b  D_chord       B_any         | -0.03 (0.5972) | +0.90 +0.33 +0.90 Δ +0.002 (0.4748) ΔR² +0.003 (0.3118) ΔKL -0.0011 (0.8861)
gemma2_2b  D_chord       D_doc         | -0.03 (0.6032) | +0.90 +0.45 +0.90 Δ +0.001 (0.6427) ΔR² -0.006 (0.7716) ΔKL -0.0015 (0.9300)
gemma2_2b  E_modulation  A_win40       | +0.16 (0.0520) | +0.87 +0.57 +0.86 Δ -0.004 (0.4113) ΔR² +0.035 (0.0215) ΔKL +0.0025 (0.0330)
gemma2_2b  E_modulation  B_any         | +0.06 (0.2794) | +0.87 +0.43 +0.86 Δ -0.010 (0.8131) ΔR² -0.012 (0.9265) ΔKL +0.0003 (0.2429)
gemma2_2b  E_modulation  D_doc         | +0.13 (0.1114) | +0.87 +0.57 +0.86 Δ -0.007 (0.6622) ΔR² +0.039 (0.0145) ΔKL +0.0027 (0.0320)
qwen25_3b  C_harmonic    A_win40       | +0.01 (0.4313) | +0.81 +0.56 +0.82 Δ +0.011 (0.1054) ΔR² +0.014 (0.1314) ΔKL +0.0030 (0.1159)
qwen25_3b  C_harmonic    B_any         | -0.12 (0.9100) | +0.81 +0.46 +0.82 Δ +0.004 (0.3563) ΔR² -0.006 (0.5457) ΔKL -0.0009 (0.6692)
qwen25_3b  C_harmonic    D_doc         | +0.13 (0.0815) | +0.81 +0.57 +0.83 Δ +0.019 (0.0255) ΔR² +0.030 (0.0870) ΔKL +0.0033 (0.1609)
qwen25_3b  D_chord       A_win40       | +0.09 (0.3093) | +0.80 +0.54 +0.80 Δ +0.004 (0.5367) ΔR² -0.016 (0.9775) ΔKL -0.0015 (0.8701)
qwen25_3b  D_chord       B_any         | -0.01 (0.5322) | +0.80 +0.43 +0.79 Δ -0.004 (0.8911) ΔR² -0.019 (0.9860) ΔKL -0.0018 (0.9020)
qwen25_3b  D_chord       D_doc         | +0.07 (0.3448) | +0.80 +0.50 +0.80 Δ +0.004 (0.6047) ΔR² -0.026 (0.9930) ΔKL -0.0014 (0.8761)
qwen25_3b  E_modulation  A_win40       | -0.04 (0.6642) | +0.88 +0.56 +0.87 Δ -0.003 (0.6632) ΔR² -0.010 (0.8431) ΔKL -0.0002 (0.4033)
qwen25_3b  E_modulation  B_any         | -0.15 (0.9350) | +0.88 +0.42 +0.88 Δ +0.002 (0.0830) ΔR² +0.003 (0.1984) ΔKL -0.0004 (0.5762)
qwen25_3b  E_modulation  D_doc         | -0.05 (0.7126) | +0.88 +0.54 +0.88 Δ -0.002 (0.5602) ΔR² -0.019 (0.9870) ΔKL +0.0000 (0.2504)
olmo2_7b   C_harmonic    A_win40       | -0.15 (0.8281) | +0.71 +0.39 +0.70 Δ -0.006 (0.8816) ΔR² -0.019 (0.9685) ΔKL -0.0027 (0.9360)
olmo2_7b   C_harmonic    B_any         | -0.14 (0.8231) | +0.71 +0.33 +0.72 Δ +0.010 (0.2499) ΔR² -0.006 (0.6732) ΔKL -0.0009 (0.6922)
olmo2_7b   C_harmonic    D_doc         | -0.07 (0.6202) | +0.71 +0.46 +0.69 Δ -0.014 (0.9750) ΔR² -0.019 (0.9660) ΔKL -0.0034 (0.9660)
olmo2_7b   D_chord       A_win40       | -0.10 (0.7441) | +0.68 +0.51 +0.66 Δ -0.018 (0.9560) ΔR² -0.008 (0.7546) ΔKL -0.0067 (0.9830)
olmo2_7b   D_chord       B_any         | -0.13 (0.8186) | +0.68 +0.40 +0.65 Δ -0.035 (0.9975) ΔR² -0.015 (0.9000) ΔKL -0.0083 (0.9950)
olmo2_7b   D_chord       D_doc         | +0.02 (0.4483) | +0.68 +0.52 +0.68 Δ -0.001 (0.5972) ΔR² -0.022 (0.9835) ΔKL -0.0065 (0.9810)
olmo2_7b   E_modulation  A_win40       | +0.16 (0.0370) | +0.73 +0.59 +0.74 Δ +0.004 (0.1084) ΔR² +0.024 (0.0465) ΔKL -0.0002 (0.5087)
olmo2_7b   E_modulation  B_any         | +0.01 (0.4563) | +0.73 +0.50 +0.74 Δ +0.005 (0.0945) ΔR² -0.013 (0.9190) ΔKL -0.0009 (0.9410)
olmo2_7b   E_modulation  D_doc         | +0.08 (0.1954) | +0.73 +0.57 +0.74 Δ +0.001 (0.2269) ΔR² +0.027 (0.0410) ΔKL +0.0019 (0.0610)
saved wikipedia_thin_olmomix_wiki_v4_s4_neutral
VALID /home/moloch/Documents/Research/pitch_fourier/results/phase5/v4_provenance_manifest.json
VALID results/phase5/fingerprint/wikipedia_thin_olmomix_wiki_v4_s4_neutral.json: 36 cells
VALID /home/moloch/Documents/Research/pitch_fourier/results/phase5/v4_provenance_manifest.json
== 23:01:21 thinning results/phase5/cond_olmomix_dclm.npz replicate=0
uni: wiki 37811 -> 1035 (target 1005)
A_win40: wiki 47247 -> 596 (target 633)
B_modulation: wiki 722 -> 3 (target 7)
B_chord: wiki 2038 -> 127 (target 137)
B_signature: wiki 8552 -> 64 (target 74)
B_enharmonic: wiki 145 -> 3 (target 6)
B_relation: wiki 252 -> 37 (target 36)
B_any: wiki 10775 -> 198 (target 222)
C_patterns: wiki 317 -> 4 (target 6)
D_doc: wiki 19162 -> 477 (target 467)
VALID /home/moloch/Documents/Research/pitch_fourier/results/phase5/v4_provenance_manifest.json
VALID /home/moloch/Documents/Research/pitch_fourier/results/phase5/v4_provenance_manifest.json
== 23:01:21 thinning results/phase5/cond_olmomix_dclm.npz replicate=1
uni: wiki 37811 -> 980 (target 1005)
A_win40: wiki 47247 -> 627 (target 633)
B_modulation: wiki 722 -> 4 (target 7)
B_chord: wiki 2038 -> 149 (target 137)
B_signature: wiki 8552 -> 78 (target 74)
B_enharmonic: wiki 145 -> 8 (target 6)
B_relation: wiki 252 -> 39 (target 36)
B_any: wiki 10775 -> 223 (target 222)
C_patterns: wiki 317 -> 4 (target 6)
D_doc: wiki 19162 -> 479 (target 467)
VALID /home/moloch/Documents/Research/pitch_fourier/results/phase5/v4_provenance_manifest.json
VALID /home/moloch/Documents/Research/pitch_fourier/results/phase5/v4_provenance_manifest.json
== 23:01:21 thinning results/phase5/cond_olmomix_dclm.npz replicate=2
uni: wiki 37811 -> 1045 (target 1005)
A_win40: wiki 47247 -> 625 (target 633)
B_modulation: wiki 722 -> 9 (target 7)
B_chord: wiki 2038 -> 162 (target 137)
B_signature: wiki 8552 -> 74 (target 74)
B_enharmonic: wiki 145 -> 8 (target 6)
B_relation: wiki 252 -> 40 (target 36)
B_any: wiki 10775 -> 224 (target 222)
C_patterns: wiki 317 -> 7 (target 6)
D_doc: wiki 19162 -> 450 (target 467)
VALID /home/moloch/Documents/Research/pitch_fourier/results/phase5/v4_provenance_manifest.json
VALID /home/moloch/Documents/Research/pitch_fourier/results/phase5/v4_provenance_manifest.json
== 23:01:22 thinning results/phase5/cond_olmomix_dclm.npz replicate=3
uni: wiki 37811 -> 999 (target 1005)
A_win40: wiki 47247 -> 637 (target 633)
B_modulation: wiki 722 -> 6 (target 7)
B_chord: wiki 2038 -> 129 (target 137)
B_signature: wiki 8552 -> 68 (target 74)
B_enharmonic: wiki 145 -> 7 (target 6)
B_relation: wiki 252 -> 43 (target 36)
B_any: wiki 10775 -> 232 (target 222)
C_patterns: wiki 317 -> 5 (target 6)
D_doc: wiki 19162 -> 482 (target 467)
VALID /home/moloch/Documents/Research/pitch_fourier/results/phase5/v4_provenance_manifest.json
VALID /home/moloch/Documents/Research/pitch_fourier/results/phase5/v4_provenance_manifest.json
== 23:01:22 thinning results/phase5/cond_olmomix_dclm.npz replicate=4
uni: wiki 37811 -> 1030 (target 1005)
A_win40: wiki 47247 -> 628 (target 633)
B_modulation: wiki 722 -> 8 (target 7)
B_chord: wiki 2038 -> 141 (target 137)
B_signature: wiki 8552 -> 84 (target 74)
B_enharmonic: wiki 145 -> 8 (target 6)
B_relation: wiki 252 -> 29 (target 36)
B_any: wiki 10775 -> 248 (target 222)
C_patterns: wiki 317 -> 8 (target 6)
D_doc: wiki 19162 -> 482 (target 467)
VALID /home/moloch/Documents/Research/pitch_fourier/results/phase5/v4_provenance_manifest.json
VALID /home/moloch/Documents/Research/pitch_fourier/results/phase5/v4_provenance_manifest.json
== 23:01:22 fingerprint results/phase5/cond_olmomix_dclm.npz olmomix_dclm_v4 olmo2_1b,gemma2_2b,qwen25_3b,olmo2_7b C_harmonic,D_chord,E_modulation A_win40,B_any,D_doc --nperm-res=2000 --nperm-loo=2000
corpus=olmomix_dclm_v4; source counts [2, 4, 20, 18, 32, 32, 68, 285, 120, 108, 204, 64, 28, 12, 8]; view=spelled rich=False targetprior=False templates=[0, 1, 2, 3] nperm_res=2000 nperm_loo=2000 nboot=0 jobs=20
model      family        extract       | residual r (p) | LOO theory corpus both ΔCV(p) ΔR²(p) ΔKL(p)
olmo2_1b   C_harmonic    A_win40       | +0.05 (0.3723) | +0.84 +0.48 +0.83 Δ -0.005 (0.8196) ΔR² -0.011 (0.9910) ΔKL +0.0003 (0.6032)
olmo2_1b   C_harmonic    B_any         | +0.08 (0.2524) | +0.84 +0.29 +0.84 Δ +0.002 (0.1579) ΔR² -0.003 (0.6117) ΔKL -0.0012 (0.7391)
olmo2_1b   C_harmonic    D_doc         | +0.20 (0.1024) | +0.84 +0.39 +0.84 Δ +0.003 (0.1989) ΔR² +0.049 (0.1224) ΔKL +0.0080 (0.1514)
olmo2_1b   D_chord       A_win40       | -0.14 (0.7826) | +0.93 +0.52 +0.93 Δ -0.001 (0.7931) ΔR² +0.007 (0.5342) ΔKL -0.0068 (0.8666)
olmo2_1b   D_chord       B_any         | -0.15 (0.8716) | +0.93 +0.30 +0.93 Δ -0.002 (0.8876) ΔR² +0.010 (0.2924) ΔKL -0.0030 (0.8506)
olmo2_1b   D_chord       D_doc         | -0.06 (0.6522) | +0.93 +0.42 +0.93 Δ +0.001 (0.4108) ΔR² -0.002 (0.6857) ΔKL -0.0051 (0.8241)
olmo2_1b   E_modulation  A_win40       | +0.16 (0.1789) | +0.88 +0.54 +0.89 Δ +0.007 (0.2234) ΔR² +0.023 (0.3258) ΔKL +0.0110 (0.1849)
olmo2_1b   E_modulation  B_any         | +0.03 (0.3928) | +0.88 +0.33 +0.88 Δ +0.001 (0.7151) ΔR² -0.009 (0.8961) ΔKL -0.0025 (0.8631)
olmo2_1b   E_modulation  D_doc         | +0.18 (0.1384) | +0.88 +0.45 +0.88 Δ +0.004 (0.3593) ΔR² +0.033 (0.2089) ΔKL +0.0147 (0.0825)
gemma2_2b  C_harmonic    A_win40       | +0.19 (0.1229) | +0.88 +0.55 +0.88 Δ -0.000 (0.4903) ΔR² +0.015 (0.3593) ΔKL +0.0125 (0.2149)
gemma2_2b  C_harmonic    B_any         | +0.17 (0.0720) | +0.88 +0.33 +0.88 Δ +0.001 (0.3203) ΔR² +0.003 (0.3753) ΔKL +0.0002 (0.4908)
gemma2_2b  C_harmonic    D_doc         | +0.26 (0.0485) | +0.88 +0.45 +0.88 Δ +0.003 (0.2689) ΔR² +0.069 (0.0455) ΔKL +0.0268 (0.0550)
gemma2_2b  D_chord       A_win40       | +0.02 (0.4263) | +0.94 +0.55 +0.94 Δ +0.000 (0.3828) ΔR² -0.010 (0.9705) ΔKL -0.0028 (0.9075)
gemma2_2b  D_chord       B_any         | +0.05 (0.3073) | +0.94 +0.31 +0.93 Δ -0.001 (0.6522) ΔR² -0.018 (0.9785) ΔKL -0.0044 (0.9750)
gemma2_2b  D_chord       D_doc         | +0.13 (0.2019) | +0.94 +0.43 +0.94 Δ +0.002 (0.0935) ΔR² +0.003 (0.5297) ΔKL +0.0098 (0.2284)
gemma2_2b  E_modulation  A_win40       | +0.13 (0.2439) | +0.88 +0.51 +0.88 Δ -0.001 (0.8336) ΔR² +0.002 (0.6207) ΔKL +0.0048 (0.3733)
gemma2_2b  E_modulation  B_any         | +0.08 (0.2429) | +0.88 +0.29 +0.88 Δ +0.000 (0.6782) ΔR² -0.009 (0.9135) ΔKL -0.0026 (0.8581)
gemma2_2b  E_modulation  D_doc         | +0.29 (0.0380) | +0.88 +0.43 +0.89 Δ +0.006 (0.1489) ΔR² +0.061 (0.0910) ΔKL +0.0271 (0.0230)
qwen25_3b  C_harmonic    A_win40       | +0.05 (0.4053) | +0.82 +0.54 +0.82 Δ +0.004 (0.4048) ΔR² -0.003 (0.7771) ΔKL +0.0054 (0.3833)
qwen25_3b  C_harmonic    B_any         | +0.04 (0.3958) | +0.82 +0.33 +0.81 Δ -0.002 (0.8331) ΔR² -0.009 (0.8986) ΔKL -0.0014 (0.7681)
qwen25_3b  C_harmonic    D_doc         | +0.08 (0.3278) | +0.82 +0.47 +0.83 Δ +0.010 (0.1479) ΔR² +0.013 (0.3803) ΔKL +0.0130 (0.1584)
qwen25_3b  D_chord       A_win40       | +0.19 (0.1109) | +0.91 +0.56 +0.90 Δ -0.002 (0.9140) ΔR² +0.027 (0.1979) ΔKL +0.0076 (0.0610)
qwen25_3b  D_chord       B_any         | +0.08 (0.2434) | +0.91 +0.33 +0.91 Δ +0.001 (0.4768) ΔR² -0.001 (0.4548) ΔKL +0.0006 (0.3073)
qwen25_3b  D_chord       D_doc         | +0.08 (0.2664) | +0.91 +0.39 +0.91 Δ -0.001 (0.8401) ΔR² +0.003 (0.4363) ΔKL +0.0048 (0.0945)
qwen25_3b  E_modulation  A_win40       | +0.05 (0.3783) | +0.88 +0.56 +0.88 Δ -0.000 (0.2794) ΔR² -0.013 (0.9945) ΔKL -0.0004 (0.6662)
qwen25_3b  E_modulation  B_any         | +0.04 (0.3643) | +0.88 +0.33 +0.87 Δ -0.006 (0.8786) ΔR² -0.012 (0.9530) ΔKL -0.0022 (0.8221)
qwen25_3b  E_modulation  D_doc         | +0.14 (0.2064) | +0.88 +0.46 +0.87 Δ -0.007 (0.8896) ΔR² +0.009 (0.4173) ΔKL +0.0141 (0.1104)
olmo2_7b   C_harmonic    A_win40       | +0.13 (0.2099) | +0.73 +0.60 +0.74 Δ +0.008 (0.2419) ΔR² +0.032 (0.2159) ΔKL +0.0157 (0.1334)
olmo2_7b   C_harmonic    B_any         | +0.19 (0.0475) | +0.73 +0.44 +0.73 Δ +0.003 (0.2474) ΔR² +0.016 (0.1819) ΔKL +0.0054 (0.1939)
olmo2_7b   C_harmonic    D_doc         | +0.19 (0.0920) | +0.73 +0.48 +0.77 Δ +0.038 (0.0070) ΔR² +0.037 (0.1029) ΔKL +0.0199 (0.0560)
olmo2_7b   D_chord       A_win40       | +0.16 (0.1054) | +0.79 +0.52 +0.79 Δ +0.001 (0.5237) ΔR² +0.014 (0.2569) ΔKL +0.0060 (0.2149)
olmo2_7b   D_chord       B_any         | +0.21 (0.0170) | +0.79 +0.33 +0.78 Δ -0.004 (0.8966) ΔR² +0.018 (0.1134) ΔKL +0.0071 (0.0850)
olmo2_7b   D_chord       D_doc         | +0.11 (0.1934) | +0.79 +0.39 +0.80 Δ +0.013 (0.0925) ΔR² +0.010 (0.2669) ΔKL +0.0060 (0.1734)
olmo2_7b   E_modulation  A_win40       | +0.21 (0.0955) | +0.86 +0.59 +0.88 Δ +0.021 (0.0095) ΔR² +0.053 (0.1184) ΔKL +0.0122 (0.0475)
olmo2_7b   E_modulation  B_any         | +0.12 (0.1584) | +0.86 +0.38 +0.86 Δ +0.005 (0.1944) ΔR² -0.003 (0.5642) ΔKL -0.0008 (0.6072)
olmo2_7b   E_modulation  D_doc         | +0.21 (0.0885) | +0.86 +0.46 +0.88 Δ +0.017 (0.0275) ΔR² +0.050 (0.1014) ΔKL +0.0176 (0.0090)
saved olmomix_dclm_v4
VALID /home/moloch/Documents/Research/pitch_fourier/results/phase5/v4_provenance_manifest.json
VALID results/phase5/fingerprint/olmomix_dclm_v4.json: 36 cells
VALID /home/moloch/Documents/Research/pitch_fourier/results/phase5/v4_provenance_manifest.json
== 23:04:27 fingerprint results/phase5/cond_olmomix_dclm.npz olmomix_dclm_v4 olmo2_1b,gemma2_2b,qwen25_3b,olmo2_7b C_harmonic,D_chord,E_modulation A_win40,B_any,D_doc --neutral --nperm-res=2000 --nperm-loo=2000
corpus=olmomix_dclm_v4; source counts [2, 4, 20, 18, 32, 32, 68, 285, 120, 108, 204, 64, 28, 12, 8]; view=aggregated rich=False targetprior=False templates=[0, 1, 2, 3] nperm_res=2000 nperm_loo=2000 nboot=0 jobs=20
model      family        extract       | residual r (p) | LOO theory corpus both ΔCV(p) ΔR²(p) ΔKL(p)
olmo2_1b   C_harmonic    A_win40       | +0.10 (0.2714) | +0.71 +0.37 +0.70 Δ -0.011 (0.7476) ΔR² -0.012 (0.8961) ΔKL -0.0015 (0.8956)
olmo2_1b   C_harmonic    B_any         | +0.06 (0.2874) | +0.71 +0.14 +0.70 Δ -0.004 (0.4233) ΔR² -0.003 (0.4238) ΔKL -0.0006 (0.5452)
olmo2_1b   C_harmonic    D_doc         | +0.10 (0.2654) | +0.71 +0.20 +0.67 Δ -0.036 (0.9970) ΔR² -0.000 (0.4338) ΔKL -0.0018 (0.8656)
olmo2_1b   D_chord       A_win40       | +0.03 (0.4573) | +0.93 +0.36 +0.93 Δ +0.002 (0.5172) ΔR² -0.008 (0.8671) ΔKL -0.0030 (0.8906)
olmo2_1b   D_chord       B_any         | -0.13 (0.7931) | +0.93 +0.12 +0.92 Δ -0.001 (0.6712) ΔR² -0.005 (0.5927) ΔKL +0.0001 (0.4058)
olmo2_1b   D_chord       D_doc         | -0.02 (0.5637) | +0.93 +0.25 +0.92 Δ -0.001 (0.8311) ΔR² -0.024 (0.9925) ΔKL -0.0037 (0.9075)
olmo2_1b   E_modulation  A_win40       | +0.16 (0.1519) | +0.77 +0.42 +0.77 Δ +0.003 (0.6382) ΔR² +0.004 (0.3778) ΔKL +0.0000 (0.5622)
olmo2_1b   E_modulation  B_any         | -0.08 (0.7651) | +0.77 +0.10 +0.76 Δ -0.004 (0.8601) ΔR² -0.015 (0.9195) ΔKL -0.0015 (0.9305)
olmo2_1b   E_modulation  D_doc         | +0.07 (0.3268) | +0.77 +0.28 +0.77 Δ +0.004 (0.5327) ΔR² -0.011 (0.8291) ΔKL -0.0009 (0.7716)
gemma2_2b  C_harmonic    A_win40       | +0.21 (0.1294) | +0.71 +0.37 +0.70 Δ -0.005 (0.8421) ΔR² +0.022 (0.3138) ΔKL +0.0003 (0.4558)
gemma2_2b  C_harmonic    B_any         | +0.07 (0.2749) | +0.71 +0.11 +0.70 Δ -0.012 (0.9715) ΔR² -0.011 (0.8371) ΔKL -0.0010 (0.5932)
gemma2_2b  C_harmonic    D_doc         | +0.14 (0.1934) | +0.71 +0.23 +0.70 Δ -0.006 (0.8361) ΔR² +0.006 (0.4143) ΔKL -0.0005 (0.4858)
gemma2_2b  D_chord       A_win40       | +0.10 (0.2709) | +0.89 +0.36 +0.89 Δ +0.003 (0.2659) ΔR² -0.011 (0.8706) ΔKL -0.0035 (0.9680)
gemma2_2b  D_chord       B_any         | -0.00 (0.4878) | +0.89 +0.07 +0.88 Δ -0.004 (0.8171) ΔR² -0.018 (0.9190) ΔKL -0.0023 (0.9290)
gemma2_2b  D_chord       D_doc         | +0.07 (0.3228) | +0.89 +0.24 +0.88 Δ -0.003 (0.7511) ΔR² -0.029 (0.9975) ΔKL -0.0027 (0.9055)
gemma2_2b  E_modulation  A_win40       | +0.13 (0.1429) | +0.85 +0.32 +0.84 Δ -0.007 (0.7971) ΔR² -0.003 (0.5207) ΔKL +0.0001 (0.3983)
gemma2_2b  E_modulation  B_any         | -0.05 (0.6927) | +0.85 +0.00 +0.84 Δ -0.006 (0.7771) ΔR² -0.012 (0.8426) ΔKL -0.0005 (0.6427)
gemma2_2b  E_modulation  D_doc         | +0.08 (0.2334) | +0.85 +0.20 +0.84 Δ -0.010 (0.9000) ΔR² -0.013 (0.8826) ΔKL +0.0006 (0.1979)
qwen25_3b  C_harmonic    A_win40       | +0.14 (0.1834) | +0.76 +0.40 +0.76 Δ -0.002 (0.5962) ΔR² +0.012 (0.3253) ΔKL -0.0030 (0.9845)
qwen25_3b  C_harmonic    B_any         | +0.05 (0.3448) | +0.76 +0.15 +0.76 Δ -0.001 (0.4818) ΔR² -0.009 (0.7121) ΔKL -0.0015 (0.7776)
qwen25_3b  C_harmonic    D_doc         | +0.03 (0.4193) | +0.76 +0.30 +0.77 Δ +0.005 (0.2024) ΔR² +0.005 (0.3713) ΔKL -0.0022 (0.8851)
qwen25_3b  D_chord       A_win40       | +0.17 (0.1694) | +0.82 +0.43 +0.83 Δ +0.005 (0.1444) ΔR² +0.013 (0.4333) ΔKL +0.0006 (0.2179)
qwen25_3b  D_chord       B_any         | -0.06 (0.6702) | +0.82 +0.11 +0.83 Δ +0.007 (0.0900) ΔR² -0.007 (0.6637) ΔKL -0.0017 (0.7296)
qwen25_3b  D_chord       D_doc         | +0.00 (0.4753) | +0.82 +0.20 +0.82 Δ +0.001 (0.3358) ΔR² -0.015 (0.9475) ΔKL -0.0011 (0.4968)
qwen25_3b  E_modulation  A_win40       | -0.03 (0.5697) | +0.84 +0.34 +0.84 Δ -0.001 (0.5077) ΔR² -0.015 (0.9675) ΔKL -0.0007 (0.8636)
qwen25_3b  E_modulation  B_any         | -0.04 (0.6127) | +0.84 +0.00 +0.84 Δ -0.004 (0.6992) ΔR² -0.008 (0.6362) ΔKL +0.0001 (0.2984)
qwen25_3b  E_modulation  D_doc         | -0.04 (0.6127) | +0.84 +0.23 +0.84 Δ -0.002 (0.5392) ΔR² -0.015 (0.9460) ΔKL -0.0009 (0.8476)
olmo2_7b   C_harmonic    A_win40       | +0.17 (0.1324) | +0.71 +0.52 +0.71 Δ +0.002 (0.4283) ΔR² +0.035 (0.0780) ΔKL +0.0068 (0.1424)
olmo2_7b   C_harmonic    B_any         | +0.19 (0.0410) | +0.71 +0.37 +0.71 Δ +0.001 (0.3733) ΔR² +0.018 (0.0960) ΔKL +0.0028 (0.1589)
olmo2_7b   C_harmonic    D_doc         | +0.08 (0.2494) | +0.71 +0.36 +0.72 Δ +0.018 (0.0790) ΔR² +0.017 (0.1574) ΔKL +0.0047 (0.1694)
olmo2_7b   D_chord       A_win40       | +0.08 (0.3003) | +0.66 +0.44 +0.65 Δ -0.013 (0.9330) ΔR² -0.014 (0.8906) ΔKL -0.0011 (0.6247)
olmo2_7b   D_chord       B_any         | +0.10 (0.1954) | +0.66 +0.23 +0.68 Δ +0.021 (0.0430) ΔR² -0.007 (0.5547) ΔKL +0.0025 (0.1864)
olmo2_7b   D_chord       D_doc         | +0.01 (0.4393) | +0.66 +0.26 +0.66 Δ +0.001 (0.4638) ΔR² -0.007 (0.6127) ΔKL -0.0015 (0.6092)
olmo2_7b   E_modulation  A_win40       | +0.23 (0.0205) | +0.70 +0.48 +0.72 Δ +0.020 (0.0780) ΔR² +0.031 (0.0500) ΔKL +0.0015 (0.0750)
olmo2_7b   E_modulation  B_any         | -0.02 (0.5932) | +0.70 +0.17 +0.70 Δ +0.002 (0.3533) ΔR² -0.011 (0.7956) ΔKL -0.0005 (0.6887)
olmo2_7b   E_modulation  D_doc         | +0.11 (0.1639) | +0.70 +0.29 +0.71 Δ +0.007 (0.2744) ΔR² +0.013 (0.1389) ΔKL +0.0015 (0.0685)
saved olmomix_dclm_v4_neutral
VALID /home/moloch/Documents/Research/pitch_fourier/results/phase5/v4_provenance_manifest.json
VALID results/phase5/fingerprint/olmomix_dclm_v4_neutral.json: 36 cells
VALID /home/moloch/Documents/Research/pitch_fourier/results/phase5/v4_provenance_manifest.json
== 23:07:55 fingerprint results/phase5/cond_wikipedia_thin_olmomix_dclm_v4.npz wikipedia_thin_olmomix_dclm_v4 olmo2_1b,gemma2_2b,qwen25_3b,olmo2_7b C_harmonic,D_chord,E_modulation A_win40,B_any,D_doc --nperm-res=2000 --nperm-loo=2000
corpus=wikipedia_thin_olmomix_dclm_v4; source counts [3, 10, 16, 24, 88, 53, 129, 184, 138, 146, 101, 83, 50, 6, 4]; view=spelled rich=False targetprior=False templates=[0, 1, 2, 3] nperm_res=2000 nperm_loo=2000 nboot=0 jobs=20
model      family        extract       | residual r (p) | LOO theory corpus both ΔCV(p) ΔR²(p) ΔKL(p)
olmo2_1b   C_harmonic    A_win40       | -0.05 (0.6137) | +0.88 +0.59 +0.87 Δ -0.008 (0.8956) ΔR² -0.005 (0.8576) ΔKL -0.0017 (0.8506)
olmo2_1b   C_harmonic    B_any         | -0.15 (0.8606) | +0.88 +0.41 +0.88 Δ -0.003 (0.4193) ΔR² +0.014 (0.2704) ΔKL +0.0011 (0.3603)
olmo2_1b   C_harmonic    D_doc         | -0.00 (0.5132) | +0.88 +0.36 +0.88 Δ -0.002 (0.2709) ΔR² -0.013 (0.9860) ΔKL -0.0016 (0.8121)
olmo2_1b   D_chord       A_win40       | -0.11 (0.7306) | +0.93 +0.53 +0.94 Δ +0.001 (0.4638) ΔR² +0.003 (0.6232) ΔKL -0.0025 (0.5652)
olmo2_1b   D_chord       B_any         | -0.11 (0.7626) | +0.93 +0.44 +0.93 Δ -0.002 (0.9345) ΔR² -0.011 (0.9745) ΔKL -0.0009 (0.3968)
olmo2_1b   D_chord       D_doc         | +0.07 (0.3603) | +0.93 +0.41 +0.93 Δ -0.003 (0.9715) ΔR² -0.009 (0.9610) ΔKL -0.0036 (0.6382)
olmo2_1b   E_modulation  A_win40       | +0.02 (0.4278) | +0.93 +0.68 +0.93 Δ +0.001 (0.2134) ΔR² -0.005 (0.6872) ΔKL -0.0002 (0.4718)
olmo2_1b   E_modulation  B_any         | -0.04 (0.6332) | +0.93 +0.52 +0.93 Δ -0.000 (0.4783) ΔR² -0.005 (0.6447) ΔKL -0.0004 (0.5792)
olmo2_1b   E_modulation  D_doc         | +0.09 (0.2454) | +0.93 +0.47 +0.93 Δ +0.002 (0.0930) ΔR² -0.005 (0.6532) ΔKL +0.0004 (0.2584)
gemma2_2b  C_harmonic    A_win40       | -0.12 (0.7921) | +0.89 +0.60 +0.89 Δ -0.001 (0.7406) ΔR² +0.006 (0.4533) ΔKL -0.0047 (0.8961)
gemma2_2b  C_harmonic    B_any         | -0.07 (0.6872) | +0.89 +0.44 +0.89 Δ +0.003 (0.2444) ΔR² +0.002 (0.4318) ΔKL -0.0030 (0.8096)
gemma2_2b  C_harmonic    D_doc         | -0.01 (0.5442) | +0.89 +0.40 +0.89 Δ +0.001 (0.4973) ΔR² -0.015 (0.9920) ΔKL -0.0012 (0.6307)
gemma2_2b  D_chord       A_win40       | -0.15 (0.8176) | +0.95 +0.57 +0.95 Δ -0.003 (0.8106) ΔR² +0.030 (0.2044) ΔKL -0.0032 (0.7426)
gemma2_2b  D_chord       B_any         | -0.17 (0.8941) | +0.95 +0.43 +0.96 Δ +0.001 (0.2019) ΔR² +0.025 (0.1809) ΔKL -0.0020 (0.6347)
gemma2_2b  D_chord       D_doc         | +0.06 (0.3653) | +0.95 +0.41 +0.95 Δ -0.000 (0.3878) ΔR² -0.015 (0.9945) ΔKL -0.0016 (0.5932)
gemma2_2b  E_modulation  A_win40       | -0.14 (0.8036) | +0.93 +0.66 +0.93 Δ -0.001 (0.6987) ΔR² +0.018 (0.3018) ΔKL -0.0037 (0.9370)
gemma2_2b  E_modulation  B_any         | -0.07 (0.6802) | +0.93 +0.49 +0.93 Δ +0.001 (0.2954) ΔR² +0.002 (0.4648) ΔKL -0.0027 (0.8926)
gemma2_2b  E_modulation  D_doc         | +0.06 (0.3758) | +0.93 +0.43 +0.93 Δ -0.000 (0.5417) ΔR² -0.019 (1.0000) ΔKL -0.0009 (0.6507)
qwen25_3b  C_harmonic    A_win40       | -0.21 (0.8971) | +0.89 +0.60 +0.89 Δ -0.004 (0.7606) ΔR² -0.001 (0.6327) ΔKL -0.0006 (0.5712)
qwen25_3b  C_harmonic    B_any         | -0.14 (0.8511) | +0.89 +0.49 +0.89 Δ +0.000 (0.3233) ΔR² -0.013 (0.9640) ΔKL -0.0015 (0.7531)
qwen25_3b  C_harmonic    D_doc         | +0.13 (0.2054) | +0.89 +0.45 +0.89 Δ -0.003 (0.6897) ΔR² +0.037 (0.1334) ΔKL -0.0023 (0.8596)
qwen25_3b  D_chord       A_win40       | -0.07 (0.6792) | +0.88 +0.62 +0.88 Δ +0.000 (0.6927) ΔR² -0.008 (0.8786) ΔKL -0.0009 (0.7446)
qwen25_3b  D_chord       B_any         | -0.05 (0.6402) | +0.88 +0.43 +0.88 Δ +0.001 (0.4873) ΔR² -0.006 (0.6827) ΔKL -0.0008 (0.6802)
qwen25_3b  D_chord       D_doc         | +0.04 (0.3893) | +0.88 +0.42 +0.88 Δ -0.002 (0.9070) ΔR² -0.003 (0.5902) ΔKL -0.0029 (0.9530)
qwen25_3b  E_modulation  A_win40       | -0.11 (0.7706) | +0.95 +0.66 +0.94 Δ -0.003 (0.8761) ΔR² +0.000 (0.5542) ΔKL -0.0010 (0.7206)
qwen25_3b  E_modulation  B_any         | -0.09 (0.7546) | +0.95 +0.51 +0.95 Δ +0.001 (0.3193) ΔR² -0.005 (0.6702) ΔKL -0.0010 (0.7396)
qwen25_3b  E_modulation  D_doc         | +0.03 (0.4008) | +0.95 +0.46 +0.95 Δ +0.000 (0.5407) ΔR² -0.018 (0.9980) ΔKL -0.0007 (0.6522)
olmo2_7b   C_harmonic    A_win40       | -0.37 (0.9975) | +0.78 +0.47 +0.79 Δ +0.014 (0.0765) ΔR² +0.078 (0.0175) ΔKL +0.0086 (0.1254)
olmo2_7b   C_harmonic    B_any         | -0.07 (0.7291) | +0.78 +0.42 +0.78 Δ +0.001 (0.4553) ΔR² -0.014 (0.9665) ΔKL -0.0057 (0.9555)
olmo2_7b   C_harmonic    D_doc         | -0.19 (0.9330) | +0.78 +0.39 +0.76 Δ -0.016 (0.9980) ΔR² +0.001 (0.4808) ΔKL -0.0012 (0.5907)
olmo2_7b   D_chord       A_win40       | -0.22 (0.9740) | +0.83 +0.55 +0.83 Δ +0.004 (0.3538) ΔR² +0.020 (0.0985) ΔKL -0.0025 (0.7096)
olmo2_7b   D_chord       B_any         | -0.05 (0.6727) | +0.83 +0.40 +0.83 Δ +0.001 (0.5642) ΔR² -0.011 (0.8506) ΔKL -0.0037 (0.7951)
olmo2_7b   D_chord       D_doc         | -0.18 (0.9485) | +0.83 +0.35 +0.84 Δ +0.007 (0.2639) ΔR² +0.006 (0.2659) ΔKL +0.0019 (0.2704)
olmo2_7b   E_modulation  A_win40       | -0.08 (0.7111) | +0.90 +0.66 +0.89 Δ -0.003 (0.7456) ΔR² -0.012 (0.9480) ΔKL -0.0011 (0.7916)
olmo2_7b   E_modulation  B_any         | -0.01 (0.5337) | +0.90 +0.51 +0.90 Δ +0.001 (0.2509) ΔR² -0.011 (0.8751) ΔKL -0.0010 (0.7586)
olmo2_7b   E_modulation  D_doc         | +0.11 (0.1744) | +0.90 +0.49 +0.90 Δ +0.004 (0.1264) ΔR² +0.017 (0.1599) ΔKL -0.0006 (0.6677)
saved wikipedia_thin_olmomix_dclm_v4
VALID /home/moloch/Documents/Research/pitch_fourier/results/phase5/v4_provenance_manifest.json
VALID results/phase5/fingerprint/wikipedia_thin_olmomix_dclm_v4.json: 36 cells
VALID /home/moloch/Documents/Research/pitch_fourier/results/phase5/v4_provenance_manifest.json
== 23:10:52 fingerprint results/phase5/cond_wikipedia_thin_olmomix_dclm_v4.npz wikipedia_thin_olmomix_dclm_v4 olmo2_1b,gemma2_2b,qwen25_3b,olmo2_7b C_harmonic,D_chord,E_modulation A_win40,B_any,D_doc --neutral --nperm-res=2000 --nperm-loo=2000
corpus=wikipedia_thin_olmomix_dclm_v4; source counts [3, 10, 16, 24, 88, 53, 129, 184, 138, 146, 101, 83, 50, 6, 4]; view=aggregated rich=False targetprior=False templates=[0, 1, 2, 3] nperm_res=2000 nperm_loo=2000 nboot=0 jobs=20
model      family        extract       | residual r (p) | LOO theory corpus both ΔCV(p) ΔR²(p) ΔKL(p)
olmo2_1b   C_harmonic    A_win40       | +0.11 (0.2494) | +0.71 +0.39 +0.72 Δ +0.012 (0.0910) ΔR² -0.000 (0.5002) ΔKL -0.0002 (0.6022)
olmo2_1b   C_harmonic    B_any         | -0.06 (0.6942) | +0.71 +0.13 +0.71 Δ +0.001 (0.2219) ΔR² -0.020 (0.9680) ΔKL -0.0019 (0.8851)
olmo2_1b   C_harmonic    D_doc         | -0.03 (0.5842) | +0.71 +0.20 +0.70 Δ -0.007 (0.5512) ΔR² -0.018 (0.9640) ΔKL -0.0016 (0.8576)
olmo2_1b   D_chord       A_win40       | +0.20 (0.1000) | +0.97 +0.32 +0.96 Δ -0.007 (0.8921) ΔR² +0.037 (0.1054) ΔKL -0.0011 (0.7961)
olmo2_1b   D_chord       B_any         | +0.06 (0.3508) | +0.97 +0.18 +0.97 Δ -0.002 (0.3953) ΔR² -0.007 (0.6332) ΔKL -0.0018 (0.9080)
olmo2_1b   D_chord       D_doc         | -0.04 (0.6087) | +0.97 +0.18 +0.97 Δ -0.002 (0.3628) ΔR² -0.016 (0.9405) ΔKL -0.0005 (0.5842)
olmo2_1b   E_modulation  A_win40       | +0.23 (0.0170) | +0.81 +0.48 +0.82 Δ +0.004 (0.3433) ΔR² +0.048 (0.0060) ΔKL +0.0003 (0.3158)
olmo2_1b   E_modulation  B_any         | -0.03 (0.6032) | +0.81 +0.25 +0.81 Δ +0.002 (0.5177) ΔR² -0.013 (0.8491) ΔKL -0.0012 (0.9165)
olmo2_1b   E_modulation  D_doc         | +0.23 (0.0210) | +0.81 +0.36 +0.80 Δ -0.008 (0.9725) ΔR² +0.038 (0.0140) ΔKL +0.0005 (0.2669)
gemma2_2b  C_harmonic    A_win40       | +0.15 (0.2069) | +0.78 +0.38 +0.78 Δ +0.002 (0.2474) ΔR² +0.009 (0.4483) ΔKL +0.0000 (0.4778)
gemma2_2b  C_harmonic    B_any         | +0.01 (0.5077) | +0.78 +0.17 +0.77 Δ -0.013 (0.8281) ΔR² -0.014 (0.9110) ΔKL -0.0015 (0.6812)
gemma2_2b  C_harmonic    D_doc         | +0.03 (0.4683) | +0.78 +0.23 +0.77 Δ -0.008 (0.6607) ΔR² -0.016 (0.9645) ΔKL -0.0015 (0.6577)
gemma2_2b  D_chord       A_win40       | +0.17 (0.1249) | +0.91 +0.29 +0.91 Δ +0.001 (0.4313) ΔR² +0.015 (0.2134) ΔKL -0.0007 (0.6027)
gemma2_2b  D_chord       B_any         | -0.07 (0.7286) | +0.91 +0.12 +0.90 Δ -0.001 (0.6922) ΔR² -0.014 (0.8951) ΔKL -0.0008 (0.6582)
gemma2_2b  D_chord       D_doc         | -0.07 (0.6902) | +0.91 +0.18 +0.90 Δ -0.001 (0.6822) ΔR² -0.020 (0.9870) ΔKL -0.0012 (0.7476)
gemma2_2b  E_modulation  A_win40       | +0.13 (0.1069) | +0.86 +0.43 +0.87 Δ +0.010 (0.0290) ΔR² +0.023 (0.0505) ΔKL +0.0004 (0.1819)
gemma2_2b  E_modulation  B_any         | -0.07 (0.7651) | +0.86 +0.18 +0.86 Δ +0.003 (0.2724) ΔR² -0.011 (0.8006) ΔKL -0.0007 (0.8371)
gemma2_2b  E_modulation  D_doc         | +0.06 (0.2789) | +0.86 +0.26 +0.86 Δ +0.003 (0.2994) ΔR² -0.012 (0.8826) ΔKL -0.0009 (0.9310)
qwen25_3b  C_harmonic    A_win40       | -0.00 (0.5197) | +0.84 +0.44 +0.83 Δ -0.004 (0.4318) ΔR² -0.006 (0.5042) ΔKL -0.0011 (0.6822)
qwen25_3b  C_harmonic    B_any         | -0.10 (0.8836) | +0.84 +0.25 +0.83 Δ -0.005 (0.5857) ΔR² -0.014 (0.8241) ΔKL -0.0012 (0.7301)
qwen25_3b  C_harmonic    D_doc         | +0.18 (0.0195) | +0.84 +0.27 +0.84 Δ +0.008 (0.0110) ΔR² +0.010 (0.1364) ΔKL +0.0007 (0.2034)
qwen25_3b  D_chord       A_win40       | -0.00 (0.4858) | +0.80 +0.38 +0.80 Δ -0.004 (0.7211) ΔR² -0.025 (0.9970) ΔKL -0.0021 (0.9460)
qwen25_3b  D_chord       B_any         | -0.05 (0.6302) | +0.80 +0.13 +0.80 Δ -0.001 (0.4183) ΔR² -0.005 (0.5752) ΔKL +0.0003 (0.4818)
qwen25_3b  D_chord       D_doc         | +0.04 (0.3873) | +0.80 +0.25 +0.80 Δ -0.001 (0.5157) ΔR² -0.002 (0.5192) ΔKL -0.0028 (0.9675)
qwen25_3b  E_modulation  A_win40       | +0.13 (0.0975) | +0.88 +0.40 +0.87 Δ -0.016 (0.9960) ΔR² +0.017 (0.0540) ΔKL +0.0007 (0.0675)
qwen25_3b  E_modulation  B_any         | +0.02 (0.4103) | +0.88 +0.21 +0.88 Δ -0.007 (0.8166) ΔR² -0.001 (0.2699) ΔKL -0.0011 (0.9535)
qwen25_3b  E_modulation  D_doc         | +0.03 (0.3883) | +0.88 +0.23 +0.88 Δ -0.008 (0.8346) ΔR² -0.024 (0.9970) ΔKL -0.0008 (0.8861)
olmo2_7b   C_harmonic    A_win40       | -0.32 (0.9965) | +0.71 +0.37 +0.74 Δ +0.028 (0.0235) ΔR² +0.051 (0.0315) ΔKL +0.0036 (0.1844)
olmo2_7b   C_harmonic    B_any         | -0.01 (0.5327) | +0.71 +0.25 +0.71 Δ -0.003 (0.8606) ΔR² -0.039 (0.9980) ΔKL -0.0070 (0.9985)
olmo2_7b   C_harmonic    D_doc         | -0.09 (0.7221) | +0.71 +0.25 +0.72 Δ +0.011 (0.2589) ΔR² -0.009 (0.6867) ΔKL -0.0015 (0.7096)
olmo2_7b   D_chord       A_win40       | -0.16 (0.8936) | +0.68 +0.39 +0.68 Δ +0.001 (0.5047) ΔR² +0.001 (0.3358) ΔKL -0.0038 (0.9210)
olmo2_7b   D_chord       B_any         | -0.06 (0.6877) | +0.68 +0.22 +0.68 Δ -0.001 (0.5187) ΔR² -0.013 (0.7971) ΔKL -0.0015 (0.5967)
olmo2_7b   D_chord       D_doc         | -0.13 (0.8496) | +0.68 +0.25 +0.69 Δ +0.015 (0.1709) ΔR² -0.007 (0.5872) ΔKL +0.0039 (0.2199)
olmo2_7b   E_modulation  A_win40       | +0.08 (0.2069) | +0.74 +0.46 +0.74 Δ -0.005 (0.8146) ΔR² -0.001 (0.2889) ΔKL -0.0010 (0.9590)
olmo2_7b   E_modulation  B_any         | -0.03 (0.6192) | +0.74 +0.27 +0.74 Δ +0.004 (0.2234) ΔR² -0.005 (0.4328) ΔKL -0.0008 (0.8656)
olmo2_7b   E_modulation  D_doc         | +0.18 (0.0150) | +0.74 +0.36 +0.77 Δ +0.025 (0.0010) ΔR² +0.041 (0.0050) ΔKL -0.0004 (0.5917)
saved wikipedia_thin_olmomix_dclm_v4_neutral
VALID /home/moloch/Documents/Research/pitch_fourier/results/phase5/v4_provenance_manifest.json
VALID results/phase5/fingerprint/wikipedia_thin_olmomix_dclm_v4_neutral.json: 36 cells
VALID /home/moloch/Documents/Research/pitch_fourier/results/phase5/v4_provenance_manifest.json
== 23:14:22 fingerprint results/phase5/cond_wikipedia_thin_olmomix_dclm_v4_s1.npz wikipedia_thin_olmomix_dclm_v4_s1 olmo2_1b,gemma2_2b,qwen25_3b,olmo2_7b C_harmonic,D_chord,E_modulation A_win40,B_any,D_doc --nperm-res=2000 --nperm-loo=2000
corpus=wikipedia_thin_olmomix_dclm_v4_s1; source counts [0, 4, 12, 21, 85, 63, 117, 146, 121, 165, 125, 74, 35, 8, 4]; view=spelled rich=False targetprior=False templates=[0, 1, 2, 3] nperm_res=2000 nperm_loo=2000 nboot=0 jobs=20
model      family        extract       | residual r (p) | LOO theory corpus both ΔCV(p) ΔR²(p) ΔKL(p)
olmo2_1b   C_harmonic    A_win40       | -0.03 (0.5897) | +0.86 +0.56 +0.86 Δ -0.001 (0.5997) ΔR² -0.007 (0.9260) ΔKL -0.0006 (0.7416)
olmo2_1b   C_harmonic    B_any         | -0.16 (0.8941) | +0.86 +0.32 +0.86 Δ -0.001 (0.4718) ΔR² -0.008 (0.8561) ΔKL -0.0021 (0.9230)
olmo2_1b   C_harmonic    D_doc         | +0.12 (0.2199) | +0.86 +0.56 +0.86 Δ -0.001 (0.5002) ΔR² +0.002 (0.5787) ΔKL -0.0015 (0.8116)
olmo2_1b   D_chord       A_win40       | -0.25 (0.9055) | +0.94 +0.50 +0.94 Δ +0.001 (0.4383) ΔR² +0.019 (0.4158) ΔKL -0.0030 (0.6217)
olmo2_1b   D_chord       B_any         | -0.16 (0.8596) | +0.94 +0.18 +0.94 Δ +0.002 (0.2794) ΔR² +0.010 (0.3398) ΔKL -0.0052 (0.8221)
olmo2_1b   D_chord       D_doc         | +0.07 (0.3678) | +0.94 +0.53 +0.93 Δ -0.003 (0.9020) ΔR² -0.008 (0.9510) ΔKL -0.0015 (0.5032)
olmo2_1b   E_modulation  A_win40       | +0.14 (0.1409) | +0.91 +0.67 +0.92 Δ +0.011 (0.0675) ΔR² +0.019 (0.1594) ΔKL +0.0023 (0.0670)
olmo2_1b   E_modulation  B_any         | -0.01 (0.5172) | +0.91 +0.37 +0.92 Δ +0.005 (0.2294) ΔR² -0.004 (0.5387) ΔKL -0.0005 (0.6142)
olmo2_1b   E_modulation  D_doc         | +0.11 (0.2029) | +0.91 +0.55 +0.92 Δ +0.006 (0.3213) ΔR² -0.000 (0.4693) ΔKL +0.0006 (0.2459)
gemma2_2b  C_harmonic    A_win40       | +0.03 (0.4053) | +0.87 +0.58 +0.87 Δ -0.000 (0.8466) ΔR² -0.016 (0.9965) ΔKL -0.0022 (0.8036)
gemma2_2b  C_harmonic    B_any         | -0.07 (0.6987) | +0.87 +0.26 +0.87 Δ -0.001 (0.9010) ΔR² -0.012 (0.9430) ΔKL -0.0024 (0.8216)
gemma2_2b  C_harmonic    D_doc         | +0.23 (0.0510) | +0.87 +0.55 +0.88 Δ +0.014 (0.1129) ΔR² +0.025 (0.2079) ΔKL +0.0053 (0.2744)
gemma2_2b  D_chord       A_win40       | -0.18 (0.8661) | +0.95 +0.58 +0.94 Δ -0.006 (0.9890) ΔR² +0.036 (0.1894) ΔKL -0.0079 (0.9650)
gemma2_2b  D_chord       B_any         | -0.20 (0.9445) | +0.95 +0.21 +0.95 Δ -0.001 (0.7676) ΔR² +0.035 (0.0750) ΔKL -0.0035 (0.8991)
gemma2_2b  D_chord       D_doc         | +0.12 (0.2389) | +0.95 +0.57 +0.95 Δ +0.004 (0.1904) ΔR² -0.015 (0.9905) ΔKL +0.0004 (0.2814)
gemma2_2b  E_modulation  A_win40       | -0.05 (0.6022) | +0.92 +0.69 +0.91 Δ -0.001 (0.9110) ΔR² -0.014 (0.9960) ΔKL -0.0014 (0.8166)
gemma2_2b  E_modulation  B_any         | -0.08 (0.7061) | +0.92 +0.37 +0.92 Δ -0.001 (0.8141) ΔR² -0.006 (0.7361) ΔKL -0.0021 (0.9060)
gemma2_2b  E_modulation  D_doc         | +0.24 (0.0615) | +0.92 +0.61 +0.93 Δ +0.011 (0.0875) ΔR² +0.033 (0.1659) ΔKL +0.0050 (0.1104)
qwen25_3b  C_harmonic    A_win40       | -0.10 (0.7036) | +0.87 +0.65 +0.88 Δ +0.007 (0.1474) ΔR² -0.012 (0.9895) ΔKL +0.0020 (0.3728)
qwen25_3b  C_harmonic    B_any         | -0.17 (0.9120) | +0.87 +0.28 +0.87 Δ -0.002 (0.7966) ΔR² -0.006 (0.7126) ΔKL -0.0012 (0.7211)
qwen25_3b  C_harmonic    D_doc         | +0.13 (0.2224) | +0.87 +0.57 +0.88 Δ +0.011 (0.0645) ΔR² +0.026 (0.2339) ΔKL +0.0058 (0.1939)
qwen25_3b  D_chord       A_win40       | -0.04 (0.5922) | +0.89 +0.63 +0.88 Δ -0.006 (0.8486) ΔR² -0.003 (0.6822) ΔKL +0.0023 (0.4293)
qwen25_3b  D_chord       B_any         | -0.01 (0.5182) | +0.89 +0.28 +0.88 Δ -0.007 (0.8936) ΔR² -0.013 (0.9620) ΔKL -0.0019 (0.8786)
qwen25_3b  D_chord       D_doc         | -0.05 (0.6257) | +0.89 +0.53 +0.89 Δ -0.001 (0.3363) ΔR² -0.007 (0.8656) ΔKL -0.0010 (0.7451)
qwen25_3b  E_modulation  A_win40       | -0.06 (0.6937) | +0.94 +0.67 +0.94 Δ -0.001 (0.6857) ΔR² -0.008 (0.9145) ΔKL -0.0012 (0.8206)
qwen25_3b  E_modulation  B_any         | -0.11 (0.8361) | +0.94 +0.35 +0.94 Δ +0.000 (0.5877) ΔR² -0.001 (0.4368) ΔKL -0.0007 (0.6857)
qwen25_3b  E_modulation  D_doc         | +0.13 (0.1994) | +0.94 +0.59 +0.94 Δ +0.005 (0.0620) ΔR² -0.008 (0.8826) ΔKL +0.0013 (0.2049)
olmo2_7b   C_harmonic    A_win40       | -0.08 (0.6812) | +0.76 +0.58 +0.76 Δ -0.001 (0.7456) ΔR² -0.023 (1.0000) ΔKL -0.0073 (0.9830)
olmo2_7b   C_harmonic    B_any         | -0.07 (0.7191) | +0.76 +0.29 +0.76 Δ +0.004 (0.3178) ΔR² -0.018 (0.9940) ΔKL -0.0046 (0.9280)
olmo2_7b   C_harmonic    D_doc         | +0.05 (0.3883) | +0.76 +0.53 +0.76 Δ +0.003 (0.4913) ΔR² -0.013 (0.9800) ΔKL -0.0029 (0.8181)
olmo2_7b   D_chord       A_win40       | -0.08 (0.7236) | +0.82 +0.59 +0.82 Δ +0.001 (0.4038) ΔR² -0.011 (0.8906) ΔKL -0.0008 (0.6182)
olmo2_7b   D_chord       B_any         | -0.01 (0.5177) | +0.82 +0.33 +0.82 Δ -0.004 (0.7496) ΔR² -0.013 (0.8821) ΔKL -0.0024 (0.7041)
olmo2_7b   D_chord       D_doc         | -0.04 (0.6367) | +0.82 +0.50 +0.82 Δ +0.001 (0.4478) ΔR² -0.011 (0.9360) ΔKL -0.0025 (0.7281)
olmo2_7b   E_modulation  A_win40       | +0.06 (0.3183) | +0.88 +0.67 +0.88 Δ +0.006 (0.1539) ΔR² +0.002 (0.4358) ΔKL +0.0020 (0.2059)
olmo2_7b   E_modulation  B_any         | -0.05 (0.6667) | +0.88 +0.35 +0.88 Δ +0.001 (0.4133) ΔR² -0.007 (0.7246) ΔKL -0.0008 (0.7126)
olmo2_7b   E_modulation  D_doc         | +0.15 (0.1349) | +0.88 +0.56 +0.88 Δ +0.000 (0.5487) ΔR² +0.023 (0.1474) ΔKL +0.0029 (0.1519)
saved wikipedia_thin_olmomix_dclm_v4_s1
VALID /home/moloch/Documents/Research/pitch_fourier/results/phase5/v4_provenance_manifest.json
VALID results/phase5/fingerprint/wikipedia_thin_olmomix_dclm_v4_s1.json: 36 cells
VALID /home/moloch/Documents/Research/pitch_fourier/results/phase5/v4_provenance_manifest.json
== 23:17:20 fingerprint results/phase5/cond_wikipedia_thin_olmomix_dclm_v4_s1.npz wikipedia_thin_olmomix_dclm_v4_s1 olmo2_1b,gemma2_2b,qwen25_3b,olmo2_7b C_harmonic,D_chord,E_modulation A_win40,B_any,D_doc --neutral --nperm-res=2000 --nperm-loo=2000
corpus=wikipedia_thin_olmomix_dclm_v4_s1; source counts [0, 4, 12, 21, 85, 63, 117, 146, 121, 165, 125, 74, 35, 8, 4]; view=aggregated rich=False targetprior=False templates=[0, 1, 2, 3] nperm_res=2000 nperm_loo=2000 nboot=0 jobs=20
model      family        extract       | residual r (p) | LOO theory corpus both ΔCV(p) ΔR²(p) ΔKL(p)
olmo2_1b   C_harmonic    A_win40       | +0.01 (0.4868) | +0.71 +0.38 +0.69 Δ -0.013 (0.8266) ΔR² -0.015 (0.9725) ΔKL -0.0024 (0.9785)
olmo2_1b   C_harmonic    B_any         | -0.12 (0.8146) | +0.71 +0.15 +0.70 Δ -0.005 (0.4793) ΔR² -0.017 (0.9285) ΔKL -0.0019 (0.8771)
olmo2_1b   C_harmonic    D_doc         | -0.06 (0.6422) | +0.71 +0.34 +0.68 Δ -0.026 (0.9630) ΔR² -0.014 (0.9285) ΔKL -0.0014 (0.8061)
olmo2_1b   D_chord       A_win40       | -0.09 (0.7456) | +0.96 +0.38 +0.96 Δ +0.001 (0.4023) ΔR² -0.019 (0.9625) ΔKL -0.0006 (0.6122)
olmo2_1b   D_chord       B_any         | -0.16 (0.9160) | +0.96 +0.03 +0.96 Δ +0.000 (0.6077) ΔR² -0.000 (0.2824) ΔKL -0.0004 (0.4778)
olmo2_1b   D_chord       D_doc         | -0.11 (0.8071) | +0.96 +0.30 +0.96 Δ +0.000 (0.5562) ΔR² -0.012 (0.8376) ΔKL -0.0003 (0.4673)
olmo2_1b   E_modulation  A_win40       | +0.16 (0.0995) | +0.83 +0.51 +0.82 Δ -0.013 (0.9210) ΔR² +0.007 (0.1679) ΔKL +0.0004 (0.2879)
olmo2_1b   E_modulation  B_any         | -0.14 (0.8951) | +0.83 +0.19 +0.83 Δ -0.004 (0.3603) ΔR² -0.014 (0.8761) ΔKL -0.0005 (0.5972)
olmo2_1b   E_modulation  D_doc         | -0.07 (0.7226) | +0.83 +0.30 +0.83 Δ +0.000 (0.0875) ΔR² -0.026 (0.9960) ΔKL -0.0016 (0.9860)
gemma2_2b  C_harmonic    A_win40       | +0.18 (0.1609) | +0.78 +0.43 +0.79 Δ +0.005 (0.2204) ΔR² -0.001 (0.6647) ΔKL -0.0000 (0.5847)
gemma2_2b  C_harmonic    B_any         | -0.13 (0.8286) | +0.78 +0.08 +0.77 Δ -0.007 (0.7491) ΔR² -0.011 (0.8276) ΔKL -0.0021 (0.7676)
gemma2_2b  C_harmonic    D_doc         | +0.20 (0.1424) | +0.78 +0.36 +0.78 Δ -0.004 (0.6422) ΔR² +0.027 (0.2574) ΔKL +0.0008 (0.4588)
gemma2_2b  D_chord       A_win40       | +0.18 (0.0955) | +0.89 +0.40 +0.89 Δ -0.002 (0.8311) ΔR² -0.008 (0.7966) ΔKL +0.0012 (0.1954)
gemma2_2b  D_chord       B_any         | -0.16 (0.9080) | +0.89 -0.02 +0.90 Δ +0.002 (0.2784) ΔR² -0.008 (0.6112) ΔKL -0.0018 (0.9445)
gemma2_2b  D_chord       D_doc         | +0.05 (0.3693) | +0.89 +0.34 +0.90 Δ +0.002 (0.3598) ΔR² -0.024 (0.9945) ΔKL -0.0007 (0.6272)
gemma2_2b  E_modulation  A_win40       | +0.22 (0.0220) | +0.85 +0.49 +0.84 Δ -0.010 (0.9975) ΔR² +0.027 (0.0580) ΔKL +0.0020 (0.1044)
gemma2_2b  E_modulation  B_any         | -0.11 (0.8586) | +0.85 +0.16 +0.85 Δ -0.002 (0.8646) ΔR² -0.023 (0.9830) ΔKL -0.0019 (0.9970)
gemma2_2b  E_modulation  D_doc         | +0.13 (0.1294) | +0.85 +0.36 +0.85 Δ -0.004 (0.9525) ΔR² +0.010 (0.1574) ΔKL +0.0004 (0.3313)
qwen25_3b  C_harmonic    A_win40       | +0.06 (0.2504) | +0.82 +0.56 +0.82 Δ +0.000 (0.4123) ΔR² +0.014 (0.1529) ΔKL +0.0030 (0.1364)
qwen25_3b  C_harmonic    B_any         | -0.18 (0.9760) | +0.82 +0.18 +0.81 Δ -0.002 (0.5752) ΔR² -0.005 (0.3913) ΔKL -0.0001 (0.3313)
qwen25_3b  C_harmonic    D_doc         | -0.07 (0.7366) | +0.82 +0.38 +0.81 Δ -0.008 (0.9270) ΔR² -0.014 (0.8921) ΔKL -0.0012 (0.7296)
qwen25_3b  D_chord       A_win40       | +0.10 (0.2929) | +0.80 +0.44 +0.79 Δ -0.010 (0.8986) ΔR² -0.015 (0.9775) ΔKL +0.0001 (0.6437)
qwen25_3b  D_chord       B_any         | -0.12 (0.8026) | +0.80 +0.07 +0.80 Δ -0.001 (0.4013) ΔR² -0.009 (0.7386) ΔKL -0.0024 (0.9405)
qwen25_3b  D_chord       D_doc         | -0.04 (0.5812) | +0.80 +0.30 +0.81 Δ +0.003 (0.3218) ΔR² -0.014 (0.9445) ΔKL -0.0021 (0.9275)
qwen25_3b  E_modulation  A_win40       | +0.01 (0.4903) | +0.87 +0.47 +0.88 Δ +0.012 (0.0480) ΔR² -0.010 (0.8051) ΔKL +0.0004 (0.1264)
qwen25_3b  E_modulation  B_any         | -0.15 (0.9490) | +0.87 +0.12 +0.87 Δ +0.008 (0.1449) ΔR² -0.010 (0.6832) ΔKL -0.0009 (0.8591)
qwen25_3b  E_modulation  D_doc         | -0.16 (0.9550) | +0.87 +0.30 +0.87 Δ +0.002 (0.4703) ΔR² -0.014 (0.9270) ΔKL -0.0005 (0.7011)
olmo2_7b   C_harmonic    A_win40       | -0.07 (0.6522) | +0.71 +0.49 +0.69 Δ -0.013 (0.9585) ΔR² -0.036 (0.9985) ΔKL -0.0030 (0.9640)
olmo2_7b   C_harmonic    B_any         | -0.10 (0.7911) | +0.71 +0.25 +0.71 Δ +0.007 (0.2519) ΔR² -0.006 (0.5062) ΔKL -0.0013 (0.6362)
olmo2_7b   C_harmonic    D_doc         | -0.03 (0.5692) | +0.71 +0.41 +0.70 Δ -0.005 (0.8136) ΔR² -0.019 (0.9580) ΔKL -0.0035 (0.9635)
olmo2_7b   D_chord       A_win40       | -0.09 (0.7406) | +0.68 +0.47 +0.68 Δ -0.005 (0.4353) ΔR² -0.015 (0.9020) ΔKL -0.0035 (0.9185)
olmo2_7b   D_chord       B_any         | -0.12 (0.8531) | +0.68 +0.18 +0.67 Δ -0.013 (0.7341) ΔR² -0.002 (0.3538) ΔKL +0.0013 (0.3513)
olmo2_7b   D_chord       D_doc         | -0.02 (0.5517) | +0.68 +0.38 +0.67 Δ -0.006 (0.5047) ΔR² -0.018 (0.9495) ΔKL -0.0029 (0.8246)
olmo2_7b   E_modulation  A_win40       | +0.15 (0.0935) | +0.72 +0.51 +0.72 Δ -0.003 (0.7046) ΔR² +0.018 (0.0785) ΔKL +0.0007 (0.2014)
olmo2_7b   E_modulation  B_any         | -0.20 (0.9830) | +0.72 +0.15 +0.72 Δ +0.004 (0.2369) ΔR² -0.003 (0.3823) ΔKL -0.0000 (0.3138)
olmo2_7b   E_modulation  D_doc         | -0.06 (0.6772) | +0.72 +0.35 +0.71 Δ -0.008 (0.9120) ΔR² -0.020 (0.9910) ΔKL -0.0012 (0.9700)
saved wikipedia_thin_olmomix_dclm_v4_s1_neutral
VALID /home/moloch/Documents/Research/pitch_fourier/results/phase5/v4_provenance_manifest.json
VALID results/phase5/fingerprint/wikipedia_thin_olmomix_dclm_v4_s1_neutral.json: 36 cells
VALID /home/moloch/Documents/Research/pitch_fourier/results/phase5/v4_provenance_manifest.json
== 23:20:47 fingerprint results/phase5/cond_wikipedia_thin_olmomix_dclm_v4_s2.npz wikipedia_thin_olmomix_dclm_v4_s2 olmo2_1b,gemma2_2b,qwen25_3b,olmo2_7b C_harmonic,D_chord,E_modulation A_win40,B_any,D_doc --nperm-res=2000 --nperm-loo=2000
corpus=wikipedia_thin_olmomix_dclm_v4_s2; source counts [0, 2, 11, 17, 86, 70, 122, 171, 135, 181, 101, 91, 48, 5, 5]; view=spelled rich=False targetprior=False templates=[0, 1, 2, 3] nperm_res=2000 nperm_loo=2000 nboot=0 jobs=20
model      family        extract       | residual r (p) | LOO theory corpus both ΔCV(p) ΔR²(p) ΔKL(p)
olmo2_1b   C_harmonic    A_win40       | -0.04 (0.6127) | +0.87 +0.56 +0.87 Δ +0.002 (0.6612) ΔR² -0.014 (0.9970) ΔKL -0.0027 (0.9025)
olmo2_1b   C_harmonic    B_any         | -0.24 (0.9705) | +0.87 +0.39 +0.87 Δ -0.004 (0.9825) ΔR² +0.016 (0.2369) ΔKL -0.0056 (0.9870)
olmo2_1b   C_harmonic    D_doc         | +0.09 (0.2899) | +0.87 +0.58 +0.88 Δ +0.005 (0.3978) ΔR² -0.001 (0.5997) ΔKL +0.0007 (0.4368)
olmo2_1b   D_chord       A_win40       | -0.12 (0.7461) | +0.94 +0.53 +0.94 Δ -0.002 (0.6772) ΔR² -0.006 (0.9290) ΔKL -0.0012 (0.4953)
olmo2_1b   D_chord       B_any         | -0.17 (0.8656) | +0.94 +0.39 +0.94 Δ -0.001 (0.5322) ΔR² -0.005 (0.8161) ΔKL -0.0008 (0.4188)
olmo2_1b   D_chord       D_doc         | -0.08 (0.6702) | +0.94 +0.53 +0.94 Δ -0.002 (0.5922) ΔR² -0.012 (0.9880) ΔKL -0.0003 (0.3153)
olmo2_1b   E_modulation  A_win40       | +0.08 (0.2399) | +0.93 +0.67 +0.93 Δ +0.006 (0.0100) ΔR² +0.009 (0.2934) ΔKL +0.0010 (0.0645)
olmo2_1b   E_modulation  B_any         | -0.09 (0.7756) | +0.93 +0.47 +0.92 Δ -0.001 (0.3673) ΔR² -0.008 (0.8181) ΔKL -0.0006 (0.5442)
olmo2_1b   E_modulation  D_doc         | +0.09 (0.2484) | +0.93 +0.63 +0.93 Δ +0.005 (0.0285) ΔR² +0.005 (0.3463) ΔKL +0.0011 (0.0565)
gemma2_2b  C_harmonic    A_win40       | -0.05 (0.6467) | +0.90 +0.57 +0.90 Δ +0.001 (0.4238) ΔR² -0.006 (0.7626) ΔKL -0.0012 (0.6497)
gemma2_2b  C_harmonic    B_any         | -0.04 (0.6182) | +0.90 +0.40 +0.90 Δ +0.000 (0.6357) ΔR² -0.009 (0.8891) ΔKL -0.0009 (0.6072)
gemma2_2b  C_harmonic    D_doc         | +0.10 (0.2479) | +0.90 +0.57 +0.90 Δ +0.004 (0.1839) ΔR² +0.006 (0.3723) ΔKL -0.0000 (0.4993)
gemma2_2b  D_chord       A_win40       | -0.16 (0.8501) | +0.96 +0.53 +0.95 Δ -0.003 (0.8576) ΔR² +0.025 (0.2369) ΔKL -0.0027 (0.7281)
gemma2_2b  D_chord       B_any         | -0.18 (0.8951) | +0.96 +0.42 +0.95 Δ -0.002 (0.8176) ΔR² +0.001 (0.5047) ΔKL -0.0037 (0.8431)
gemma2_2b  D_chord       D_doc         | -0.05 (0.6187) | +0.96 +0.57 +0.95 Δ -0.001 (0.5947) ΔR² -0.011 (0.9665) ΔKL -0.0004 (0.3553)
gemma2_2b  E_modulation  A_win40       | -0.04 (0.5977) | +0.93 +0.64 +0.92 Δ -0.002 (0.7116) ΔR² -0.008 (0.9255) ΔKL -0.0012 (0.7021)
gemma2_2b  E_modulation  B_any         | -0.11 (0.8001) | +0.93 +0.46 +0.93 Δ -0.000 (0.4538) ΔR² -0.006 (0.7941) ΔKL -0.0017 (0.7866)
gemma2_2b  E_modulation  D_doc         | +0.14 (0.1689) | +0.93 +0.62 +0.92 Δ -0.006 (0.9480) ΔR² +0.010 (0.3608) ΔKL +0.0048 (0.0515)
qwen25_3b  C_harmonic    A_win40       | -0.07 (0.6697) | +0.88 +0.63 +0.88 Δ +0.009 (0.0800) ΔR² -0.012 (0.9840) ΔKL +0.0006 (0.3543)
qwen25_3b  C_harmonic    B_any         | -0.26 (0.9675) | +0.88 +0.42 +0.87 Δ -0.009 (0.9975) ΔR² -0.006 (0.7916) ΔKL -0.0028 (0.8766)
qwen25_3b  C_harmonic    D_doc         | -0.13 (0.7641) | +0.88 +0.52 +0.88 Δ +0.001 (0.5112) ΔR² -0.011 (0.9560) ΔKL -0.0012 (0.6562)
qwen25_3b  D_chord       A_win40       | +0.00 (0.4888) | +0.87 +0.56 +0.86 Δ -0.006 (0.9580) ΔR² -0.010 (0.9475) ΔKL -0.0007 (0.6867)
qwen25_3b  D_chord       B_any         | +0.07 (0.2984) | +0.87 +0.47 +0.87 Δ -0.003 (0.8466) ΔR² +0.010 (0.2844) ΔKL +0.0061 (0.1894)
qwen25_3b  D_chord       D_doc         | +0.03 (0.4028) | +0.87 +0.57 +0.87 Δ +0.000 (0.5772) ΔR² -0.003 (0.6392) ΔKL +0.0009 (0.4853)
qwen25_3b  E_modulation  A_win40       | -0.08 (0.7031) | +0.95 +0.64 +0.95 Δ +0.001 (0.2699) ΔR² -0.013 (0.9830) ΔKL -0.0005 (0.4223)
qwen25_3b  E_modulation  B_any         | -0.19 (0.9375) | +0.95 +0.49 +0.94 Δ -0.003 (0.8096) ΔR² -0.005 (0.6782) ΔKL -0.0012 (0.6432)
qwen25_3b  E_modulation  D_doc         | +0.00 (0.4783) | +0.95 +0.63 +0.95 Δ +0.000 (0.3158) ΔR² -0.005 (0.7796) ΔKL +0.0009 (0.0880)
olmo2_7b   C_harmonic    A_win40       | -0.11 (0.7796) | +0.78 +0.56 +0.77 Δ -0.005 (0.8526) ΔR² -0.010 (0.9290) ΔKL -0.0045 (0.9175)
olmo2_7b   C_harmonic    B_any         | -0.07 (0.7156) | +0.78 +0.37 +0.78 Δ -0.001 (0.6167) ΔR² -0.011 (0.9085) ΔKL -0.0032 (0.8411)
olmo2_7b   C_harmonic    D_doc         | -0.05 (0.6222) | +0.78 +0.49 +0.77 Δ -0.002 (0.7146) ΔR² -0.008 (0.8381) ΔKL -0.0028 (0.7996)
olmo2_7b   D_chord       A_win40       | -0.05 (0.6792) | +0.82 +0.53 +0.82 Δ +0.001 (0.7511) ΔR² -0.006 (0.6867) ΔKL -0.0015 (0.5822)
olmo2_7b   D_chord       B_any         | +0.03 (0.4088) | +0.82 +0.45 +0.82 Δ +0.003 (0.5937) ΔR² +0.003 (0.3113) ΔKL +0.0052 (0.1624)
olmo2_7b   D_chord       D_doc         | +0.03 (0.3903) | +0.82 +0.57 +0.83 Δ +0.010 (0.2254) ΔR² +0.002 (0.3733) ΔKL -0.0010 (0.5057)
olmo2_7b   E_modulation  A_win40       | +0.10 (0.2024) | +0.89 +0.67 +0.90 Δ +0.013 (0.0105) ΔR² +0.021 (0.1654) ΔKL +0.0014 (0.1314)
olmo2_7b   E_modulation  B_any         | -0.14 (0.8776) | +0.89 +0.48 +0.89 Δ +0.003 (0.2159) ΔR² -0.007 (0.7716) ΔKL -0.0001 (0.3218)
olmo2_7b   E_modulation  D_doc         | +0.10 (0.2254) | +0.89 +0.61 +0.88 Δ -0.003 (0.7761) ΔR² +0.031 (0.1024) ΔKL +0.0005 (0.2469)
saved wikipedia_thin_olmomix_dclm_v4_s2
VALID /home/moloch/Documents/Research/pitch_fourier/results/phase5/v4_provenance_manifest.json
VALID results/phase5/fingerprint/wikipedia_thin_olmomix_dclm_v4_s2.json: 36 cells
VALID /home/moloch/Documents/Research/pitch_fourier/results/phase5/v4_provenance_manifest.json
== 23:23:50 fingerprint results/phase5/cond_wikipedia_thin_olmomix_dclm_v4_s2.npz wikipedia_thin_olmomix_dclm_v4_s2 olmo2_1b,gemma2_2b,qwen25_3b,olmo2_7b C_harmonic,D_chord,E_modulation A_win40,B_any,D_doc --neutral --nperm-res=2000 --nperm-loo=2000
corpus=wikipedia_thin_olmomix_dclm_v4_s2; source counts [0, 2, 11, 17, 86, 70, 122, 171, 135, 181, 101, 91, 48, 5, 5]; view=aggregated rich=False targetprior=False templates=[0, 1, 2, 3] nperm_res=2000 nperm_loo=2000 nboot=0 jobs=20
model      family        extract       | residual r (p) | LOO theory corpus both ΔCV(p) ΔR²(p) ΔKL(p)
olmo2_1b   C_harmonic    A_win40       | +0.04 (0.4038) | +0.70 +0.37 +0.69 Δ -0.016 (0.9250) ΔR² -0.018 (0.9815) ΔKL -0.0038 (0.9985)
olmo2_1b   C_harmonic    B_any         | -0.11 (0.7626) | +0.70 +0.17 +0.70 Δ -0.005 (0.6122) ΔR² -0.003 (0.5012) ΔKL -0.0026 (0.9640)
olmo2_1b   C_harmonic    D_doc         | +0.07 (0.3523) | +0.70 +0.40 +0.71 Δ +0.007 (0.2064) ΔR² -0.014 (0.9170) ΔKL -0.0010 (0.7196)
olmo2_1b   D_chord       A_win40       | +0.04 (0.4153) | +0.96 +0.34 +0.96 Δ +0.002 (0.0355) ΔR² +0.009 (0.3253) ΔKL -0.0007 (0.6072)
olmo2_1b   D_chord       B_any         | -0.00 (0.4938) | +0.96 +0.19 +0.96 Δ -0.002 (0.6032) ΔR² -0.014 (0.8881) ΔKL -0.0020 (0.8691)
olmo2_1b   D_chord       D_doc         | +0.01 (0.4943) | +0.96 +0.38 +0.96 Δ +0.000 (0.3273) ΔR² -0.013 (0.8951) ΔKL -0.0008 (0.6047)
olmo2_1b   E_modulation  A_win40       | +0.08 (0.2499) | +0.82 +0.48 +0.81 Δ -0.010 (0.9425) ΔR² +0.008 (0.1549) ΔKL -0.0012 (0.9305)
olmo2_1b   E_modulation  B_any         | -0.01 (0.5542) | +0.82 +0.24 +0.82 Δ -0.002 (0.6227) ΔR² -0.015 (0.9185) ΔKL -0.0013 (0.9390)
olmo2_1b   E_modulation  D_doc         | +0.19 (0.0585) | +0.82 +0.47 +0.82 Δ +0.005 (0.1039) ΔR² +0.024 (0.0510) ΔKL +0.0017 (0.0900)
gemma2_2b  C_harmonic    A_win40       | +0.06 (0.3908) | +0.80 +0.39 +0.79 Δ -0.012 (0.9455) ΔR² -0.016 (0.9710) ΔKL -0.0016 (0.7561)
gemma2_2b  C_harmonic    B_any         | +0.07 (0.3603) | +0.80 +0.20 +0.79 Δ -0.004 (0.7251) ΔR² -0.009 (0.7716) ΔKL +0.0003 (0.3998)
gemma2_2b  C_harmonic    D_doc         | +0.22 (0.0880) | +0.80 +0.42 +0.80 Δ +0.007 (0.1519) ΔR² +0.006 (0.4018) ΔKL -0.0001 (0.4853)
gemma2_2b  D_chord       A_win40       | +0.00 (0.4848) | +0.91 +0.29 +0.90 Δ -0.004 (0.8136) ΔR² -0.018 (0.9710) ΔKL -0.0010 (0.8351)
gemma2_2b  D_chord       B_any         | +0.04 (0.3628) | +0.91 +0.17 +0.90 Δ -0.002 (0.6142) ΔR² -0.008 (0.6607) ΔKL -0.0007 (0.6667)
gemma2_2b  D_chord       D_doc         | +0.07 (0.3088) | +0.91 +0.39 +0.90 Δ -0.004 (0.7766) ΔR² -0.018 (0.9715) ΔKL -0.0005 (0.5587)
gemma2_2b  E_modulation  A_win40       | +0.13 (0.0940) | +0.85 +0.43 +0.84 Δ -0.015 (0.9995) ΔR² +0.012 (0.1074) ΔKL +0.0011 (0.1114)
gemma2_2b  E_modulation  B_any         | +0.10 (0.1374) | +0.85 +0.20 +0.86 Δ +0.004 (0.0955) ΔR² -0.010 (0.7901) ΔKL +0.0000 (0.3243)
gemma2_2b  E_modulation  D_doc         | +0.20 (0.0225) | +0.85 +0.42 +0.86 Δ +0.013 (0.0110) ΔR² +0.027 (0.0325) ΔKL +0.0021 (0.0475)
qwen25_3b  C_harmonic    A_win40       | -0.02 (0.5957) | +0.82 +0.49 +0.82 Δ -0.002 (0.5642) ΔR² +0.005 (0.1519) ΔKL +0.0004 (0.2174)
qwen25_3b  C_harmonic    B_any         | -0.10 (0.8741) | +0.82 +0.27 +0.82 Δ -0.001 (0.3753) ΔR² -0.013 (0.7756) ΔKL -0.0013 (0.7061)
qwen25_3b  C_harmonic    D_doc         | -0.02 (0.5922) | +0.82 +0.38 +0.82 Δ +0.001 (0.2649) ΔR² -0.010 (0.7141) ΔKL -0.0006 (0.5027)
qwen25_3b  D_chord       A_win40       | +0.06 (0.3583) | +0.78 +0.33 +0.78 Δ -0.004 (0.7871) ΔR² -0.005 (0.7101) ΔKL -0.0012 (0.7976)
qwen25_3b  D_chord       B_any         | +0.11 (0.2459) | +0.78 +0.22 +0.76 Δ -0.020 (0.9940) ΔR² -0.004 (0.6077) ΔKL +0.0013 (0.4213)
qwen25_3b  D_chord       D_doc         | +0.12 (0.2499) | +0.78 +0.41 +0.78 Δ +0.001 (0.5617) ΔR² -0.008 (0.7921) ΔKL -0.0008 (0.7186)
qwen25_3b  E_modulation  A_win40       | -0.01 (0.5652) | +0.87 +0.40 +0.86 Δ -0.011 (0.9815) ΔR² -0.009 (0.7476) ΔKL -0.0016 (0.9905)
qwen25_3b  E_modulation  B_any         | -0.00 (0.5392) | +0.87 +0.22 +0.86 Δ -0.006 (0.9020) ΔR² -0.017 (0.9515) ΔKL -0.0005 (0.6447)
qwen25_3b  E_modulation  D_doc         | +0.12 (0.1289) | +0.87 +0.42 +0.87 Δ +0.002 (0.2664) ΔR² -0.011 (0.8671) ΔKL +0.0010 (0.0540)
olmo2_7b   C_harmonic    A_win40       | -0.00 (0.4733) | +0.71 +0.47 +0.71 Δ -0.005 (0.6542) ΔR² -0.025 (0.9890) ΔKL -0.0049 (0.9960)
olmo2_7b   C_harmonic    B_any         | -0.05 (0.6412) | +0.71 +0.30 +0.71 Δ -0.007 (0.7176) ΔR² -0.004 (0.4518) ΔKL -0.0008 (0.5577)
olmo2_7b   C_harmonic    D_doc         | -0.15 (0.8551) | +0.71 +0.33 +0.72 Δ +0.004 (0.2619) ΔR² -0.006 (0.5722) ΔKL -0.0029 (0.9040)
olmo2_7b   D_chord       A_win40       | -0.10 (0.7671) | +0.68 +0.42 +0.67 Δ -0.008 (0.6632) ΔR² -0.014 (0.8761) ΔKL -0.0023 (0.8096)
olmo2_7b   D_chord       B_any         | +0.02 (0.4513) | +0.68 +0.29 +0.65 Δ -0.024 (0.9700) ΔR² -0.005 (0.4848) ΔKL -0.0002 (0.4883)
olmo2_7b   D_chord       D_doc         | +0.03 (0.4158) | +0.68 +0.43 +0.66 Δ -0.016 (0.9235) ΔR² -0.017 (0.9380) ΔKL -0.0027 (0.7806)
olmo2_7b   E_modulation  A_win40       | +0.17 (0.0400) | +0.73 +0.50 +0.73 Δ -0.004 (0.7011) ΔR² +0.047 (0.0050) ΔKL +0.0005 (0.1494)
olmo2_7b   E_modulation  B_any         | -0.03 (0.6007) | +0.73 +0.28 +0.72 Δ -0.004 (0.7146) ΔR² -0.011 (0.8016) ΔKL -0.0008 (0.8361)
olmo2_7b   E_modulation  D_doc         | +0.13 (0.0990) | +0.73 +0.43 +0.72 Δ -0.008 (0.8921) ΔR² +0.008 (0.1439) ΔKL +0.0003 (0.2389)
saved wikipedia_thin_olmomix_dclm_v4_s2_neutral
VALID /home/moloch/Documents/Research/pitch_fourier/results/phase5/v4_provenance_manifest.json
VALID results/phase5/fingerprint/wikipedia_thin_olmomix_dclm_v4_s2_neutral.json: 36 cells
VALID /home/moloch/Documents/Research/pitch_fourier/results/phase5/v4_provenance_manifest.json
== 23:27:28 fingerprint results/phase5/cond_wikipedia_thin_olmomix_dclm_v4_s3.npz wikipedia_thin_olmomix_dclm_v4_s3 olmo2_1b,gemma2_2b,qwen25_3b,olmo2_7b C_harmonic,D_chord,E_modulation A_win40,B_any,D_doc --nperm-res=2000 --nperm-loo=2000
corpus=wikipedia_thin_olmomix_dclm_v4_s3; source counts [1, 5, 15, 21, 74, 72, 116, 163, 123, 154, 117, 79, 47, 10, 2]; view=spelled rich=False targetprior=False templates=[0, 1, 2, 3] nperm_res=2000 nperm_loo=2000 nboot=0 jobs=20
model      family        extract       | residual r (p) | LOO theory corpus both ΔCV(p) ΔR²(p) ΔKL(p)
olmo2_1b   C_harmonic    A_win40       | -0.02 (0.5222) | +0.86 +0.53 +0.86 Δ -0.001 (0.7856) ΔR² -0.010 (0.9810) ΔKL -0.0015 (0.8611)
olmo2_1b   C_harmonic    B_any         | -0.13 (0.8321) | +0.86 +0.38 +0.86 Δ -0.004 (0.9485) ΔR² -0.009 (0.9260) ΔKL -0.0030 (0.9500)
olmo2_1b   C_harmonic    D_doc         | -0.05 (0.6092) | +0.86 +0.49 +0.86 Δ -0.002 (0.7986) ΔR² -0.005 (0.7661) ΔKL -0.0006 (0.6402)
olmo2_1b   D_chord       A_win40       | -0.24 (0.9170) | +0.94 +0.56 +0.94 Δ +0.004 (0.5272) ΔR² +0.019 (0.3688) ΔKL -0.0022 (0.5942)
olmo2_1b   D_chord       B_any         | -0.10 (0.7356) | +0.94 +0.43 +0.94 Δ +0.003 (0.5602) ΔR² -0.010 (0.9585) ΔKL -0.0000 (0.2479)
olmo2_1b   D_chord       D_doc         | -0.15 (0.8211) | +0.94 +0.46 +0.94 Δ +0.007 (0.3288) ΔR² +0.008 (0.4728) ΔKL -0.0001 (0.2654)
olmo2_1b   E_modulation  A_win40       | +0.24 (0.0600) | +0.92 +0.61 +0.93 Δ +0.008 (0.0545) ΔR² +0.029 (0.1974) ΔKL +0.0006 (0.1624)
olmo2_1b   E_modulation  B_any         | +0.00 (0.4873) | +0.92 +0.43 +0.92 Δ -0.001 (0.8076) ΔR² -0.004 (0.6327) ΔKL -0.0003 (0.4213)
olmo2_1b   E_modulation  D_doc         | -0.01 (0.5337) | +0.92 +0.54 +0.92 Δ +0.004 (0.1484) ΔR² -0.005 (0.7556) ΔKL -0.0006 (0.5077)
gemma2_2b  C_harmonic    A_win40       | +0.00 (0.5052) | +0.88 +0.56 +0.88 Δ +0.002 (0.5622) ΔR² -0.014 (0.9940) ΔKL -0.0031 (0.7701)
gemma2_2b  C_harmonic    B_any         | +0.04 (0.3933) | +0.88 +0.41 +0.88 Δ -0.001 (0.8391) ΔR² -0.011 (0.9605) ΔKL -0.0029 (0.7766)
gemma2_2b  C_harmonic    D_doc         | -0.07 (0.6682) | +0.88 +0.49 +0.88 Δ +0.001 (0.7416) ΔR² -0.012 (0.9730) ΔKL -0.0012 (0.5827)
gemma2_2b  D_chord       A_win40       | -0.26 (0.9750) | +0.95 +0.59 +0.95 Δ -0.001 (0.7036) ΔR² +0.064 (0.0305) ΔKL -0.0039 (0.8846)
gemma2_2b  D_chord       B_any         | -0.06 (0.6837) | +0.95 +0.43 +0.95 Δ -0.000 (0.5327) ΔR² -0.014 (0.9615) ΔKL -0.0025 (0.8171)
gemma2_2b  D_chord       D_doc         | -0.20 (0.9395) | +0.95 +0.48 +0.96 Δ +0.005 (0.0565) ΔR² +0.035 (0.1154) ΔKL +0.0021 (0.0730)
gemma2_2b  E_modulation  A_win40       | +0.01 (0.4798) | +0.92 +0.60 +0.92 Δ +0.001 (0.4553) ΔR² -0.007 (0.9560) ΔKL -0.0009 (0.5657)
gemma2_2b  E_modulation  B_any         | -0.00 (0.5057) | +0.92 +0.46 +0.92 Δ +0.001 (0.4903) ΔR² -0.007 (0.8901) ΔKL -0.0008 (0.5272)
gemma2_2b  E_modulation  D_doc         | -0.03 (0.5592) | +0.92 +0.51 +0.92 Δ +0.000 (0.5322) ΔR² -0.010 (0.9755) ΔKL -0.0012 (0.5842)
qwen25_3b  C_harmonic    A_win40       | -0.26 (0.9445) | +0.88 +0.55 +0.88 Δ -0.001 (0.7746) ΔR² -0.012 (0.9700) ΔKL -0.0030 (0.9530)
qwen25_3b  C_harmonic    B_any         | -0.09 (0.7411) | +0.88 +0.48 +0.89 Δ +0.008 (0.1339) ΔR² -0.012 (0.9570) ΔKL -0.0010 (0.7376)
qwen25_3b  C_harmonic    D_doc         | -0.10 (0.7551) | +0.88 +0.53 +0.88 Δ +0.001 (0.6507) ΔR² -0.013 (0.9740) ΔKL -0.0014 (0.8216)
qwen25_3b  D_chord       A_win40       | -0.03 (0.5527) | +0.89 +0.59 +0.88 Δ -0.005 (0.9265) ΔR² -0.012 (0.9840) ΔKL -0.0008 (0.7011)
qwen25_3b  D_chord       B_any         | +0.14 (0.1704) | +0.89 +0.44 +0.89 Δ +0.000 (0.5082) ΔR² +0.013 (0.2269) ΔKL +0.0071 (0.1104)
qwen25_3b  D_chord       D_doc         | -0.14 (0.8276) | +0.89 +0.49 +0.88 Δ -0.003 (0.7846) ΔR² -0.001 (0.5402) ΔKL +0.0007 (0.4828)
qwen25_3b  E_modulation  A_win40       | -0.10 (0.7796) | +0.94 +0.60 +0.94 Δ -0.001 (0.6502) ΔR² -0.004 (0.6787) ΔKL -0.0007 (0.6947)
qwen25_3b  E_modulation  B_any         | -0.03 (0.5987) | +0.94 +0.48 +0.94 Δ -0.000 (0.5202) ΔR² -0.016 (0.9880) ΔKL -0.0009 (0.7476)
qwen25_3b  E_modulation  D_doc         | -0.16 (0.9140) | +0.94 +0.55 +0.94 Δ +0.003 (0.1224) ΔR² +0.023 (0.1149) ΔKL -0.0000 (0.3708)
olmo2_7b   C_harmonic    A_win40       | -0.18 (0.8766) | +0.77 +0.44 +0.77 Δ +0.003 (0.3648) ΔR² +0.007 (0.4103) ΔKL -0.0049 (0.9080)
olmo2_7b   C_harmonic    B_any         | -0.04 (0.6032) | +0.77 +0.44 +0.77 Δ -0.004 (0.7821) ΔR² -0.020 (0.9985) ΔKL -0.0049 (0.9125)
olmo2_7b   C_harmonic    D_doc         | +0.02 (0.4488) | +0.77 +0.49 +0.76 Δ -0.006 (0.8741) ΔR² -0.001 (0.5657) ΔKL -0.0030 (0.7921)
olmo2_7b   D_chord       A_win40       | -0.13 (0.8661) | +0.82 +0.51 +0.82 Δ +0.005 (0.3498) ΔR² -0.000 (0.4753) ΔKL +0.0001 (0.4763)
olmo2_7b   D_chord       B_any         | +0.01 (0.4418) | +0.82 +0.39 +0.82 Δ +0.000 (0.6532) ΔR² -0.005 (0.5882) ΔKL +0.0004 (0.3938)
olmo2_7b   D_chord       D_doc         | -0.00 (0.4873) | +0.82 +0.51 +0.82 Δ +0.005 (0.3603) ΔR² -0.006 (0.7376) ΔKL -0.0059 (0.8876)
olmo2_7b   E_modulation  A_win40       | +0.02 (0.4318) | +0.88 +0.61 +0.88 Δ +0.001 (0.3758) ΔR² -0.002 (0.5627) ΔKL -0.0005 (0.6112)
olmo2_7b   E_modulation  B_any         | -0.02 (0.5622) | +0.88 +0.48 +0.89 Δ +0.010 (0.0165) ΔR² -0.006 (0.7041) ΔKL +0.0007 (0.2204)
olmo2_7b   E_modulation  D_doc         | -0.02 (0.5472) | +0.88 +0.53 +0.88 Δ -0.002 (0.6637) ΔR² -0.006 (0.7291) ΔKL -0.0018 (0.9195)
saved wikipedia_thin_olmomix_dclm_v4_s3
VALID /home/moloch/Documents/Research/pitch_fourier/results/phase5/v4_provenance_manifest.json
VALID results/phase5/fingerprint/wikipedia_thin_olmomix_dclm_v4_s3.json: 36 cells
VALID /home/moloch/Documents/Research/pitch_fourier/results/phase5/v4_provenance_manifest.json
== 23:30:37 fingerprint results/phase5/cond_wikipedia_thin_olmomix_dclm_v4_s3.npz wikipedia_thin_olmomix_dclm_v4_s3 olmo2_1b,gemma2_2b,qwen25_3b,olmo2_7b C_harmonic,D_chord,E_modulation A_win40,B_any,D_doc --neutral --nperm-res=2000 --nperm-loo=2000
corpus=wikipedia_thin_olmomix_dclm_v4_s3; source counts [1, 5, 15, 21, 74, 72, 116, 163, 123, 154, 117, 79, 47, 10, 2]; view=aggregated rich=False targetprior=False templates=[0, 1, 2, 3] nperm_res=2000 nperm_loo=2000 nboot=0 jobs=20
model      family        extract       | residual r (p) | LOO theory corpus both ΔCV(p) ΔR²(p) ΔKL(p)
olmo2_1b   C_harmonic    A_win40       | -0.03 (0.5562) | +0.71 +0.28 +0.70 Δ -0.012 (0.7071) ΔR² -0.012 (0.9295) ΔKL -0.0017 (0.9120)
olmo2_1b   C_harmonic    B_any         | -0.13 (0.8151) | +0.71 +0.19 +0.70 Δ -0.007 (0.4978) ΔR² -0.018 (0.9645) ΔKL -0.0019 (0.9035)
olmo2_1b   C_harmonic    D_doc         | -0.09 (0.7191) | +0.71 +0.26 +0.70 Δ -0.013 (0.7206) ΔR² -0.004 (0.5502) ΔKL +0.0018 (0.3503)
olmo2_1b   D_chord       A_win40       | -0.00 (0.5097) | +0.97 +0.34 +0.96 Δ -0.004 (0.7451) ΔR² -0.001 (0.4533) ΔKL +0.0001 (0.3758)
olmo2_1b   D_chord       B_any         | -0.14 (0.8661) | +0.97 +0.22 +0.97 Δ +0.000 (0.2509) ΔR² -0.011 (0.7386) ΔKL -0.0004 (0.4913)
olmo2_1b   D_chord       D_doc         | -0.10 (0.7556) | +0.97 +0.28 +0.97 Δ -0.002 (0.4613) ΔR² -0.009 (0.6772) ΔKL +0.0000 (0.3513)
olmo2_1b   E_modulation  A_win40       | +0.17 (0.0975) | +0.83 +0.35 +0.82 Δ -0.004 (0.7036) ΔR² +0.022 (0.0580) ΔKL +0.0005 (0.2679)
olmo2_1b   E_modulation  B_any         | -0.02 (0.5697) | +0.83 +0.25 +0.83 Δ +0.003 (0.1409) ΔR² -0.017 (0.9410) ΔKL -0.0012 (0.9085)
olmo2_1b   E_modulation  D_doc         | -0.03 (0.6312) | +0.83 +0.36 +0.83 Δ +0.002 (0.1989) ΔR² -0.010 (0.7781) ΔKL -0.0005 (0.6132)
gemma2_2b  C_harmonic    A_win40       | +0.02 (0.4848) | +0.80 +0.30 +0.79 Δ -0.005 (0.8986) ΔR² -0.024 (0.9955) ΔKL -0.0017 (0.8041)
gemma2_2b  C_harmonic    B_any         | +0.03 (0.4308) | +0.80 +0.22 +0.80 Δ -0.000 (0.5662) ΔR² -0.014 (0.9180) ΔKL -0.0006 (0.5087)
gemma2_2b  C_harmonic    D_doc         | -0.05 (0.6447) | +0.80 +0.30 +0.80 Δ +0.004 (0.3663) ΔR² -0.009 (0.8276) ΔKL -0.0003 (0.4888)
gemma2_2b  D_chord       A_win40       | -0.04 (0.6147) | +0.90 +0.30 +0.90 Δ -0.002 (0.8231) ΔR² -0.022 (0.9890) ΔKL -0.0011 (0.9180)
gemma2_2b  D_chord       B_any         | -0.00 (0.5257) | +0.90 +0.21 +0.90 Δ -0.002 (0.8901) ΔR² -0.008 (0.6017) ΔKL -0.0003 (0.4893)
gemma2_2b  D_chord       D_doc         | -0.20 (0.9575) | +0.90 +0.24 +0.91 Δ +0.005 (0.2059) ΔR² +0.023 (0.0690) ΔKL +0.0018 (0.0910)
gemma2_2b  E_modulation  A_win40       | +0.08 (0.2039) | +0.86 +0.30 +0.87 Δ +0.008 (0.0255) ΔR² +0.001 (0.2839) ΔKL +0.0005 (0.2039)
gemma2_2b  E_modulation  B_any         | +0.11 (0.1254) | +0.86 +0.24 +0.87 Δ +0.009 (0.0110) ΔR² +0.004 (0.1899) ΔKL +0.0008 (0.1169)
gemma2_2b  E_modulation  D_doc         | -0.14 (0.9225) | +0.86 +0.31 +0.85 Δ -0.008 (0.9675) ΔR² -0.001 (0.3268) ΔKL +0.0001 (0.3213)
qwen25_3b  C_harmonic    A_win40       | -0.07 (0.7451) | +0.82 +0.36 +0.82 Δ -0.000 (0.5417) ΔR² -0.010 (0.7611) ΔKL +0.0002 (0.3158)
qwen25_3b  C_harmonic    B_any         | -0.07 (0.7901) | +0.82 +0.30 +0.81 Δ -0.004 (0.8536) ΔR² -0.013 (0.8066) ΔKL -0.0012 (0.7006)
qwen25_3b  C_harmonic    D_doc         | -0.06 (0.7416) | +0.82 +0.36 +0.82 Δ -0.001 (0.5922) ΔR² -0.012 (0.8006) ΔKL -0.0014 (0.8041)
qwen25_3b  D_chord       A_win40       | -0.14 (0.7766) | +0.82 +0.30 +0.82 Δ -0.004 (0.4343) ΔR² -0.001 (0.5747) ΔKL +0.0005 (0.5647)
qwen25_3b  D_chord       B_any         | +0.04 (0.3823) | +0.82 +0.22 +0.82 Δ +0.001 (0.1439) ΔR² -0.013 (0.8951) ΔKL -0.0007 (0.7176)
qwen25_3b  D_chord       D_doc         | -0.11 (0.7286) | +0.82 +0.27 +0.80 Δ -0.015 (0.9070) ΔR² -0.007 (0.6882) ΔKL +0.0005 (0.5047)
qwen25_3b  E_modulation  A_win40       | -0.02 (0.5887) | +0.88 +0.31 +0.88 Δ +0.004 (0.0765) ΔR² -0.007 (0.6252) ΔKL +0.0003 (0.1184)
qwen25_3b  E_modulation  B_any         | -0.11 (0.8846) | +0.88 +0.21 +0.88 Δ +0.000 (0.4428) ΔR² -0.006 (0.5277) ΔKL -0.0003 (0.3838)
qwen25_3b  E_modulation  D_doc         | -0.18 (0.9845) | +0.88 +0.32 +0.88 Δ +0.002 (0.1369) ΔR² +0.017 (0.0590) ΔKL +0.0002 (0.1519)
olmo2_7b   C_harmonic    A_win40       | -0.20 (0.9205) | +0.71 +0.31 +0.70 Δ -0.003 (0.7506) ΔR² +0.002 (0.4213) ΔKL -0.0027 (0.9330)
olmo2_7b   C_harmonic    B_any         | -0.14 (0.8476) | +0.71 +0.33 +0.71 Δ +0.001 (0.5942) ΔR² -0.008 (0.6122) ΔKL -0.0026 (0.8771)
olmo2_7b   C_harmonic    D_doc         | -0.13 (0.8416) | +0.71 +0.38 +0.69 Δ -0.011 (0.9540) ΔR² -0.014 (0.8901) ΔKL -0.0022 (0.8301)
olmo2_7b   D_chord       A_win40       | -0.24 (0.9605) | +0.68 +0.31 +0.67 Δ -0.008 (0.7671) ΔR² +0.029 (0.1054) ΔKL -0.0003 (0.5762)
olmo2_7b   D_chord       B_any         | -0.11 (0.8176) | +0.68 +0.27 +0.68 Δ -0.001 (0.4543) ΔR² -0.012 (0.7826) ΔKL -0.0015 (0.6147)
olmo2_7b   D_chord       D_doc         | -0.11 (0.7716) | +0.68 +0.37 +0.68 Δ -0.002 (0.5752) ΔR² -0.005 (0.5037) ΔKL +0.0020 (0.3373)
olmo2_7b   E_modulation  A_win40       | -0.03 (0.6347) | +0.73 +0.37 +0.73 Δ -0.002 (0.5802) ΔR² -0.003 (0.3973) ΔKL -0.0001 (0.3893)
olmo2_7b   E_modulation  B_any         | +0.03 (0.3768) | +0.73 +0.29 +0.73 Δ -0.002 (0.5647) ΔR² -0.011 (0.7986) ΔKL -0.0008 (0.8516)
olmo2_7b   E_modulation  D_doc         | -0.15 (0.9560) | +0.73 +0.32 +0.72 Δ -0.013 (0.9720) ΔR² +0.003 (0.2119) ΔKL +0.0008 (0.1114)
saved wikipedia_thin_olmomix_dclm_v4_s3_neutral
VALID /home/moloch/Documents/Research/pitch_fourier/results/phase5/v4_provenance_manifest.json
VALID results/phase5/fingerprint/wikipedia_thin_olmomix_dclm_v4_s3_neutral.json: 36 cells
VALID /home/moloch/Documents/Research/pitch_fourier/results/phase5/v4_provenance_manifest.json
== 23:34:24 fingerprint results/phase5/cond_wikipedia_thin_olmomix_dclm_v4_s4.npz wikipedia_thin_olmomix_dclm_v4_s4 olmo2_1b,gemma2_2b,qwen25_3b,olmo2_7b C_harmonic,D_chord,E_modulation A_win40,B_any,D_doc --nperm-res=2000 --nperm-loo=2000
corpus=wikipedia_thin_olmomix_dclm_v4_s4; source counts [1, 6, 11, 21, 77, 82, 104, 199, 148, 145, 109, 89, 31, 6, 1]; view=spelled rich=False targetprior=False templates=[0, 1, 2, 3] nperm_res=2000 nperm_loo=2000 nboot=0 jobs=20
model      family        extract       | residual r (p) | LOO theory corpus both ΔCV(p) ΔR²(p) ΔKL(p)
olmo2_1b   C_harmonic    A_win40       | -0.07 (0.6612) | +0.87 +0.56 +0.86 Δ -0.003 (0.8761) ΔR² -0.008 (0.9475) ΔKL -0.0032 (0.9610)
olmo2_1b   C_harmonic    B_any         | -0.00 (0.5117) | +0.87 +0.51 +0.86 Δ -0.001 (0.7021) ΔR² -0.011 (0.9585) ΔKL -0.0013 (0.8071)
olmo2_1b   C_harmonic    D_doc         | +0.08 (0.3013) | +0.87 +0.52 +0.86 Δ -0.004 (0.9280) ΔR² -0.013 (0.9805) ΔKL -0.0024 (0.9140)
olmo2_1b   D_chord       A_win40       | -0.05 (0.6027) | +0.94 +0.53 +0.94 Δ +0.001 (0.4228) ΔR² -0.006 (0.9305) ΔKL +0.0014 (0.0785)
olmo2_1b   D_chord       B_any         | -0.07 (0.6677) | +0.94 +0.43 +0.94 Δ +0.000 (0.4923) ΔR² -0.011 (0.9700) ΔKL -0.0008 (0.3863)
olmo2_1b   D_chord       D_doc         | +0.02 (0.4513) | +0.94 +0.56 +0.94 Δ +0.001 (0.3583) ΔR² -0.010 (0.9760) ΔKL -0.0005 (0.3518)
olmo2_1b   E_modulation  A_win40       | +0.12 (0.2209) | +0.92 +0.62 +0.92 Δ +0.003 (0.2929) ΔR² +0.018 (0.2619) ΔKL +0.0011 (0.1549)
olmo2_1b   E_modulation  B_any         | +0.02 (0.4368) | +0.92 +0.54 +0.92 Δ +0.001 (0.4798) ΔR² -0.008 (0.8231) ΔKL -0.0002 (0.3958)
olmo2_1b   E_modulation  D_doc         | +0.09 (0.2839) | +0.92 +0.59 +0.92 Δ +0.002 (0.4268) ΔR² +0.000 (0.5372) ΔKL +0.0003 (0.2809)
gemma2_2b  C_harmonic    A_win40       | -0.02 (0.5402) | +0.89 +0.54 +0.88 Δ -0.002 (0.7286) ΔR² -0.003 (0.7396) ΔKL -0.0047 (0.8436)
gemma2_2b  C_harmonic    B_any         | +0.02 (0.4298) | +0.89 +0.50 +0.88 Δ -0.003 (0.8096) ΔR² -0.005 (0.7326) ΔKL -0.0020 (0.7076)
gemma2_2b  C_harmonic    D_doc         | +0.08 (0.3043) | +0.89 +0.52 +0.88 Δ -0.003 (0.8381) ΔR² -0.011 (0.9805) ΔKL -0.0021 (0.6942)
gemma2_2b  D_chord       A_win40       | -0.28 (0.9815) | +0.95 +0.54 +0.95 Δ -0.002 (0.8031) ΔR² +0.062 (0.0600) ΔKL -0.0047 (0.8366)
gemma2_2b  D_chord       B_any         | -0.08 (0.7126) | +0.95 +0.47 +0.95 Δ +0.001 (0.2124) ΔR² +0.009 (0.3793) ΔKL -0.0042 (0.8741)
gemma2_2b  D_chord       D_doc         | +0.03 (0.4338) | +0.95 +0.54 +0.95 Δ -0.001 (0.7321) ΔR² -0.019 (0.9975) ΔKL +0.0001 (0.2714)
gemma2_2b  E_modulation  A_win40       | -0.11 (0.7346) | +0.92 +0.62 +0.91 Δ -0.006 (0.9000) ΔR² +0.002 (0.6287) ΔKL -0.0040 (0.8491)
gemma2_2b  E_modulation  B_any         | -0.01 (0.5217) | +0.92 +0.55 +0.91 Δ -0.006 (0.9145) ΔR² -0.003 (0.6967) ΔKL -0.0010 (0.5692)
gemma2_2b  E_modulation  D_doc         | +0.15 (0.2074) | +0.92 +0.57 +0.92 Δ +0.004 (0.1379) ΔR² +0.002 (0.5907) ΔKL +0.0028 (0.0720)
qwen25_3b  C_harmonic    A_win40       | -0.03 (0.5732) | +0.87 +0.64 +0.89 Δ +0.012 (0.0500) ΔR² -0.002 (0.6632) ΔKL +0.0060 (0.1669)
qwen25_3b  C_harmonic    B_any         | -0.06 (0.6712) | +0.87 +0.53 +0.88 Δ +0.002 (0.3093) ΔR² -0.002 (0.5707) ΔKL +0.0005 (0.4133)
qwen25_3b  C_harmonic    D_doc         | +0.08 (0.3018) | +0.87 +0.56 +0.88 Δ +0.008 (0.1334) ΔR² +0.008 (0.4238) ΔKL +0.0011 (0.4168)
qwen25_3b  D_chord       A_win40       | -0.02 (0.5722) | +0.89 +0.59 +0.89 Δ -0.003 (0.8116) ΔR² -0.006 (0.7996) ΔKL -0.0000 (0.5547)
qwen25_3b  D_chord       B_any         | +0.10 (0.2109) | +0.89 +0.52 +0.88 Δ -0.006 (0.9650) ΔR² +0.007 (0.2854) ΔKL +0.0019 (0.2914)
qwen25_3b  D_chord       D_doc         | -0.05 (0.6362) | +0.89 +0.54 +0.89 Δ -0.001 (0.5967) ΔR² -0.020 (0.9990) ΔKL -0.0010 (0.7036)
qwen25_3b  E_modulation  A_win40       | -0.14 (0.8321) | +0.94 +0.62 +0.94 Δ -0.001 (0.7891) ΔR² +0.003 (0.4313) ΔKL -0.0011 (0.8896)
qwen25_3b  E_modulation  B_any         | -0.09 (0.7716) | +0.94 +0.55 +0.94 Δ +0.000 (0.5562) ΔR² +0.002 (0.3928) ΔKL -0.0007 (0.7786)
qwen25_3b  E_modulation  D_doc         | -0.02 (0.5727) | +0.94 +0.58 +0.94 Δ +0.001 (0.3973) ΔR² -0.021 (0.9995) ΔKL -0.0002 (0.4973)
olmo2_7b   C_harmonic    A_win40       | -0.18 (0.8801) | +0.77 +0.51 +0.77 Δ -0.006 (0.8896) ΔR² -0.006 (0.8101) ΔKL -0.0044 (0.8896)
olmo2_7b   C_harmonic    B_any         | +0.04 (0.3573) | +0.77 +0.49 +0.77 Δ +0.002 (0.4148) ΔR² -0.008 (0.8376) ΔKL -0.0031 (0.7986)
olmo2_7b   C_harmonic    D_doc         | -0.13 (0.7821) | +0.77 +0.45 +0.77 Δ -0.004 (0.8611) ΔR² +0.000 (0.5552) ΔKL -0.0049 (0.9145)
olmo2_7b   D_chord       A_win40       | -0.07 (0.6927) | +0.82 +0.54 +0.83 Δ +0.005 (0.3318) ΔR² -0.006 (0.7151) ΔKL -0.0017 (0.6257)
olmo2_7b   D_chord       B_any         | +0.06 (0.2519) | +0.82 +0.48 +0.83 Δ +0.001 (0.5732) ΔR² -0.006 (0.6312) ΔKL -0.0001 (0.4043)
olmo2_7b   D_chord       D_doc         | -0.14 (0.8826) | +0.82 +0.44 +0.84 Δ +0.018 (0.0460) ΔR² +0.012 (0.1854) ΔKL -0.0036 (0.8006)
olmo2_7b   E_modulation  A_win40       | -0.04 (0.6187) | +0.89 +0.62 +0.89 Δ -0.001 (0.4628) ΔR² -0.008 (0.8481) ΔKL +0.0003 (0.2914)
olmo2_7b   E_modulation  B_any         | +0.04 (0.3683) | +0.89 +0.57 +0.89 Δ -0.001 (0.5492) ΔR² +0.002 (0.3348) ΔKL +0.0009 (0.1409)
olmo2_7b   E_modulation  D_doc         | +0.15 (0.1159) | +0.89 +0.59 +0.89 Δ -0.001 (0.5427) ΔR² +0.016 (0.1774) ΔKL +0.0004 (0.2964)
saved wikipedia_thin_olmomix_dclm_v4_s4
VALID /home/moloch/Documents/Research/pitch_fourier/results/phase5/v4_provenance_manifest.json
VALID results/phase5/fingerprint/wikipedia_thin_olmomix_dclm_v4_s4.json: 36 cells
VALID /home/moloch/Documents/Research/pitch_fourier/results/phase5/v4_provenance_manifest.json
== 23:37:47 fingerprint results/phase5/cond_wikipedia_thin_olmomix_dclm_v4_s4.npz wikipedia_thin_olmomix_dclm_v4_s4 olmo2_1b,gemma2_2b,qwen25_3b,olmo2_7b C_harmonic,D_chord,E_modulation A_win40,B_any,D_doc --neutral --nperm-res=2000 --nperm-loo=2000
corpus=wikipedia_thin_olmomix_dclm_v4_s4; source counts [1, 6, 11, 21, 77, 82, 104, 199, 148, 145, 109, 89, 31, 6, 1]; view=aggregated rich=False targetprior=False templates=[0, 1, 2, 3] nperm_res=2000 nperm_loo=2000 nboot=0 jobs=20
model      family        extract       | residual r (p) | LOO theory corpus both ΔCV(p) ΔR²(p) ΔKL(p)
olmo2_1b   C_harmonic    A_win40       | -0.00 (0.5222) | +0.72 +0.41 +0.72 Δ +0.001 (0.1979) ΔR² -0.004 (0.6362) ΔKL -0.0014 (0.8881)
olmo2_1b   C_harmonic    B_any         | -0.02 (0.5602) | +0.72 +0.30 +0.71 Δ -0.003 (0.3068) ΔR² -0.018 (0.9640) ΔKL -0.0023 (0.9470)
olmo2_1b   C_harmonic    D_doc         | +0.01 (0.4568) | +0.72 +0.29 +0.70 Δ -0.015 (0.7256) ΔR² -0.013 (0.9245) ΔKL -0.0015 (0.8436)
olmo2_1b   D_chord       A_win40       | +0.14 (0.2159) | +0.95 +0.42 +0.97 Δ +0.012 (0.0020) ΔR² +0.048 (0.0895) ΔKL +0.0017 (0.2929)
olmo2_1b   D_chord       B_any         | -0.15 (0.8431) | +0.95 +0.20 +0.95 Δ +0.001 (0.7386) ΔR² -0.003 (0.4958) ΔKL +0.0007 (0.2999)
olmo2_1b   D_chord       D_doc         | +0.03 (0.4523) | +0.95 +0.33 +0.96 Δ +0.001 (0.6137) ΔR² -0.005 (0.6152) ΔKL +0.0006 (0.3733)
olmo2_1b   E_modulation  A_win40       | +0.27 (0.0105) | +0.82 +0.48 +0.81 Δ -0.016 (0.9900) ΔR² +0.060 (0.0010) ΔKL +0.0011 (0.2109)
olmo2_1b   E_modulation  B_any         | -0.06 (0.7031) | +0.82 +0.29 +0.82 Δ -0.002 (0.3918) ΔR² -0.006 (0.5667) ΔKL -0.0008 (0.7816)
olmo2_1b   E_modulation  D_doc         | +0.19 (0.0525) | +0.82 +0.39 +0.82 Δ +0.002 (0.1459) ΔR² +0.010 (0.1359) ΔKL +0.0001 (0.3973)
gemma2_2b  C_harmonic    A_win40       | +0.05 (0.3923) | +0.80 +0.41 +0.78 Δ -0.018 (0.9980) ΔR² -0.013 (0.9255) ΔKL -0.0008 (0.6267)
gemma2_2b  C_harmonic    B_any         | -0.03 (0.6292) | +0.80 +0.28 +0.80 Δ -0.002 (0.6997) ΔR² -0.018 (0.9420) ΔKL -0.0014 (0.7306)
gemma2_2b  C_harmonic    D_doc         | +0.12 (0.2174) | +0.80 +0.30 +0.80 Δ -0.007 (0.9195) ΔR² -0.012 (0.8926) ΔKL -0.0021 (0.8711)
gemma2_2b  D_chord       A_win40       | +0.03 (0.4073) | +0.91 +0.36 +0.91 Δ +0.001 (0.2979) ΔR² -0.009 (0.7171) ΔKL -0.0002 (0.5657)
gemma2_2b  D_chord       B_any         | -0.09 (0.7906) | +0.91 +0.17 +0.91 Δ -0.002 (0.8306) ΔR² -0.002 (0.3223) ΔKL -0.0005 (0.5952)
gemma2_2b  D_chord       D_doc         | +0.01 (0.4588) | +0.91 +0.27 +0.91 Δ -0.001 (0.5682) ΔR² -0.016 (0.9300) ΔKL -0.0002 (0.5297)
gemma2_2b  E_modulation  A_win40       | +0.20 (0.0035) | +0.87 +0.45 +0.87 Δ -0.001 (0.3558) ΔR² +0.053 (0.0025) ΔKL +0.0017 (0.0195)
gemma2_2b  E_modulation  B_any         | -0.01 (0.5427) | +0.87 +0.26 +0.86 Δ -0.004 (0.6387) ΔR² -0.008 (0.6562) ΔKL -0.0004 (0.5987)
gemma2_2b  E_modulation  D_doc         | +0.15 (0.0270) | +0.87 +0.30 +0.86 Δ -0.007 (0.8966) ΔR² +0.005 (0.1644) ΔKL -0.0001 (0.2999)
qwen25_3b  C_harmonic    A_win40       | +0.13 (0.1044) | +0.81 +0.55 +0.82 Δ +0.013 (0.0590) ΔR² +0.037 (0.0345) ΔKL +0.0063 (0.0310)
qwen25_3b  C_harmonic    B_any         | -0.02 (0.5642) | +0.81 +0.35 +0.82 Δ +0.010 (0.1044) ΔR² -0.008 (0.5682) ΔKL -0.0011 (0.6647)
qwen25_3b  C_harmonic    D_doc         | +0.11 (0.1494) | +0.81 +0.39 +0.83 Δ +0.019 (0.0215) ΔR² +0.000 (0.3248) ΔKL +0.0008 (0.2944)
qwen25_3b  D_chord       A_win40       | +0.09 (0.2979) | +0.80 +0.41 +0.80 Δ +0.001 (0.8146) ΔR² -0.002 (0.5812) ΔKL -0.0005 (0.7231)
qwen25_3b  D_chord       B_any         | +0.06 (0.3788) | +0.80 +0.24 +0.81 Δ +0.007 (0.4998) ΔR² -0.006 (0.6427) ΔKL -0.0004 (0.6067)
qwen25_3b  D_chord       D_doc         | -0.00 (0.4733) | +0.80 +0.27 +0.80 Δ -0.001 (0.8841) ΔR² -0.020 (0.9775) ΔKL -0.0007 (0.6987)
qwen25_3b  E_modulation  A_win40       | +0.10 (0.1679) | +0.88 +0.45 +0.88 Δ -0.004 (0.7751) ΔR² +0.025 (0.0290) ΔKL +0.0007 (0.0925)
qwen25_3b  E_modulation  B_any         | -0.16 (0.9485) | +0.88 +0.24 +0.88 Δ +0.000 (0.4018) ΔR² +0.003 (0.1874) ΔKL +0.0002 (0.1769)
qwen25_3b  E_modulation  D_doc         | +0.01 (0.4583) | +0.88 +0.29 +0.87 Δ -0.008 (0.9420) ΔR² -0.015 (0.9385) ΔKL -0.0002 (0.3823)
olmo2_7b   C_harmonic    A_win40       | -0.26 (0.9810) | +0.72 +0.47 +0.72 Δ -0.007 (0.6457) ΔR² +0.010 (0.2749) ΔKL +0.0001 (0.4738)
olmo2_7b   C_harmonic    B_any         | +0.03 (0.3873) | +0.72 +0.45 +0.71 Δ -0.010 (0.7921) ΔR² -0.019 (0.9290) ΔKL -0.0038 (0.9535)
olmo2_7b   C_harmonic    D_doc         | -0.17 (0.9030) | +0.72 +0.33 +0.72 Δ -0.005 (0.5357) ΔR² -0.007 (0.6127) ΔKL -0.0036 (0.9520)
olmo2_7b   D_chord       A_win40       | -0.13 (0.8341) | +0.68 +0.46 +0.69 Δ +0.004 (0.3413) ΔR² -0.007 (0.6252) ΔKL -0.0015 (0.6642)
olmo2_7b   D_chord       B_any         | -0.03 (0.6137) | +0.68 +0.34 +0.68 Δ -0.004 (0.6707) ΔR² -0.015 (0.8476) ΔKL -0.0031 (0.8176)
olmo2_7b   D_chord       D_doc         | -0.17 (0.9045) | +0.68 +0.28 +0.69 Δ +0.002 (0.4258) ΔR² +0.004 (0.2609) ΔKL -0.0036 (0.8811)
olmo2_7b   E_modulation  A_win40       | +0.14 (0.0405) | +0.74 +0.50 +0.74 Δ +0.002 (0.2014) ΔR² +0.034 (0.0075) ΔKL +0.0015 (0.0180)
olmo2_7b   E_modulation  B_any         | -0.01 (0.5372) | +0.74 +0.34 +0.73 Δ -0.008 (0.8131) ΔR² -0.008 (0.6527) ΔKL -0.0007 (0.7911)
olmo2_7b   E_modulation  D_doc         | +0.12 (0.0680) | +0.74 +0.37 +0.75 Δ +0.004 (0.1064) ΔR² +0.005 (0.1279) ΔKL -0.0003 (0.4848)
saved wikipedia_thin_olmomix_dclm_v4_s4_neutral
VALID /home/moloch/Documents/Research/pitch_fourier/results/phase5/v4_provenance_manifest.json
VALID results/phase5/fingerprint/wikipedia_thin_olmomix_dclm_v4_s4_neutral.json: 36 cells
VALID /home/moloch/Documents/Research/pitch_fourier/results/phase5/v4_provenance_manifest.json
== 23:41:37 thinning results/phase5/cond_dolmino_dclm.npz replicate=0
uni: wiki 37811 -> 2006 (target 2019)
A_win40: wiki 47247 -> 1326 (target 1320)
B_modulation: wiki 722 -> 56 (target 53)
B_chord: wiki 2038 -> 462 (target 441)
B_signature: wiki 8552 -> 154 (target 159)
B_enharmonic: wiki 145 -> 12 (target 14)
B_relation: wiki 252 -> 77 (target 68)
B_any: wiki 10775 -> 631 (target 629)
C_patterns: wiki 317 -> 37 (target 36)
D_doc: wiki 19162 -> 851 (target 845)
VALID /home/moloch/Documents/Research/pitch_fourier/results/phase5/v4_provenance_manifest.json
VALID /home/moloch/Documents/Research/pitch_fourier/results/phase5/v4_provenance_manifest.json
== 23:41:38 thinning results/phase5/cond_dolmino_dclm.npz replicate=1
uni: wiki 37811 -> 2034 (target 2019)
A_win40: wiki 47247 -> 1314 (target 1320)
B_modulation: wiki 722 -> 52 (target 53)
B_chord: wiki 2038 -> 444 (target 441)
B_signature: wiki 8552 -> 160 (target 159)
B_enharmonic: wiki 145 -> 13 (target 14)
B_relation: wiki 252 -> 84 (target 68)
B_any: wiki 10775 -> 623 (target 629)
C_patterns: wiki 317 -> 45 (target 36)
D_doc: wiki 19162 -> 832 (target 845)
VALID /home/moloch/Documents/Research/pitch_fourier/results/phase5/v4_provenance_manifest.json
VALID /home/moloch/Documents/Research/pitch_fourier/results/phase5/v4_provenance_manifest.json
== 23:41:38 thinning results/phase5/cond_dolmino_dclm.npz replicate=2
uni: wiki 37811 -> 1986 (target 2019)
A_win40: wiki 47247 -> 1284 (target 1320)
B_modulation: wiki 722 -> 53 (target 53)
B_chord: wiki 2038 -> 463 (target 441)
B_signature: wiki 8552 -> 138 (target 159)
B_enharmonic: wiki 145 -> 16 (target 14)
B_relation: wiki 252 -> 67 (target 68)
B_any: wiki 10775 -> 588 (target 629)
C_patterns: wiki 317 -> 32 (target 36)
D_doc: wiki 19162 -> 846 (target 845)
VALID /home/moloch/Documents/Research/pitch_fourier/results/phase5/v4_provenance_manifest.json
VALID /home/moloch/Documents/Research/pitch_fourier/results/phase5/v4_provenance_manifest.json
== 23:41:38 thinning results/phase5/cond_dolmino_dclm.npz replicate=3
uni: wiki 37811 -> 2031 (target 2019)
A_win40: wiki 47247 -> 1321 (target 1320)
B_modulation: wiki 722 -> 58 (target 53)
B_chord: wiki 2038 -> 444 (target 441)
B_signature: wiki 8552 -> 137 (target 159)
B_enharmonic: wiki 145 -> 14 (target 14)
B_relation: wiki 252 -> 52 (target 68)
B_any: wiki 10775 -> 606 (target 629)
C_patterns: wiki 317 -> 47 (target 36)
D_doc: wiki 19162 -> 866 (target 845)
VALID /home/moloch/Documents/Research/pitch_fourier/results/phase5/v4_provenance_manifest.json
VALID /home/moloch/Documents/Research/pitch_fourier/results/phase5/v4_provenance_manifest.json
== 23:41:38 thinning results/phase5/cond_dolmino_dclm.npz replicate=4
uni: wiki 37811 -> 1966 (target 2019)
A_win40: wiki 47247 -> 1344 (target 1320)
B_modulation: wiki 722 -> 54 (target 53)
B_chord: wiki 2038 -> 436 (target 441)
B_signature: wiki 8552 -> 161 (target 159)
B_enharmonic: wiki 145 -> 15 (target 14)
B_relation: wiki 252 -> 67 (target 68)
B_any: wiki 10775 -> 671 (target 629)
C_patterns: wiki 317 -> 42 (target 36)
D_doc: wiki 19162 -> 882 (target 845)
VALID /home/moloch/Documents/Research/pitch_fourier/results/phase5/v4_provenance_manifest.json
VALID /home/moloch/Documents/Research/pitch_fourier/results/phase5/v4_provenance_manifest.json
== 23:41:39 fingerprint results/phase5/cond_dolmino_dclm.npz dolmino_dclm_v4 olmo2_1b,gemma2_2b,qwen25_3b,olmo2_7b C_harmonic,D_chord,E_modulation A_win40,B_any,D_doc --nperm-res=2000 --nperm-loo=2000
corpus=dolmino_dclm_v4; source counts [4, 23, 19, 33, 52, 66, 192, 686, 239, 190, 297, 130, 47, 21, 20]; view=spelled rich=False targetprior=False templates=[0, 1, 2, 3] nperm_res=2000 nperm_loo=2000 nboot=0 jobs=20
model      family        extract       | residual r (p) | LOO theory corpus both ΔCV(p) ΔR²(p) ΔKL(p)
olmo2_1b   C_harmonic    A_win40       | +0.19 (0.0810) | +0.87 +0.52 +0.87 Δ +0.006 (0.0430) ΔR² +0.020 (0.2249) ΔKL +0.0099 (0.0255)
olmo2_1b   C_harmonic    B_any         | +0.11 (0.2049) | +0.87 +0.42 +0.87 Δ -0.001 (0.1919) ΔR² -0.002 (0.5057) ΔKL +0.0013 (0.2614)
olmo2_1b   C_harmonic    D_doc         | +0.18 (0.1164) | +0.87 +0.54 +0.87 Δ +0.007 (0.0500) ΔR² +0.017 (0.2849) ΔKL +0.0043 (0.1799)
olmo2_1b   D_chord       A_win40       | +0.13 (0.2024) | +0.92 +0.46 +0.93 Δ +0.005 (0.1879) ΔR² +0.017 (0.3183) ΔKL +0.0005 (0.3023)
olmo2_1b   D_chord       B_any         | +0.04 (0.3848) | +0.92 +0.37 +0.92 Δ +0.000 (0.6247) ΔR² +0.000 (0.5322) ΔKL -0.0004 (0.4088)
olmo2_1b   D_chord       D_doc         | +0.38 (0.0085) | +0.92 +0.51 +0.94 Δ +0.017 (0.0110) ΔR² +0.143 (0.0140) ΔKL +0.0192 (0.0025)
olmo2_1b   E_modulation  A_win40       | +0.15 (0.1339) | +0.89 +0.51 +0.90 Δ +0.002 (0.3548) ΔR² +0.023 (0.1634) ΔKL +0.0034 (0.2984)
olmo2_1b   E_modulation  B_any         | +0.06 (0.3243) | +0.89 +0.41 +0.89 Δ -0.000 (0.7126) ΔR² -0.004 (0.6282) ΔKL -0.0010 (0.7971)
olmo2_1b   E_modulation  D_doc         | +0.24 (0.0615) | +0.89 +0.55 +0.90 Δ +0.005 (0.2129) ΔR² +0.030 (0.1749) ΔKL +0.0117 (0.1000)
gemma2_2b  C_harmonic    A_win40       | +0.34 (0.0025) | +0.88 +0.53 +0.89 Δ +0.011 (0.0215) ΔR² +0.082 (0.0080) ΔKL +0.0251 (0.0060)
gemma2_2b  C_harmonic    B_any         | +0.24 (0.0150) | +0.88 +0.46 +0.89 Δ +0.006 (0.0630) ΔR² +0.047 (0.0295) ΔKL +0.0075 (0.1159)
gemma2_2b  C_harmonic    D_doc         | +0.38 (0.0025) | +0.88 +0.52 +0.89 Δ +0.007 (0.0930) ΔR² +0.071 (0.0350) ΔKL +0.0192 (0.0450)
gemma2_2b  D_chord       A_win40       | +0.14 (0.1794) | +0.93 +0.48 +0.93 Δ +0.005 (0.1289) ΔR² +0.003 (0.5022) ΔKL +0.0010 (0.4078)
gemma2_2b  D_chord       B_any         | +0.07 (0.2894) | +0.93 +0.41 +0.93 Δ +0.000 (0.5712) ΔR² -0.004 (0.6377) ΔKL -0.0012 (0.6142)
gemma2_2b  D_chord       D_doc         | +0.43 (0.0010) | +0.93 +0.51 +0.94 Δ +0.014 (0.0110) ΔR² +0.112 (0.0165) ΔKL +0.0296 (0.0110)
gemma2_2b  E_modulation  A_win40       | +0.13 (0.1954) | +0.90 +0.56 +0.91 Δ +0.006 (0.1384) ΔR² +0.007 (0.3933) ΔKL +0.0029 (0.3053)
gemma2_2b  E_modulation  B_any         | +0.05 (0.3443) | +0.90 +0.49 +0.90 Δ +0.002 (0.4868) ΔR² -0.001 (0.5372) ΔKL -0.0001 (0.5337)
gemma2_2b  E_modulation  D_doc         | +0.30 (0.0265) | +0.90 +0.61 +0.91 Δ +0.009 (0.0590) ΔR² +0.052 (0.1079) ΔKL +0.0184 (0.0360)
qwen25_3b  C_harmonic    A_win40       | +0.19 (0.1149) | +0.83 +0.52 +0.84 Δ +0.014 (0.0440) ΔR² +0.061 (0.0560) ΔKL +0.0154 (0.0420)
qwen25_3b  C_harmonic    B_any         | +0.07 (0.3048) | +0.83 +0.40 +0.83 Δ -0.001 (0.3798) ΔR² +0.003 (0.4403) ΔKL +0.0016 (0.3428)
qwen25_3b  C_harmonic    D_doc         | +0.26 (0.0625) | +0.83 +0.58 +0.84 Δ +0.011 (0.0855) ΔR² +0.086 (0.0475) ΔKL +0.0186 (0.0560)
qwen25_3b  D_chord       A_win40       | +0.15 (0.1204) | +0.91 +0.51 +0.91 Δ +0.001 (0.6107) ΔR² +0.009 (0.2774) ΔKL +0.0004 (0.2729)
qwen25_3b  D_chord       B_any         | +0.07 (0.2714) | +0.91 +0.41 +0.91 Δ +0.001 (0.6462) ΔR² +0.002 (0.3263) ΔKL -0.0001 (0.3693)
qwen25_3b  D_chord       D_doc         | +0.17 (0.1094) | +0.91 +0.50 +0.91 Δ +0.002 (0.4483) ΔR² -0.008 (0.8236) ΔKL -0.0028 (0.8841)
qwen25_3b  E_modulation  A_win40       | +0.10 (0.2314) | +0.89 +0.53 +0.90 Δ +0.003 (0.2364) ΔR² -0.001 (0.5617) ΔKL +0.0039 (0.2429)
qwen25_3b  E_modulation  B_any         | +0.03 (0.4328) | +0.89 +0.44 +0.90 Δ +0.001 (0.4433) ΔR² -0.005 (0.6922) ΔKL -0.0004 (0.6052)
qwen25_3b  E_modulation  D_doc         | +0.23 (0.0805) | +0.89 +0.56 +0.90 Δ +0.002 (0.3778) ΔR² +0.025 (0.2384) ΔKL +0.0136 (0.0590)
olmo2_7b   C_harmonic    A_win40       | +0.05 (0.3528) | +0.76 +0.50 +0.76 Δ -0.006 (0.7821) ΔR² +0.004 (0.3518) ΔKL +0.0096 (0.1219)
olmo2_7b   C_harmonic    B_any         | +0.10 (0.1794) | +0.76 +0.44 +0.76 Δ -0.002 (0.4958) ΔR² -0.001 (0.4443) ΔKL +0.0074 (0.1244)
olmo2_7b   C_harmonic    D_doc         | +0.07 (0.2869) | +0.76 +0.49 +0.77 Δ +0.003 (0.2329) ΔR² +0.002 (0.4698) ΔKL +0.0051 (0.2659)
olmo2_7b   D_chord       A_win40       | +0.13 (0.1114) | +0.79 +0.51 +0.80 Δ +0.006 (0.4238) ΔR² +0.011 (0.1689) ΔKL +0.0165 (0.0215)
olmo2_7b   D_chord       B_any         | +0.14 (0.0725) | +0.79 +0.41 +0.79 Δ +0.001 (0.7006) ΔR² -0.004 (0.5062) ΔKL +0.0054 (0.1164)
olmo2_7b   D_chord       D_doc         | +0.03 (0.3868) | +0.79 +0.47 +0.79 Δ +0.000 (0.7571) ΔR² -0.004 (0.5507) ΔKL +0.0030 (0.2399)
olmo2_7b   E_modulation  A_win40       | +0.12 (0.1734) | +0.89 +0.51 +0.89 Δ +0.001 (0.1384) ΔR² +0.023 (0.1424) ΔKL +0.0037 (0.0965)
olmo2_7b   E_modulation  B_any         | +0.04 (0.3793) | +0.89 +0.41 +0.89 Δ -0.001 (0.5267) ΔR² -0.006 (0.6897) ΔKL -0.0006 (0.6357)
olmo2_7b   E_modulation  D_doc         | +0.18 (0.0930) | +0.89 +0.54 +0.89 Δ +0.000 (0.2119) ΔR² +0.041 (0.0815) ΔKL +0.0061 (0.0650)
saved dolmino_dclm_v4
VALID /home/moloch/Documents/Research/pitch_fourier/results/phase5/v4_provenance_manifest.json
VALID results/phase5/fingerprint/dolmino_dclm_v4.json: 36 cells
VALID /home/moloch/Documents/Research/pitch_fourier/results/phase5/v4_provenance_manifest.json
== 23:49:45 fingerprint results/phase5/cond_dolmino_dclm.npz dolmino_dclm_v4 olmo2_1b,gemma2_2b,qwen25_3b,olmo2_7b C_harmonic,D_chord,E_modulation A_win40,B_any,D_doc --neutral --nperm-res=2000 --nperm-loo=2000
corpus=dolmino_dclm_v4; source counts [4, 23, 19, 33, 52, 66, 192, 686, 239, 190, 297, 130, 47, 21, 20]; view=aggregated rich=False targetprior=False templates=[0, 1, 2, 3] nperm_res=2000 nperm_loo=2000 nboot=0 jobs=20
model      family        extract       | residual r (p) | LOO theory corpus both ΔCV(p) ΔR²(p) ΔKL(p)
olmo2_1b   C_harmonic    A_win40       | +0.21 (0.0665) | +0.69 +0.49 +0.71 Δ +0.022 (0.0745) ΔR² +0.033 (0.0765) ΔKL +0.0074 (0.0220)
olmo2_1b   C_harmonic    B_any         | +0.09 (0.2244) | +0.69 +0.34 +0.68 Δ -0.005 (0.8056) ΔR² -0.003 (0.4578) ΔKL +0.0004 (0.2964)
olmo2_1b   C_harmonic    D_doc         | +0.01 (0.4653) | +0.69 +0.34 +0.70 Δ +0.007 (0.3478) ΔR² +0.003 (0.3903) ΔKL +0.0013 (0.2839)
olmo2_1b   D_chord       A_win40       | +0.15 (0.2044) | +0.93 +0.41 +0.94 Δ +0.010 (0.0935) ΔR² +0.043 (0.1589) ΔKL -0.0012 (0.7341)
olmo2_1b   D_chord       B_any         | -0.05 (0.6297) | +0.93 +0.28 +0.93 Δ -0.002 (0.8826) ΔR² -0.017 (0.9670) ΔKL -0.0015 (0.7861)
olmo2_1b   D_chord       D_doc         | +0.30 (0.0690) | +0.93 +0.33 +0.94 Δ +0.009 (0.1784) ΔR² +0.098 (0.0580) ΔKL +0.0197 (0.0190)
olmo2_1b   E_modulation  A_win40       | +0.11 (0.2194) | +0.77 +0.44 +0.78 Δ +0.006 (0.2204) ΔR² +0.012 (0.1809) ΔKL +0.0003 (0.4323)
olmo2_1b   E_modulation  B_any         | -0.02 (0.5687) | +0.77 +0.25 +0.77 Δ -0.006 (0.7426) ΔR² -0.013 (0.8781) ΔKL -0.0010 (0.8281)
olmo2_1b   E_modulation  D_doc         | +0.13 (0.2189) | +0.77 +0.31 +0.78 Δ +0.002 (0.4078) ΔR² +0.021 (0.1754) ΔKL +0.0026 (0.2209)
gemma2_2b  C_harmonic    A_win40       | +0.30 (0.0210) | +0.74 +0.53 +0.77 Δ +0.030 (0.0420) ΔR² +0.109 (0.0055) ΔKL +0.0198 (0.0020)
gemma2_2b  C_harmonic    B_any         | +0.19 (0.0895) | +0.74 +0.39 +0.73 Δ -0.008 (0.8116) ΔR² +0.021 (0.1439) ΔKL +0.0038 (0.1154)
gemma2_2b  C_harmonic    D_doc         | +0.23 (0.0910) | +0.74 +0.39 +0.75 Δ +0.013 (0.1934) ΔR² +0.050 (0.1049) ΔKL +0.0096 (0.0525)
gemma2_2b  D_chord       A_win40       | +0.13 (0.1939) | +0.90 +0.43 +0.90 Δ +0.001 (0.4128) ΔR² +0.011 (0.2324) ΔKL +0.0006 (0.3303)
gemma2_2b  D_chord       B_any         | +0.03 (0.3898) | +0.90 +0.29 +0.90 Δ -0.001 (0.6527) ΔR² -0.021 (0.9650) ΔKL -0.0018 (0.8886)
gemma2_2b  D_chord       D_doc         | +0.24 (0.0655) | +0.90 +0.32 +0.90 Δ +0.001 (0.4093) ΔR² +0.037 (0.1159) ΔKL +0.0088 (0.0260)
gemma2_2b  E_modulation  A_win40       | +0.09 (0.1979) | +0.85 +0.51 +0.85 Δ +0.004 (0.1264) ΔR² +0.010 (0.1374) ΔKL +0.0019 (0.0385)
gemma2_2b  E_modulation  B_any         | +0.01 (0.4278) | +0.85 +0.35 +0.85 Δ -0.002 (0.4753) ΔR² -0.017 (0.9530) ΔKL -0.0012 (0.9410)
gemma2_2b  E_modulation  D_doc         | +0.13 (0.1444) | +0.85 +0.41 +0.86 Δ +0.008 (0.0720) ΔR² +0.029 (0.0550) ΔKL +0.0039 (0.0145)
qwen25_3b  C_harmonic    A_win40       | +0.19 (0.0840) | +0.76 +0.53 +0.78 Δ +0.011 (0.0820) ΔR² +0.053 (0.0405) ΔKL +0.0053 (0.0740)
qwen25_3b  C_harmonic    B_any         | +0.01 (0.4823) | +0.76 +0.35 +0.76 Δ -0.008 (0.7361) ΔR² -0.008 (0.6352) ΔKL -0.0008 (0.5557)
qwen25_3b  C_harmonic    D_doc         | +0.12 (0.2099) | +0.76 +0.41 +0.77 Δ +0.007 (0.1859) ΔR² +0.050 (0.0810) ΔKL +0.0078 (0.0650)
qwen25_3b  D_chord       A_win40       | +0.17 (0.1249) | +0.83 +0.46 +0.83 Δ -0.001 (0.6147) ΔR² -0.001 (0.5077) ΔKL +0.0003 (0.1429)
qwen25_3b  D_chord       B_any         | -0.02 (0.5467) | +0.83 +0.29 +0.82 Δ -0.004 (0.7786) ΔR² -0.011 (0.8001) ΔKL +0.0001 (0.1694)
qwen25_3b  D_chord       D_doc         | +0.05 (0.3883) | +0.83 +0.26 +0.83 Δ +0.000 (0.5402) ΔR² -0.025 (0.9895) ΔKL -0.0020 (0.6922)
qwen25_3b  E_modulation  A_win40       | +0.09 (0.2199) | +0.85 +0.47 +0.84 Δ -0.010 (0.7176) ΔR² +0.013 (0.1424) ΔKL +0.0008 (0.2054)
qwen25_3b  E_modulation  B_any         | -0.07 (0.7121) | +0.85 +0.28 +0.84 Δ -0.015 (0.8956) ΔR² -0.018 (0.9740) ΔKL -0.0010 (0.8926)
qwen25_3b  E_modulation  D_doc         | +0.09 (0.2759) | +0.85 +0.30 +0.84 Δ -0.008 (0.6177) ΔR² +0.003 (0.3338) ΔKL +0.0020 (0.1249)
olmo2_7b   C_harmonic    A_win40       | +0.01 (0.4483) | +0.72 +0.50 +0.72 Δ -0.002 (0.3938) ΔR² -0.012 (0.7836) ΔKL -0.0017 (0.7386)
olmo2_7b   C_harmonic    B_any         | +0.15 (0.1124) | +0.72 +0.44 +0.72 Δ -0.006 (0.6512) ΔR² +0.010 (0.1859) ΔKL +0.0033 (0.1729)
olmo2_7b   C_harmonic    D_doc         | -0.09 (0.7561) | +0.72 +0.41 +0.72 Δ +0.000 (0.3033) ΔR² -0.005 (0.5172) ΔKL -0.0014 (0.6522)
olmo2_7b   D_chord       A_win40       | +0.21 (0.0415) | +0.66 +0.55 +0.67 Δ +0.007 (0.2489) ΔR² +0.029 (0.0595) ΔKL +0.0089 (0.0670)
olmo2_7b   D_chord       B_any         | +0.22 (0.0195) | +0.66 +0.42 +0.66 Δ -0.002 (0.6002) ΔR² +0.017 (0.1029) ΔKL +0.0041 (0.1454)
olmo2_7b   D_chord       D_doc         | +0.09 (0.2809) | +0.66 +0.37 +0.67 Δ +0.004 (0.3943) ΔR² -0.003 (0.4653) ΔKL +0.0031 (0.2579)
olmo2_7b   E_modulation  A_win40       | +0.03 (0.3603) | +0.71 +0.46 +0.71 Δ -0.007 (0.9260) ΔR² -0.011 (0.7821) ΔKL -0.0007 (0.8281)
olmo2_7b   E_modulation  B_any         | -0.10 (0.8296) | +0.71 +0.27 +0.71 Δ -0.001 (0.5372) ΔR² -0.012 (0.8066) ΔKL -0.0005 (0.6482)
olmo2_7b   E_modulation  D_doc         | -0.01 (0.5332) | +0.71 +0.30 +0.72 Δ +0.005 (0.2829) ΔR² -0.009 (0.7436) ΔKL -0.0006 (0.7116)
saved dolmino_dclm_v4_neutral
VALID /home/moloch/Documents/Research/pitch_fourier/results/phase5/v4_provenance_manifest.json
VALID results/phase5/fingerprint/dolmino_dclm_v4_neutral.json: 36 cells
VALID /home/moloch/Documents/Research/pitch_fourier/results/phase5/v4_provenance_manifest.json
== 00:00:12 fingerprint results/phase5/cond_wikipedia_thin_dolmino_dclm_v4.npz wikipedia_thin_dolmino_dclm_v4 olmo2_1b,gemma2_2b,qwen25_3b,olmo2_7b C_harmonic,D_chord,E_modulation A_win40,B_any,D_doc --nperm-res=2000 --nperm-loo=2000
corpus=wikipedia_thin_dolmino_dclm_v4; source counts [0, 8, 28, 48, 146, 126, 226, 345, 249, 347, 229, 163, 72, 10, 9]; view=spelled rich=False targetprior=False templates=[0, 1, 2, 3] nperm_res=2000 nperm_loo=2000 nboot=0 jobs=20
model      family        extract       | residual r (p) | LOO theory corpus both ΔCV(p) ΔR²(p) ΔKL(p)
olmo2_1b   C_harmonic    A_win40       | +0.07 (0.3343) | +0.88 +0.55 +0.88 Δ +0.002 (0.4728) ΔR² -0.008 (0.9270) ΔKL -0.0000 (0.5697)
olmo2_1b   C_harmonic    B_any         | -0.06 (0.6792) | +0.88 +0.45 +0.88 Δ +0.001 (0.5282) ΔR² -0.015 (0.9885) ΔKL -0.0019 (0.9145)
olmo2_1b   C_harmonic    D_doc         | +0.06 (0.3153) | +0.88 +0.56 +0.89 Δ +0.005 (0.2059) ΔR² +0.002 (0.5132) ΔKL +0.0001 (0.5127)
olmo2_1b   D_chord       A_win40       | -0.01 (0.5142) | +0.94 +0.46 +0.94 Δ -0.002 (0.9280) ΔR² -0.005 (0.8936) ΔKL +0.0004 (0.2149)
olmo2_1b   D_chord       B_any         | -0.03 (0.5527) | +0.94 +0.42 +0.94 Δ -0.001 (0.8856) ΔR² -0.011 (0.9810) ΔKL +0.0001 (0.2449)
olmo2_1b   D_chord       D_doc         | +0.04 (0.4233) | +0.94 +0.48 +0.94 Δ +0.002 (0.3588) ΔR² -0.005 (0.8211) ΔKL -0.0001 (0.2804)
olmo2_1b   E_modulation  A_win40       | +0.22 (0.0155) | +0.93 +0.56 +0.93 Δ +0.002 (0.1624) ΔR² +0.041 (0.0165) ΔKL +0.0020 (0.0300)
olmo2_1b   E_modulation  B_any         | +0.00 (0.4953) | +0.93 +0.46 +0.93 Δ +0.002 (0.1589) ΔR² -0.005 (0.6012) ΔKL -0.0001 (0.3398)
olmo2_1b   E_modulation  D_doc         | +0.23 (0.0175) | +0.93 +0.60 +0.94 Δ +0.004 (0.0465) ΔR² +0.040 (0.0160) ΔKL +0.0026 (0.0080)
gemma2_2b  C_harmonic    A_win40       | +0.08 (0.2429) | +0.90 +0.51 +0.90 Δ +0.004 (0.2034) ΔR² -0.021 (0.9945) ΔKL +0.0020 (0.3573)
gemma2_2b  C_harmonic    B_any         | +0.05 (0.3293) | +0.90 +0.44 +0.90 Δ -0.000 (0.6847) ΔR² +0.003 (0.3383) ΔKL +0.0024 (0.2674)
gemma2_2b  C_harmonic    D_doc         | +0.04 (0.3438) | +0.90 +0.53 +0.90 Δ +0.004 (0.1634) ΔR² -0.009 (0.8891) ΔKL -0.0002 (0.5497)
gemma2_2b  D_chord       A_win40       | -0.12 (0.7651) | +0.96 +0.49 +0.95 Δ -0.004 (0.8996) ΔR² +0.020 (0.2754) ΔKL -0.0006 (0.4808)
gemma2_2b  D_chord       B_any         | -0.08 (0.7246) | +0.96 +0.43 +0.96 Δ -0.001 (0.7466) ΔR² -0.003 (0.6437) ΔKL -0.0004 (0.4523)
gemma2_2b  D_chord       D_doc         | -0.05 (0.6247) | +0.96 +0.52 +0.96 Δ +0.001 (0.2814) ΔR² -0.011 (0.9625) ΔKL +0.0001 (0.3023)
gemma2_2b  E_modulation  A_win40       | +0.00 (0.4908) | +0.94 +0.57 +0.94 Δ +0.001 (0.4123) ΔR² -0.018 (0.9950) ΔKL +0.0000 (0.5247)
gemma2_2b  E_modulation  B_any         | -0.04 (0.6487) | +0.94 +0.46 +0.93 Δ -0.003 (0.9120) ΔR² -0.009 (0.8671) ΔKL -0.0005 (0.6942)
gemma2_2b  E_modulation  D_doc         | +0.04 (0.3708) | +0.94 +0.59 +0.94 Δ +0.003 (0.2014) ΔR² +0.001 (0.3973) ΔKL +0.0021 (0.1479)
qwen25_3b  C_harmonic    A_win40       | +0.11 (0.2699) | +0.87 +0.58 +0.88 Δ +0.008 (0.0850) ΔR² +0.043 (0.1399) ΔKL +0.0122 (0.0450)
qwen25_3b  C_harmonic    B_any         | -0.02 (0.5552) | +0.87 +0.46 +0.88 Δ +0.002 (0.1829) ΔR² -0.004 (0.6827) ΔKL +0.0019 (0.2549)
qwen25_3b  C_harmonic    D_doc         | +0.13 (0.2039) | +0.87 +0.57 +0.88 Δ +0.006 (0.0920) ΔR² +0.025 (0.1994) ΔKL +0.0062 (0.1074)
qwen25_3b  D_chord       A_win40       | -0.03 (0.5867) | +0.88 +0.54 +0.89 Δ +0.002 (0.3523) ΔR² -0.009 (0.9500) ΔKL -0.0019 (0.8191)
qwen25_3b  D_chord       B_any         | +0.11 (0.2109) | +0.88 +0.48 +0.89 Δ +0.005 (0.1434) ΔR² +0.010 (0.2939) ΔKL -0.0005 (0.6122)
qwen25_3b  D_chord       D_doc         | +0.01 (0.4488) | +0.88 +0.56 +0.89 Δ +0.002 (0.3003) ΔR² -0.007 (0.8161) ΔKL -0.0002 (0.5632)
qwen25_3b  E_modulation  A_win40       | +0.01 (0.4578) | +0.94 +0.53 +0.94 Δ -0.001 (0.5592) ΔR² -0.017 (0.9955) ΔKL -0.0003 (0.4328)
qwen25_3b  E_modulation  B_any         | -0.07 (0.7141) | +0.94 +0.44 +0.94 Δ -0.001 (0.6492) ΔR² -0.003 (0.5812) ΔKL -0.0007 (0.5992)
qwen25_3b  E_modulation  D_doc         | +0.11 (0.1984) | +0.94 +0.60 +0.95 Δ +0.006 (0.0200) ΔR² -0.012 (0.9610) ΔKL +0.0002 (0.2394)
olmo2_7b   C_harmonic    A_win40       | -0.09 (0.7421) | +0.78 +0.52 +0.77 Δ -0.011 (0.9770) ΔR² -0.020 (0.9990) ΔKL -0.0048 (0.9635)
olmo2_7b   C_harmonic    B_any         | -0.10 (0.7961) | +0.78 +0.44 +0.78 Δ -0.004 (0.7906) ΔR² -0.008 (0.8046) ΔKL -0.0024 (0.7996)
olmo2_7b   C_harmonic    D_doc         | +0.05 (0.3513) | +0.78 +0.51 +0.79 Δ +0.010 (0.0865) ΔR² -0.011 (0.9310) ΔKL -0.0001 (0.4928)
olmo2_7b   D_chord       A_win40       | -0.08 (0.7421) | +0.83 +0.52 +0.82 Δ -0.008 (0.9230) ΔR² -0.013 (0.9330) ΔKL -0.0010 (0.5697)
olmo2_7b   D_chord       B_any         | -0.04 (0.6037) | +0.83 +0.43 +0.83 Δ -0.001 (0.3623) ΔR² -0.007 (0.6737) ΔKL +0.0005 (0.3723)
olmo2_7b   D_chord       D_doc         | -0.01 (0.5247) | +0.83 +0.54 +0.82 Δ -0.009 (0.9420) ΔR² -0.018 (0.9895) ΔKL -0.0043 (0.8456)
olmo2_7b   E_modulation  A_win40       | +0.16 (0.0875) | +0.90 +0.57 +0.90 Δ +0.005 (0.0510) ΔR² +0.033 (0.0620) ΔKL +0.0033 (0.0400)
olmo2_7b   E_modulation  B_any         | +0.11 (0.1579) | +0.90 +0.51 +0.90 Δ +0.005 (0.0530) ΔR² +0.017 (0.1089) ΔKL +0.0017 (0.0970)
olmo2_7b   E_modulation  D_doc         | +0.24 (0.0205) | +0.90 +0.58 +0.90 Δ +0.003 (0.1164) ΔR² +0.074 (0.0050) ΔKL +0.0013 (0.1684)
saved wikipedia_thin_dolmino_dclm_v4
VALID /home/moloch/Documents/Research/pitch_fourier/results/phase5/v4_provenance_manifest.json
VALID results/phase5/fingerprint/wikipedia_thin_dolmino_dclm_v4.json: 36 cells
VALID /home/moloch/Documents/Research/pitch_fourier/results/phase5/v4_provenance_manifest.json
== 00:06:22 fingerprint results/phase5/cond_wikipedia_thin_dolmino_dclm_v4.npz wikipedia_thin_dolmino_dclm_v4 olmo2_1b,gemma2_2b,qwen25_3b,olmo2_7b C_harmonic,D_chord,E_modulation A_win40,B_any,D_doc --neutral --nperm-res=2000 --nperm-loo=2000
corpus=wikipedia_thin_dolmino_dclm_v4; source counts [0, 8, 28, 48, 146, 126, 226, 345, 249, 347, 229, 163, 72, 10, 9]; view=aggregated rich=False targetprior=False templates=[0, 1, 2, 3] nperm_res=2000 nperm_loo=2000 nboot=0 jobs=20
model      family        extract       | residual r (p) | LOO theory corpus both ΔCV(p) ΔR²(p) ΔKL(p)
olmo2_1b   C_harmonic    A_win40       | -0.05 (0.6352) | +0.70 +0.40 +0.69 Δ -0.010 (0.9135) ΔR² -0.012 (0.9030) ΔKL -0.0013 (0.8311)
olmo2_1b   C_harmonic    B_any         | -0.07 (0.6802) | +0.70 +0.26 +0.70 Δ +0.005 (0.3968) ΔR² -0.012 (0.8591) ΔKL -0.0008 (0.6522)
olmo2_1b   C_harmonic    D_doc         | +0.02 (0.4393) | +0.70 +0.36 +0.71 Δ +0.010 (0.2394) ΔR² +0.004 (0.3898) ΔKL -0.0004 (0.5757)
olmo2_1b   D_chord       A_win40       | -0.06 (0.6497) | +0.96 +0.37 +0.96 Δ +0.000 (0.3778) ΔR² -0.023 (0.9895) ΔKL -0.0002 (0.4823)
olmo2_1b   D_chord       B_any         | -0.04 (0.5997) | +0.96 +0.25 +0.96 Δ +0.002 (0.0740) ΔR² -0.007 (0.6147) ΔKL +0.0002 (0.3343)
olmo2_1b   D_chord       D_doc         | +0.07 (0.3368) | +0.96 +0.33 +0.96 Δ +0.001 (0.1614) ΔR² -0.013 (0.8741) ΔKL -0.0014 (0.7856)
olmo2_1b   E_modulation  A_win40       | +0.15 (0.1004) | +0.82 +0.46 +0.83 Δ +0.006 (0.1659) ΔR² +0.018 (0.0710) ΔKL +0.0011 (0.1384)
olmo2_1b   E_modulation  B_any         | -0.02 (0.5442) | +0.82 +0.27 +0.82 Δ -0.002 (0.7931) ΔR² -0.015 (0.9190) ΔKL -0.0007 (0.7126)
olmo2_1b   E_modulation  D_doc         | +0.12 (0.1309) | +0.82 +0.46 +0.83 Δ +0.002 (0.3163) ΔR² +0.038 (0.0140) ΔKL +0.0030 (0.0170)
gemma2_2b  C_harmonic    A_win40       | +0.19 (0.1159) | +0.80 +0.45 +0.80 Δ -0.002 (0.4018) ΔR² +0.008 (0.4183) ΔKL +0.0017 (0.3053)
gemma2_2b  C_harmonic    B_any         | +0.12 (0.1874) | +0.80 +0.27 +0.80 Δ -0.001 (0.2859) ΔR² +0.007 (0.3268) ΔKL +0.0012 (0.2769)
gemma2_2b  C_harmonic    D_doc         | -0.01 (0.5432) | +0.80 +0.37 +0.80 Δ -0.003 (0.4088) ΔR² -0.015 (0.9510) ΔKL -0.0021 (0.8116)
gemma2_2b  D_chord       A_win40       | +0.00 (0.4918) | +0.90 +0.35 +0.90 Δ -0.004 (0.9165) ΔR² -0.016 (0.9600) ΔKL -0.0003 (0.5567)
gemma2_2b  D_chord       B_any         | -0.03 (0.5947) | +0.90 +0.20 +0.90 Δ +0.000 (0.5327) ΔR² -0.003 (0.4813) ΔKL -0.0001 (0.3963)
gemma2_2b  D_chord       D_doc         | +0.03 (0.4183) | +0.90 +0.33 +0.90 Δ -0.002 (0.7411) ΔR² -0.005 (0.5887) ΔKL -0.0000 (0.3843)
gemma2_2b  E_modulation  A_win40       | +0.12 (0.1214) | +0.86 +0.45 +0.85 Δ -0.010 (0.9875) ΔR² +0.010 (0.1139) ΔKL +0.0014 (0.0875)
gemma2_2b  E_modulation  B_any         | +0.00 (0.5112) | +0.86 +0.24 +0.86 Δ -0.003 (0.6992) ΔR² -0.011 (0.8501) ΔKL -0.0002 (0.3943)
gemma2_2b  E_modulation  D_doc         | +0.14 (0.0860) | +0.86 +0.40 +0.86 Δ -0.003 (0.7086) ΔR² +0.031 (0.0135) ΔKL +0.0017 (0.0460)
qwen25_3b  C_harmonic    A_win40       | +0.07 (0.2449) | +0.82 +0.52 +0.82 Δ +0.005 (0.0770) ΔR² +0.017 (0.0940) ΔKL +0.0036 (0.0890)
qwen25_3b  C_harmonic    B_any         | -0.02 (0.6037) | +0.82 +0.31 +0.81 Δ -0.010 (0.9200) ΔR² -0.030 (0.9985) ΔKL -0.0013 (0.7811)
qwen25_3b  C_harmonic    D_doc         | +0.01 (0.4638) | +0.82 +0.45 +0.81 Δ -0.008 (0.8016) ΔR² +0.013 (0.1274) ΔKL +0.0025 (0.1234)
qwen25_3b  D_chord       A_win40       | -0.01 (0.5367) | +0.79 +0.37 +0.79 Δ +0.001 (0.4628) ΔR² -0.021 (0.9870) ΔKL -0.0016 (0.8036)
qwen25_3b  D_chord       B_any         | +0.12 (0.2394) | +0.79 +0.28 +0.78 Δ -0.009 (0.8981) ΔR² -0.011 (0.8566) ΔKL -0.0012 (0.7531)
qwen25_3b  D_chord       D_doc         | +0.03 (0.4288) | +0.79 +0.37 +0.79 Δ +0.002 (0.4318) ΔR² -0.001 (0.5542) ΔKL -0.0004 (0.6277)
qwen25_3b  E_modulation  A_win40       | -0.16 (0.9595) | +0.87 +0.39 +0.87 Δ -0.006 (0.8061) ΔR² -0.009 (0.7301) ΔKL -0.0004 (0.5517)
qwen25_3b  E_modulation  B_any         | -0.18 (0.9750) | +0.87 +0.22 +0.87 Δ +0.001 (0.2249) ΔR² +0.003 (0.1784) ΔKL +0.0004 (0.1089)
qwen25_3b  E_modulation  D_doc         | -0.01 (0.5482) | +0.87 +0.44 +0.88 Δ +0.004 (0.0555) ΔR² +0.013 (0.0665) ΔKL +0.0013 (0.0285)
olmo2_7b   C_harmonic    A_win40       | -0.12 (0.7826) | +0.70 +0.45 +0.71 Δ +0.004 (0.6192) ΔR² -0.025 (0.9900) ΔKL -0.0037 (0.9745)
olmo2_7b   C_harmonic    B_any         | -0.07 (0.6922) | +0.70 +0.32 +0.71 Δ +0.004 (0.6237) ΔR² -0.016 (0.9120) ΔKL -0.0018 (0.7776)
olmo2_7b   C_harmonic    D_doc         | +0.18 (0.0960) | +0.70 +0.38 +0.72 Δ +0.013 (0.2534) ΔR² +0.031 (0.0780) ΔKL +0.0028 (0.2549)
olmo2_7b   D_chord       A_win40       | -0.19 (0.9265) | +0.68 +0.42 +0.69 Δ +0.015 (0.0875) ΔR² -0.010 (0.7431) ΔKL -0.0051 (0.9540)
olmo2_7b   D_chord       B_any         | -0.11 (0.8256) | +0.68 +0.32 +0.68 Δ +0.003 (0.3003) ΔR² -0.005 (0.5042) ΔKL -0.0010 (0.5707)
olmo2_7b   D_chord       D_doc         | +0.04 (0.3673) | +0.68 +0.39 +0.68 Δ +0.001 (0.3958) ΔR² -0.009 (0.6907) ΔKL -0.0010 (0.5952)
olmo2_7b   E_modulation  A_win40       | +0.12 (0.1134) | +0.73 +0.49 +0.74 Δ +0.013 (0.0270) ΔR² +0.021 (0.0590) ΔKL +0.0017 (0.0535)
olmo2_7b   E_modulation  B_any         | +0.09 (0.1769) | +0.73 +0.36 +0.72 Δ -0.006 (0.8856) ΔR² -0.013 (0.8716) ΔKL -0.0008 (0.8716)
olmo2_7b   E_modulation  D_doc         | +0.17 (0.0475) | +0.73 +0.41 +0.74 Δ +0.011 (0.0575) ΔR² +0.061 (0.0025) ΔKL +0.0013 (0.0635)
saved wikipedia_thin_dolmino_dclm_v4_neutral
VALID /home/moloch/Documents/Research/pitch_fourier/results/phase5/v4_provenance_manifest.json
VALID results/phase5/fingerprint/wikipedia_thin_dolmino_dclm_v4_neutral.json: 36 cells
VALID /home/moloch/Documents/Research/pitch_fourier/results/phase5/v4_provenance_manifest.json
== 00:11:26 fingerprint results/phase5/cond_wikipedia_thin_dolmino_dclm_v4_s1.npz wikipedia_thin_dolmino_dclm_v4_s1 olmo2_1b,gemma2_2b,qwen25_3b,olmo2_7b C_harmonic,D_chord,E_modulation A_win40,B_any,D_doc --nperm-res=2000 --nperm-loo=2000
corpus=wikipedia_thin_dolmino_dclm_v4_s1; source counts [1, 12, 23, 35, 161, 121, 239, 343, 259, 293, 258, 178, 85, 16, 10]; view=spelled rich=False targetprior=False templates=[0, 1, 2, 3] nperm_res=2000 nperm_loo=2000 nboot=0 jobs=20
model      family        extract       | residual r (p) | LOO theory corpus both ΔCV(p) ΔR²(p) ΔKL(p)
olmo2_1b   C_harmonic    A_win40       | +0.02 (0.4518) | +0.87 +0.66 +0.87 Δ +0.001 (0.2764) ΔR² -0.016 (1.0000) ΔKL -0.0003 (0.6427)
olmo2_1b   C_harmonic    B_any         | -0.09 (0.7186) | +0.87 +0.47 +0.86 Δ -0.006 (0.8791) ΔR² -0.008 (0.9250) ΔKL -0.0016 (0.8701)
olmo2_1b   C_harmonic    D_doc         | +0.15 (0.1894) | +0.87 +0.57 +0.87 Δ +0.003 (0.1509) ΔR² +0.022 (0.3133) ΔKL +0.0052 (0.2504)
olmo2_1b   D_chord       A_win40       | -0.10 (0.6837) | +0.94 +0.62 +0.94 Δ -0.001 (0.8356) ΔR² -0.003 (0.8376) ΔKL -0.0009 (0.4173)
olmo2_1b   D_chord       B_any         | -0.25 (0.9335) | +0.94 +0.42 +0.94 Δ +0.003 (0.4158) ΔR² +0.021 (0.3213) ΔKL -0.0041 (0.7291)
olmo2_1b   D_chord       D_doc         | +0.10 (0.3248) | +0.94 +0.55 +0.93 Δ -0.005 (0.9860) ΔR² -0.005 (0.8791) ΔKL +0.0011 (0.1459)
olmo2_1b   E_modulation  A_win40       | +0.05 (0.3638) | +0.92 +0.69 +0.92 Δ +0.002 (0.2749) ΔR² +0.002 (0.4253) ΔKL +0.0009 (0.2844)
olmo2_1b   E_modulation  B_any         | -0.02 (0.5767) | +0.92 +0.50 +0.91 Δ -0.001 (0.6567) ΔR² -0.009 (0.8566) ΔKL -0.0006 (0.7036)
olmo2_1b   E_modulation  D_doc         | +0.09 (0.2764) | +0.92 +0.62 +0.92 Δ +0.002 (0.2834) ΔR² +0.006 (0.3438) ΔKL +0.0013 (0.2039)
gemma2_2b  C_harmonic    A_win40       | -0.03 (0.5922) | +0.88 +0.63 +0.88 Δ -0.002 (0.8921) ΔR² -0.010 (0.9715) ΔKL -0.0025 (0.8411)
gemma2_2b  C_harmonic    B_any         | -0.03 (0.5887) | +0.88 +0.47 +0.88 Δ -0.003 (0.9155) ΔR² -0.008 (0.8956) ΔKL -0.0009 (0.6612)
gemma2_2b  C_harmonic    D_doc         | +0.13 (0.1974) | +0.88 +0.59 +0.89 Δ +0.008 (0.1984) ΔR² -0.001 (0.6062) ΔKL +0.0045 (0.2729)
gemma2_2b  D_chord       A_win40       | -0.18 (0.8586) | +0.96 +0.64 +0.96 Δ -0.001 (0.4258) ΔR² +0.050 (0.1159) ΔKL -0.0002 (0.2909)
gemma2_2b  D_chord       B_any         | -0.25 (0.9645) | +0.96 +0.46 +0.95 Δ -0.007 (0.9670) ΔR² +0.054 (0.0470) ΔKL -0.0031 (0.8071)
gemma2_2b  D_chord       D_doc         | +0.11 (0.2749) | +0.96 +0.59 +0.96 Δ -0.001 (0.4358) ΔR² -0.022 (0.9995) ΔKL +0.0003 (0.1874)
gemma2_2b  E_modulation  A_win40       | -0.06 (0.6502) | +0.92 +0.65 +0.92 Δ +0.000 (0.6832) ΔR² -0.007 (0.9350) ΔKL -0.0011 (0.7936)
gemma2_2b  E_modulation  B_any         | -0.07 (0.6672) | +0.92 +0.50 +0.92 Δ -0.001 (0.8321) ΔR² -0.006 (0.8401) ΔKL -0.0022 (0.9320)
gemma2_2b  E_modulation  D_doc         | +0.12 (0.2529) | +0.92 +0.63 +0.92 Δ +0.003 (0.3408) ΔR² -0.008 (0.9185) ΔKL +0.0028 (0.1584)
qwen25_3b  C_harmonic    A_win40       | -0.09 (0.6792) | +0.88 +0.68 +0.88 Δ +0.001 (0.3218) ΔR² -0.005 (0.8186) ΔKL +0.0029 (0.2849)
qwen25_3b  C_harmonic    B_any         | -0.24 (0.9500) | +0.88 +0.47 +0.87 Δ -0.007 (0.9560) ΔR² +0.001 (0.5262) ΔKL -0.0038 (0.9470)
qwen25_3b  C_harmonic    D_doc         | +0.18 (0.1589) | +0.88 +0.61 +0.88 Δ +0.003 (0.2264) ΔR² +0.044 (0.1499) ΔKL +0.0068 (0.1414)
qwen25_3b  D_chord       A_win40       | -0.10 (0.7316) | +0.89 +0.62 +0.89 Δ +0.001 (0.5542) ΔR² -0.006 (0.8081) ΔKL -0.0007 (0.7341)
qwen25_3b  D_chord       B_any         | -0.03 (0.5862) | +0.89 +0.48 +0.89 Δ -0.003 (0.8636) ΔR² -0.005 (0.6847) ΔKL -0.0008 (0.7066)
qwen25_3b  D_chord       D_doc         | +0.03 (0.4528) | +0.89 +0.61 +0.89 Δ +0.000 (0.6182) ΔR² -0.011 (0.9520) ΔKL +0.0001 (0.5662)
qwen25_3b  E_modulation  A_win40       | -0.05 (0.6377) | +0.95 +0.72 +0.95 Δ +0.001 (0.1159) ΔR² -0.017 (0.9975) ΔKL -0.0006 (0.6467)
qwen25_3b  E_modulation  B_any         | -0.22 (0.9435) | +0.95 +0.50 +0.94 Δ -0.004 (0.7686) ΔR² +0.029 (0.1069) ΔKL -0.0031 (0.9715)
qwen25_3b  E_modulation  D_doc         | +0.12 (0.2129) | +0.95 +0.65 +0.95 Δ +0.001 (0.1199) ΔR² -0.007 (0.8931) ΔKL +0.0013 (0.1604)
olmo2_7b   C_harmonic    A_win40       | -0.17 (0.8401) | +0.77 +0.59 +0.77 Δ -0.008 (0.9545) ΔR² -0.009 (0.9235) ΔKL -0.0048 (0.9510)
olmo2_7b   C_harmonic    B_any         | -0.10 (0.7881) | +0.77 +0.46 +0.77 Δ -0.006 (0.9080) ΔR² -0.010 (0.9030) ΔKL -0.0026 (0.8166)
olmo2_7b   C_harmonic    D_doc         | +0.00 (0.4738) | +0.77 +0.54 +0.77 Δ -0.004 (0.8376) ΔR² -0.013 (0.9790) ΔKL -0.0019 (0.7561)
olmo2_7b   D_chord       A_win40       | -0.18 (0.9235) | +0.83 +0.59 +0.83 Δ +0.004 (0.1129) ΔR² -0.001 (0.4983) ΔKL -0.0005 (0.5467)
olmo2_7b   D_chord       B_any         | -0.01 (0.5472) | +0.83 +0.49 +0.83 Δ -0.000 (0.2454) ΔR² -0.006 (0.6612) ΔKL -0.0003 (0.4753)
olmo2_7b   D_chord       D_doc         | +0.01 (0.4653) | +0.83 +0.53 +0.82 Δ -0.005 (0.6882) ΔR² -0.019 (0.9950) ΔKL -0.0019 (0.6772)
olmo2_7b   E_modulation  A_win40       | +0.02 (0.4598) | +0.89 +0.71 +0.90 Δ +0.007 (0.0660) ΔR² +0.010 (0.2809) ΔKL +0.0013 (0.1919)
olmo2_7b   E_modulation  B_any         | -0.12 (0.8486) | +0.89 +0.51 +0.89 Δ -0.001 (0.6392) ΔR² -0.011 (0.9315) ΔKL -0.0008 (0.7186)
olmo2_7b   E_modulation  D_doc         | +0.22 (0.0400) | +0.89 +0.66 +0.91 Δ +0.017 (0.0060) ΔR² +0.066 (0.0105) ΔKL +0.0055 (0.0110)
saved wikipedia_thin_dolmino_dclm_v4_s1
VALID /home/moloch/Documents/Research/pitch_fourier/results/phase5/v4_provenance_manifest.json
VALID results/phase5/fingerprint/wikipedia_thin_dolmino_dclm_v4_s1.json: 36 cells
VALID /home/moloch/Documents/Research/pitch_fourier/results/phase5/v4_provenance_manifest.json
== 00:15:09 fingerprint results/phase5/cond_wikipedia_thin_dolmino_dclm_v4_s1.npz wikipedia_thin_dolmino_dclm_v4_s1 olmo2_1b,gemma2_2b,qwen25_3b,olmo2_7b C_harmonic,D_chord,E_modulation A_win40,B_any,D_doc --neutral --nperm-res=2000 --nperm-loo=2000
corpus=wikipedia_thin_dolmino_dclm_v4_s1; source counts [1, 12, 23, 35, 161, 121, 239, 343, 259, 293, 258, 178, 85, 16, 10]; view=aggregated rich=False targetprior=False templates=[0, 1, 2, 3] nperm_res=2000 nperm_loo=2000 nboot=0 jobs=20
model      family        extract       | residual r (p) | LOO theory corpus both ΔCV(p) ΔR²(p) ΔKL(p)
olmo2_1b   C_harmonic    A_win40       | +0.11 (0.2934) | +0.70 +0.51 +0.70 Δ -0.001 (0.5072) ΔR² +0.017 (0.3323) ΔKL +0.0023 (0.4423)
olmo2_1b   C_harmonic    B_any         | +0.01 (0.4558) | +0.70 +0.27 +0.70 Δ -0.003 (0.4988) ΔR² -0.006 (0.6352) ΔKL -0.0005 (0.6542)
olmo2_1b   C_harmonic    D_doc         | +0.09 (0.3308) | +0.70 +0.42 +0.70 Δ -0.001 (0.4728) ΔR² -0.001 (0.5567) ΔKL +0.0017 (0.4363)
olmo2_1b   D_chord       A_win40       | -0.01 (0.5282) | +0.97 +0.52 +0.97 Δ -0.002 (0.4473) ΔR² -0.007 (0.7001) ΔKL -0.0005 (0.5612)
olmo2_1b   D_chord       B_any         | -0.06 (0.6532) | +0.97 +0.25 +0.97 Δ -0.001 (0.3938) ΔR² -0.011 (0.7961) ΔKL -0.0008 (0.6547)
olmo2_1b   D_chord       D_doc         | +0.11 (0.2749) | +0.97 +0.36 +0.97 Δ -0.003 (0.5562) ΔR² +0.014 (0.2559) ΔKL +0.0006 (0.2569)
olmo2_1b   E_modulation  A_win40       | +0.15 (0.1709) | +0.82 +0.57 +0.80 Δ -0.014 (0.9505) ΔR² +0.032 (0.0460) ΔKL +0.0010 (0.3253)
olmo2_1b   E_modulation  B_any         | +0.06 (0.3168) | +0.82 +0.33 +0.82 Δ +0.004 (0.0895) ΔR² -0.023 (0.9900) ΔKL -0.0017 (0.9810)
olmo2_1b   E_modulation  D_doc         | +0.23 (0.0495) | +0.82 +0.51 +0.80 Δ -0.016 (0.9745) ΔR² +0.040 (0.0315) ΔKL +0.0021 (0.1709)
gemma2_2b  C_harmonic    A_win40       | +0.08 (0.3388) | +0.77 +0.50 +0.78 Δ +0.008 (0.2619) ΔR² -0.026 (0.9970) ΔKL -0.0013 (0.7141)
gemma2_2b  C_harmonic    B_any         | +0.10 (0.2674) | +0.77 +0.26 +0.77 Δ +0.001 (0.5087) ΔR² -0.008 (0.8026) ΔKL -0.0009 (0.6257)
gemma2_2b  C_harmonic    D_doc         | +0.21 (0.1549) | +0.77 +0.42 +0.79 Δ +0.019 (0.0900) ΔR² +0.048 (0.1684) ΔKL +0.0054 (0.1859)
gemma2_2b  D_chord       A_win40       | -0.07 (0.6847) | +0.91 +0.49 +0.90 Δ -0.003 (0.8601) ΔR² -0.028 (0.9975) ΔKL -0.0008 (0.7826)
gemma2_2b  D_chord       B_any         | +0.01 (0.4643) | +0.91 +0.24 +0.90 Δ -0.002 (0.7816) ΔR² -0.016 (0.9355) ΔKL -0.0010 (0.8256)
gemma2_2b  D_chord       D_doc         | +0.24 (0.0230) | +0.91 +0.39 +0.91 Δ +0.002 (0.3098) ΔR² +0.018 (0.1714) ΔKL +0.0011 (0.1419)
gemma2_2b  E_modulation  A_win40       | +0.07 (0.2679) | +0.86 +0.51 +0.84 Δ -0.018 (0.9985) ΔR² +0.003 (0.2564) ΔKL +0.0001 (0.3468)
gemma2_2b  E_modulation  B_any         | +0.07 (0.2224) | +0.86 +0.29 +0.86 Δ +0.001 (0.2214) ΔR² -0.007 (0.6747) ΔKL -0.0001 (0.3733)
gemma2_2b  E_modulation  D_doc         | +0.28 (0.0040) | +0.86 +0.48 +0.85 Δ -0.007 (0.8576) ΔR² +0.079 (0.0005) ΔKL +0.0052 (0.0015)
qwen25_3b  C_harmonic    A_win40       | -0.02 (0.5827) | +0.83 +0.60 +0.81 Δ -0.021 (0.9730) ΔR² -0.008 (0.7106) ΔKL +0.0008 (0.2604)
qwen25_3b  C_harmonic    B_any         | +0.01 (0.4433) | +0.83 +0.34 +0.81 Δ -0.021 (0.9890) ΔR² -0.013 (0.8406) ΔKL +0.0004 (0.2424)
qwen25_3b  C_harmonic    D_doc         | +0.11 (0.1354) | +0.83 +0.45 +0.83 Δ -0.002 (0.2899) ΔR² +0.018 (0.1374) ΔKL +0.0020 (0.1729)
qwen25_3b  D_chord       A_win40       | -0.11 (0.7361) | +0.82 +0.46 +0.83 Δ +0.005 (0.3348) ΔR² -0.003 (0.6232) ΔKL +0.0012 (0.4708)
qwen25_3b  D_chord       B_any         | +0.01 (0.4578) | +0.82 +0.30 +0.82 Δ -0.003 (0.7396) ΔR² -0.017 (0.9575) ΔKL -0.0013 (0.8671)
qwen25_3b  D_chord       D_doc         | +0.14 (0.1924) | +0.82 +0.48 +0.84 Δ +0.018 (0.0900) ΔR² +0.005 (0.4543) ΔKL +0.0004 (0.5562)
qwen25_3b  E_modulation  A_win40       | -0.05 (0.6802) | +0.88 +0.58 +0.87 Δ -0.001 (0.5427) ΔR² -0.012 (0.9150) ΔKL -0.0002 (0.4013)
qwen25_3b  E_modulation  B_any         | -0.13 (0.9020) | +0.88 +0.28 +0.86 Δ -0.012 (0.9790) ΔR² -0.014 (0.9160) ΔKL -0.0014 (0.9890)
qwen25_3b  E_modulation  D_doc         | +0.10 (0.1974) | +0.88 +0.44 +0.88 Δ +0.007 (0.0360) ΔR² +0.013 (0.0890) ΔKL +0.0007 (0.1344)
olmo2_7b   C_harmonic    A_win40       | -0.07 (0.6502) | +0.71 +0.50 +0.71 Δ +0.003 (0.3813) ΔR² -0.011 (0.8571) ΔKL -0.0003 (0.5872)
olmo2_7b   C_harmonic    B_any         | -0.06 (0.6397) | +0.71 +0.30 +0.71 Δ -0.002 (0.6012) ΔR² -0.009 (0.6992) ΔKL -0.0013 (0.7231)
olmo2_7b   C_harmonic    D_doc         | +0.02 (0.4463) | +0.71 +0.43 +0.71 Δ -0.001 (0.5592) ΔR² -0.009 (0.7511) ΔKL -0.0010 (0.6612)
olmo2_7b   D_chord       A_win40       | -0.13 (0.7886) | +0.67 +0.49 +0.67 Δ -0.000 (0.4283) ΔR² -0.005 (0.6037) ΔKL -0.0012 (0.6992)
olmo2_7b   D_chord       B_any         | -0.02 (0.5552) | +0.67 +0.35 +0.67 Δ -0.004 (0.5292) ΔR² -0.008 (0.6612) ΔKL -0.0007 (0.5777)
olmo2_7b   D_chord       D_doc         | +0.07 (0.3328) | +0.67 +0.45 +0.66 Δ -0.013 (0.8706) ΔR² -0.011 (0.8246) ΔKL +0.0006 (0.4963)
olmo2_7b   E_modulation  A_win40       | +0.10 (0.1579) | +0.73 +0.60 +0.73 Δ -0.003 (0.7571) ΔR² +0.032 (0.0165) ΔKL +0.0015 (0.0505)
olmo2_7b   E_modulation  B_any         | +0.00 (0.4683) | +0.73 +0.36 +0.72 Δ -0.014 (0.9860) ΔR² -0.018 (0.9695) ΔKL -0.0012 (0.9760)
olmo2_7b   E_modulation  D_doc         | +0.30 (0.0025) | +0.73 +0.55 +0.75 Δ +0.021 (0.0130) ΔR² +0.116 (0.0005) ΔKL +0.0057 (0.0005)
saved wikipedia_thin_dolmino_dclm_v4_s1_neutral
VALID /home/moloch/Documents/Research/pitch_fourier/results/phase5/v4_provenance_manifest.json
VALID results/phase5/fingerprint/wikipedia_thin_dolmino_dclm_v4_s1_neutral.json: 36 cells
VALID /home/moloch/Documents/Research/pitch_fourier/results/phase5/v4_provenance_manifest.json
== 00:19:20 fingerprint results/phase5/cond_wikipedia_thin_dolmino_dclm_v4_s2.npz wikipedia_thin_dolmino_dclm_v4_s2 olmo2_1b,gemma2_2b,qwen25_3b,olmo2_7b C_harmonic,D_chord,E_modulation A_win40,B_any,D_doc --nperm-res=2000 --nperm-loo=2000
corpus=wikipedia_thin_dolmino_dclm_v4_s2; source counts [3, 6, 32, 51, 166, 127, 229, 342, 253, 311, 227, 144, 80, 8, 7]; view=spelled rich=False targetprior=False templates=[0, 1, 2, 3] nperm_res=2000 nperm_loo=2000 nboot=0 jobs=20
model      family        extract       | residual r (p) | LOO theory corpus both ΔCV(p) ΔR²(p) ΔKL(p)
olmo2_1b   C_harmonic    A_win40       | -0.15 (0.8011) | +0.87 +0.54 +0.87 Δ -0.004 (0.9440) ΔR² +0.012 (0.4063) ΔKL -0.0021 (0.8616)
olmo2_1b   C_harmonic    B_any         | -0.08 (0.6812) | +0.87 +0.46 +0.87 Δ -0.004 (0.9135) ΔR² -0.007 (0.8696) ΔKL -0.0019 (0.8316)
olmo2_1b   C_harmonic    D_doc         | +0.13 (0.2274) | +0.87 +0.56 +0.88 Δ +0.003 (0.2909) ΔR² +0.007 (0.4523) ΔKL -0.0009 (0.6567)
olmo2_1b   D_chord       A_win40       | -0.09 (0.6847) | +0.93 +0.55 +0.93 Δ -0.001 (0.8266) ΔR² -0.005 (0.9290) ΔKL -0.0015 (0.4398)
olmo2_1b   D_chord       B_any         | -0.10 (0.7126) | +0.93 +0.43 +0.94 Δ +0.001 (0.4623) ΔR² -0.015 (0.9995) ΔKL -0.0005 (0.3103)
olmo2_1b   D_chord       D_doc         | +0.11 (0.2929) | +0.93 +0.52 +0.93 Δ -0.002 (0.9040) ΔR² -0.008 (0.9555) ΔKL -0.0013 (0.4188)
olmo2_1b   E_modulation  A_win40       | +0.03 (0.4168) | +0.93 +0.63 +0.93 Δ +0.004 (0.0910) ΔR² -0.010 (0.9615) ΔKL -0.0003 (0.3383)
olmo2_1b   E_modulation  B_any         | -0.08 (0.7311) | +0.93 +0.53 +0.93 Δ -0.002 (0.5942) ΔR² -0.020 (0.9955) ΔKL -0.0012 (0.6577)
olmo2_1b   E_modulation  D_doc         | +0.15 (0.1539) | +0.93 +0.58 +0.92 Δ -0.003 (0.7186) ΔR² +0.005 (0.4218) ΔKL -0.0008 (0.5322)
gemma2_2b  C_harmonic    A_win40       | +0.05 (0.3628) | +0.90 +0.58 +0.89 Δ -0.005 (0.8216) ΔR² -0.014 (0.9935) ΔKL -0.0017 (0.6672)
gemma2_2b  C_harmonic    B_any         | +0.01 (0.4513) | +0.90 +0.46 +0.89 Δ -0.002 (0.6047) ΔR² -0.015 (0.9850) ΔKL -0.0025 (0.7536)
gemma2_2b  C_harmonic    D_doc         | +0.05 (0.3788) | +0.90 +0.56 +0.89 Δ -0.003 (0.6992) ΔR² -0.012 (0.9690) ΔKL -0.0006 (0.5257)
gemma2_2b  D_chord       A_win40       | -0.11 (0.7496) | +0.95 +0.56 +0.95 Δ -0.001 (0.6692) ΔR² +0.035 (0.2189) ΔKL -0.0019 (0.6387)
gemma2_2b  D_chord       B_any         | -0.12 (0.7581) | +0.95 +0.43 +0.95 Δ -0.001 (0.6217) ΔR² +0.004 (0.4673) ΔKL -0.0009 (0.4968)
gemma2_2b  D_chord       D_doc         | +0.08 (0.3128) | +0.95 +0.55 +0.95 Δ -0.001 (0.5842) ΔR² -0.013 (0.9910) ΔKL -0.0020 (0.6362)
gemma2_2b  E_modulation  A_win40       | -0.05 (0.6167) | +0.93 +0.61 +0.93 Δ -0.002 (0.7371) ΔR² -0.002 (0.7431) ΔKL -0.0008 (0.5347)
gemma2_2b  E_modulation  B_any         | -0.01 (0.5277) | +0.93 +0.51 +0.93 Δ -0.001 (0.5157) ΔR² -0.010 (0.9440) ΔKL -0.0015 (0.6382)
gemma2_2b  E_modulation  D_doc         | +0.15 (0.1889) | +0.93 +0.59 +0.93 Δ +0.002 (0.2494) ΔR² -0.001 (0.6422) ΔKL +0.0004 (0.2784)
qwen25_3b  C_harmonic    A_win40       | -0.08 (0.6572) | +0.88 +0.64 +0.88 Δ +0.001 (0.2509) ΔR² -0.010 (0.9760) ΔKL -0.0001 (0.4938)
qwen25_3b  C_harmonic    B_any         | -0.14 (0.7901) | +0.88 +0.49 +0.88 Δ -0.003 (0.5642) ΔR² -0.015 (0.9975) ΔKL -0.0017 (0.7671)
qwen25_3b  C_harmonic    D_doc         | +0.14 (0.1954) | +0.88 +0.56 +0.88 Δ +0.001 (0.2234) ΔR² +0.013 (0.3468) ΔKL +0.0007 (0.3978)
qwen25_3b  D_chord       A_win40       | -0.01 (0.5132) | +0.88 +0.57 +0.88 Δ +0.001 (0.4488) ΔR² -0.009 (0.9600) ΔKL -0.0002 (0.5577)
qwen25_3b  D_chord       B_any         | -0.04 (0.5827) | +0.88 +0.46 +0.88 Δ -0.004 (0.9065) ΔR² -0.003 (0.6192) ΔKL +0.0011 (0.3908)
qwen25_3b  D_chord       D_doc         | +0.03 (0.4523) | +0.88 +0.58 +0.88 Δ +0.001 (0.5072) ΔR² -0.008 (0.8876) ΔKL -0.0012 (0.7111)
qwen25_3b  E_modulation  A_win40       | -0.06 (0.6492) | +0.95 +0.63 +0.94 Δ -0.001 (0.4318) ΔR² -0.003 (0.7726) ΔKL -0.0012 (0.5802)
qwen25_3b  E_modulation  B_any         | -0.14 (0.8446) | +0.95 +0.50 +0.94 Δ -0.002 (0.6767) ΔR² -0.003 (0.6362) ΔKL -0.0003 (0.3303)
qwen25_3b  E_modulation  D_doc         | +0.20 (0.0835) | +0.95 +0.60 +0.95 Δ +0.000 (0.2259) ΔR² +0.004 (0.4883) ΔKL -0.0012 (0.5997)
olmo2_7b   C_harmonic    A_win40       | -0.09 (0.7081) | +0.77 +0.58 +0.76 Δ -0.002 (0.7796) ΔR² -0.010 (0.9595) ΔKL -0.0033 (0.8481)
olmo2_7b   C_harmonic    B_any         | -0.15 (0.8661) | +0.77 +0.45 +0.77 Δ +0.000 (0.5257) ΔR² -0.010 (0.9310) ΔKL -0.0000 (0.4643)
olmo2_7b   C_harmonic    D_doc         | +0.03 (0.4078) | +0.77 +0.50 +0.76 Δ -0.003 (0.7886) ΔR² -0.004 (0.7056) ΔKL -0.0063 (0.9405)
olmo2_7b   D_chord       A_win40       | -0.05 (0.6052) | +0.82 +0.54 +0.82 Δ -0.005 (0.7901) ΔR² -0.012 (0.9440) ΔKL -0.0020 (0.6497)
olmo2_7b   D_chord       B_any         | -0.08 (0.7611) | +0.82 +0.42 +0.81 Δ -0.008 (0.8956) ΔR² -0.006 (0.6547) ΔKL -0.0019 (0.6067)
olmo2_7b   D_chord       D_doc         | +0.14 (0.1234) | +0.82 +0.57 +0.83 Δ +0.012 (0.0565) ΔR² +0.038 (0.0685) ΔKL -0.0053 (0.8571)
olmo2_7b   E_modulation  A_win40       | +0.12 (0.1929) | +0.88 +0.65 +0.87 Δ -0.004 (0.9205) ΔR² +0.008 (0.4038) ΔKL +0.0022 (0.1054)
olmo2_7b   E_modulation  B_any         | -0.04 (0.6352) | +0.88 +0.53 +0.88 Δ +0.001 (0.5677) ΔR² -0.014 (0.9770) ΔKL -0.0007 (0.5497)
olmo2_7b   E_modulation  D_doc         | +0.12 (0.1989) | +0.88 +0.56 +0.87 Δ -0.002 (0.8801) ΔR² +0.005 (0.4238) ΔKL -0.0018 (0.7746)
saved wikipedia_thin_dolmino_dclm_v4_s2
VALID /home/moloch/Documents/Research/pitch_fourier/results/phase5/v4_provenance_manifest.json
VALID results/phase5/fingerprint/wikipedia_thin_dolmino_dclm_v4_s2.json: 36 cells
VALID /home/moloch/Documents/Research/pitch_fourier/results/phase5/v4_provenance_manifest.json
== 00:22:45 fingerprint results/phase5/cond_wikipedia_thin_dolmino_dclm_v4_s2.npz wikipedia_thin_dolmino_dclm_v4_s2 olmo2_1b,gemma2_2b,qwen25_3b,olmo2_7b C_harmonic,D_chord,E_modulation A_win40,B_any,D_doc --neutral --nperm-res=2000 --nperm-loo=2000
corpus=wikipedia_thin_dolmino_dclm_v4_s2; source counts [3, 6, 32, 51, 166, 127, 229, 342, 253, 311, 227, 144, 80, 8, 7]; view=aggregated rich=False targetprior=False templates=[0, 1, 2, 3] nperm_res=2000 nperm_loo=2000 nboot=0 jobs=20
model      family        extract       | residual r (p) | LOO theory corpus both ΔCV(p) ΔR²(p) ΔKL(p)
olmo2_1b   C_harmonic    A_win40       | -0.13 (0.7731) | +0.70 +0.38 +0.68 Δ -0.019 (0.9750) ΔR² -0.006 (0.7636) ΔKL -0.0011 (0.8086)
olmo2_1b   C_harmonic    B_any         | +0.00 (0.4988) | +0.70 +0.33 +0.70 Δ -0.002 (0.5522) ΔR² -0.011 (0.8571) ΔKL -0.0018 (0.9000)
olmo2_1b   C_harmonic    D_doc         | +0.00 (0.4888) | +0.70 +0.35 +0.69 Δ -0.012 (0.8856) ΔR² -0.021 (0.9780) ΔKL -0.0029 (0.9685)
olmo2_1b   D_chord       A_win40       | +0.03 (0.4168) | +0.96 +0.37 +0.97 Δ +0.002 (0.0400) ΔR² -0.011 (0.8966) ΔKL -0.0002 (0.4048)
olmo2_1b   D_chord       B_any         | -0.12 (0.8061) | +0.96 +0.31 +0.96 Δ -0.001 (0.3398) ΔR² -0.012 (0.8746) ΔKL -0.0008 (0.6507)
olmo2_1b   D_chord       D_doc         | +0.06 (0.3798) | +0.96 +0.32 +0.96 Δ -0.004 (0.7016) ΔR² -0.006 (0.6387) ΔKL -0.0024 (0.8721)
olmo2_1b   E_modulation  A_win40       | +0.07 (0.2729) | +0.83 +0.51 +0.81 Δ -0.012 (0.9580) ΔR² -0.023 (0.9915) ΔKL -0.0022 (0.9925)
olmo2_1b   E_modulation  B_any         | -0.05 (0.6647) | +0.83 +0.45 +0.83 Δ -0.000 (0.2324) ΔR² -0.014 (0.9225) ΔKL -0.0011 (0.8896)
olmo2_1b   E_modulation  D_doc         | +0.10 (0.2179) | +0.83 +0.40 +0.83 Δ +0.001 (0.2054) ΔR² -0.013 (0.9110) ΔKL -0.0010 (0.8586)
gemma2_2b  C_harmonic    A_win40       | +0.10 (0.3018) | +0.78 +0.41 +0.78 Δ -0.001 (0.6727) ΔR² -0.041 (1.0000) ΔKL -0.0034 (0.9010)
gemma2_2b  C_harmonic    B_any         | +0.01 (0.4868) | +0.78 +0.34 +0.77 Δ -0.008 (0.8946) ΔR² -0.023 (0.9905) ΔKL -0.0029 (0.8951)
gemma2_2b  C_harmonic    D_doc         | +0.04 (0.4358) | +0.78 +0.38 +0.78 Δ -0.005 (0.8266) ΔR² -0.008 (0.8286) ΔKL -0.0014 (0.6882)
gemma2_2b  D_chord       A_win40       | +0.06 (0.3273) | +0.90 +0.34 +0.90 Δ +0.001 (0.4808) ΔR² -0.026 (0.9980) ΔKL -0.0013 (0.8211)
gemma2_2b  D_chord       B_any         | -0.04 (0.5897) | +0.90 +0.29 +0.90 Δ -0.001 (0.6637) ΔR² -0.015 (0.9360) ΔKL -0.0007 (0.6217)
gemma2_2b  D_chord       D_doc         | +0.07 (0.2834) | +0.90 +0.34 +0.90 Δ -0.004 (0.8741) ΔR² -0.006 (0.6962) ΔKL -0.0016 (0.8196)
gemma2_2b  E_modulation  A_win40       | +0.12 (0.1069) | +0.86 +0.44 +0.85 Δ -0.006 (0.9805) ΔR² -0.025 (0.9955) ΔKL -0.0020 (0.9985)
gemma2_2b  E_modulation  B_any         | +0.01 (0.4788) | +0.86 +0.38 +0.86 Δ +0.001 (0.3883) ΔR² -0.024 (0.9955) ΔKL -0.0015 (0.9910)
gemma2_2b  E_modulation  D_doc         | +0.07 (0.2714) | +0.86 +0.38 +0.86 Δ -0.001 (0.7376) ΔR² -0.019 (0.9810) ΔKL -0.0012 (0.9810)
qwen25_3b  C_harmonic    A_win40       | -0.03 (0.6287) | +0.82 +0.50 +0.82 Δ -0.001 (0.4758) ΔR² -0.032 (1.0000) ΔKL -0.0034 (0.9955)
qwen25_3b  C_harmonic    B_any         | -0.02 (0.5862) | +0.82 +0.42 +0.82 Δ +0.004 (0.0790) ΔR² -0.012 (0.7726) ΔKL -0.0022 (0.9500)
qwen25_3b  C_harmonic    D_doc         | -0.02 (0.5557) | +0.82 +0.37 +0.82 Δ -0.004 (0.6442) ΔR² -0.022 (0.9795) ΔKL -0.0028 (0.9905)
qwen25_3b  D_chord       A_win40       | +0.03 (0.4523) | +0.78 +0.39 +0.76 Δ -0.013 (0.9525) ΔR² -0.027 (0.9985) ΔKL -0.0018 (0.8176)
qwen25_3b  D_chord       B_any         | -0.05 (0.6087) | +0.78 +0.34 +0.78 Δ +0.002 (0.3558) ΔR² -0.012 (0.8996) ΔKL -0.0009 (0.6767)
qwen25_3b  D_chord       D_doc         | +0.05 (0.3733) | +0.78 +0.41 +0.77 Δ -0.005 (0.7516) ΔR² -0.008 (0.7946) ΔKL -0.0009 (0.6677)
qwen25_3b  E_modulation  A_win40       | -0.02 (0.6107) | +0.87 +0.42 +0.86 Δ -0.009 (0.9525) ΔR² -0.028 (0.9995) ΔKL -0.0013 (0.9720)
qwen25_3b  E_modulation  B_any         | -0.09 (0.8336) | +0.87 +0.37 +0.86 Δ -0.004 (0.7876) ΔR² -0.011 (0.8206) ΔKL -0.0004 (0.5317)
qwen25_3b  E_modulation  D_doc         | +0.05 (0.3113) | +0.87 +0.37 +0.87 Δ -0.002 (0.5102) ΔR² -0.019 (0.9860) ΔKL -0.0017 (0.9915)
olmo2_7b   C_harmonic    A_win40       | -0.15 (0.8276) | +0.71 +0.40 +0.70 Δ -0.010 (0.9165) ΔR² -0.007 (0.7001) ΔKL -0.0009 (0.6792)
olmo2_7b   C_harmonic    B_any         | -0.14 (0.8531) | +0.71 +0.33 +0.72 Δ +0.010 (0.1984) ΔR² -0.010 (0.7136) ΔKL +0.0017 (0.3043)
olmo2_7b   C_harmonic    D_doc         | -0.14 (0.8306) | +0.71 +0.35 +0.70 Δ -0.010 (0.9115) ΔR² -0.022 (0.9700) ΔKL -0.0045 (0.9820)
olmo2_7b   D_chord       A_win40       | -0.11 (0.7801) | +0.68 +0.40 +0.66 Δ -0.012 (0.7911) ΔR² -0.027 (0.9935) ΔKL -0.0046 (0.9615)
olmo2_7b   D_chord       B_any         | -0.14 (0.8691) | +0.68 +0.34 +0.66 Δ -0.010 (0.7256) ΔR² -0.006 (0.5222) ΔKL -0.0021 (0.7296)
olmo2_7b   D_chord       D_doc         | +0.06 (0.3463) | +0.68 +0.40 +0.67 Δ -0.002 (0.4088) ΔR² +0.014 (0.2134) ΔKL -0.0049 (0.9285)
olmo2_7b   E_modulation  A_win40       | +0.17 (0.0420) | +0.72 +0.51 +0.70 Δ -0.019 (1.0000) ΔR² +0.006 (0.2119) ΔKL -0.0006 (0.7681)
olmo2_7b   E_modulation  B_any         | -0.02 (0.5837) | +0.72 +0.44 +0.72 Δ -0.001 (0.5367) ΔR² -0.017 (0.9550) ΔKL -0.0010 (0.9400)
olmo2_7b   E_modulation  D_doc         | -0.04 (0.6657) | +0.72 +0.37 +0.73 Δ +0.007 (0.1504) ΔR² -0.013 (0.9085) ΔKL -0.0006 (0.7396)
saved wikipedia_thin_dolmino_dclm_v4_s2_neutral
VALID /home/moloch/Documents/Research/pitch_fourier/results/phase5/v4_provenance_manifest.json
VALID results/phase5/fingerprint/wikipedia_thin_dolmino_dclm_v4_s2_neutral.json: 36 cells
VALID /home/moloch/Documents/Research/pitch_fourier/results/phase5/v4_provenance_manifest.json
== 00:26:31 fingerprint results/phase5/cond_wikipedia_thin_dolmino_dclm_v4_s3.npz wikipedia_thin_dolmino_dclm_v4_s3 olmo2_1b,gemma2_2b,qwen25_3b,olmo2_7b C_harmonic,D_chord,E_modulation A_win40,B_any,D_doc --nperm-res=2000 --nperm-loo=2000
corpus=wikipedia_thin_dolmino_dclm_v4_s3; source counts [2, 11, 27, 47, 144, 144, 225, 369, 254, 325, 216, 156, 94, 10, 7]; view=spelled rich=False targetprior=False templates=[0, 1, 2, 3] nperm_res=2000 nperm_loo=2000 nboot=0 jobs=20
model      family        extract       | residual r (p) | LOO theory corpus both ΔCV(p) ΔR²(p) ΔKL(p)
olmo2_1b   C_harmonic    A_win40       | -0.07 (0.6757) | +0.88 +0.66 +0.88 Δ +0.001 (0.7006) ΔR² -0.014 (0.9950) ΔKL -0.0016 (0.8651)
olmo2_1b   C_harmonic    B_any         | -0.12 (0.8181) | +0.88 +0.45 +0.88 Δ -0.000 (0.8171) ΔR² -0.009 (0.9290) ΔKL -0.0017 (0.8771)
olmo2_1b   C_harmonic    D_doc         | -0.01 (0.5362) | +0.88 +0.57 +0.88 Δ -0.005 (0.9950) ΔR² -0.009 (0.9380) ΔKL -0.0012 (0.7806)
olmo2_1b   D_chord       A_win40       | -0.23 (0.8836) | +0.94 +0.53 +0.94 Δ +0.001 (0.5342) ΔR² +0.024 (0.3803) ΔKL -0.0021 (0.5127)
olmo2_1b   D_chord       B_any         | -0.20 (0.8851) | +0.94 +0.33 +0.94 Δ +0.000 (0.6202) ΔR² +0.020 (0.3348) ΔKL -0.0038 (0.6912)
olmo2_1b   D_chord       D_doc         | -0.06 (0.6197) | +0.94 +0.52 +0.94 Δ +0.001 (0.5092) ΔR² -0.021 (1.0000) ΔKL -0.0016 (0.4603)
olmo2_1b   E_modulation  A_win40       | +0.00 (0.4773) | +0.93 +0.70 +0.93 Δ +0.001 (0.1704) ΔR² -0.010 (0.8911) ΔKL +0.0003 (0.2149)
olmo2_1b   E_modulation  B_any         | -0.03 (0.6117) | +0.93 +0.52 +0.93 Δ -0.002 (0.7221) ΔR² -0.027 (0.9980) ΔKL -0.0008 (0.7516)
olmo2_1b   E_modulation  D_doc         | +0.01 (0.4888) | +0.93 +0.56 +0.93 Δ -0.001 (0.4093) ΔR² -0.014 (0.9520) ΔKL -0.0010 (0.8076)
gemma2_2b  C_harmonic    A_win40       | -0.07 (0.6847) | +0.91 +0.63 +0.90 Δ -0.003 (0.9105) ΔR² -0.005 (0.7461) ΔKL -0.0015 (0.7621)
gemma2_2b  C_harmonic    B_any         | -0.10 (0.7871) | +0.91 +0.38 +0.90 Δ -0.003 (0.8826) ΔR² -0.009 (0.8916) ΔKL -0.0044 (0.9380)
gemma2_2b  C_harmonic    D_doc         | -0.02 (0.5457) | +0.91 +0.53 +0.90 Δ -0.002 (0.8231) ΔR² -0.006 (0.8106) ΔKL -0.0004 (0.5327)
gemma2_2b  D_chord       A_win40       | -0.18 (0.8761) | +0.95 +0.60 +0.95 Δ -0.003 (0.9620) ΔR² +0.052 (0.1109) ΔKL -0.0015 (0.6332)
gemma2_2b  D_chord       B_any         | -0.31 (0.9925) | +0.95 +0.38 +0.96 Δ +0.001 (0.6457) ΔR² +0.106 (0.0065) ΔKL -0.0014 (0.6537)
gemma2_2b  D_chord       D_doc         | -0.14 (0.8081) | +0.95 +0.55 +0.96 Δ +0.002 (0.3318) ΔR² +0.017 (0.3158) ΔKL -0.0007 (0.4908)
gemma2_2b  E_modulation  A_win40       | -0.05 (0.6082) | +0.93 +0.72 +0.93 Δ -0.001 (0.6197) ΔR² -0.008 (0.9325) ΔKL -0.0011 (0.7876)
gemma2_2b  E_modulation  B_any         | -0.10 (0.7461) | +0.93 +0.53 +0.93 Δ -0.009 (0.9975) ΔR² +0.004 (0.4038) ΔKL -0.0024 (0.9385)
gemma2_2b  E_modulation  D_doc         | -0.00 (0.5187) | +0.93 +0.55 +0.94 Δ +0.001 (0.2529) ΔR² -0.008 (0.9180) ΔKL -0.0011 (0.7786)
qwen25_3b  C_harmonic    A_win40       | -0.09 (0.7211) | +0.88 +0.65 +0.89 Δ +0.008 (0.1059) ΔR² +0.001 (0.5512) ΔKL +0.0046 (0.1474)
qwen25_3b  C_harmonic    B_any         | -0.19 (0.8921) | +0.88 +0.46 +0.88 Δ -0.003 (0.8336) ΔR² -0.006 (0.7741) ΔKL -0.0008 (0.6397)
qwen25_3b  C_harmonic    D_doc         | +0.01 (0.4838) | +0.88 +0.53 +0.88 Δ -0.005 (0.9445) ΔR² -0.003 (0.6537) ΔKL +0.0016 (0.3093)
qwen25_3b  D_chord       A_win40       | -0.07 (0.6547) | +0.89 +0.60 +0.88 Δ -0.005 (0.7741) ΔR² -0.011 (0.9775) ΔKL -0.0006 (0.6877)
qwen25_3b  D_chord       B_any         | -0.10 (0.7461) | +0.89 +0.41 +0.88 Δ -0.004 (0.6777) ΔR² -0.009 (0.8971) ΔKL -0.0003 (0.5857)
qwen25_3b  D_chord       D_doc         | -0.10 (0.7201) | +0.89 +0.54 +0.89 Δ +0.001 (0.2184) ΔR² -0.001 (0.5972) ΔKL +0.0010 (0.4833)
qwen25_3b  E_modulation  A_win40       | -0.12 (0.8296) | +0.96 +0.71 +0.95 Δ -0.001 (0.5337) ΔR² -0.011 (0.9585) ΔKL -0.0007 (0.6492)
qwen25_3b  E_modulation  B_any         | -0.26 (0.9890) | +0.96 +0.49 +0.95 Δ -0.007 (0.9555) ΔR² +0.042 (0.0485) ΔKL -0.0010 (0.7401)
qwen25_3b  E_modulation  D_doc         | -0.12 (0.8266) | +0.96 +0.58 +0.95 Δ -0.002 (0.5937) ΔR² -0.002 (0.5702) ΔKL -0.0011 (0.7411)
olmo2_7b   C_harmonic    A_win40       | -0.18 (0.8791) | +0.77 +0.59 +0.77 Δ -0.006 (0.9715) ΔR² +0.000 (0.5502) ΔKL -0.0025 (0.8366)
olmo2_7b   C_harmonic    B_any         | -0.07 (0.6827) | +0.77 +0.45 +0.78 Δ +0.001 (0.7081) ΔR² -0.011 (0.9560) ΔKL -0.0019 (0.7641)
olmo2_7b   C_harmonic    D_doc         | -0.01 (0.5112) | +0.77 +0.48 +0.77 Δ -0.002 (0.8881) ΔR² -0.010 (0.9400) ΔKL -0.0023 (0.7916)
olmo2_7b   D_chord       A_win40       | -0.12 (0.8276) | +0.83 +0.58 +0.83 Δ +0.005 (0.3073) ΔR² +0.005 (0.3118) ΔKL +0.0000 (0.4443)
olmo2_7b   D_chord       B_any         | -0.16 (0.9355) | +0.83 +0.40 +0.83 Δ +0.004 (0.3538) ΔR² +0.002 (0.3328) ΔKL +0.0003 (0.3783)
olmo2_7b   D_chord       D_doc         | -0.02 (0.5737) | +0.83 +0.49 +0.83 Δ +0.000 (0.5997) ΔR² -0.005 (0.6747) ΔKL -0.0008 (0.5257)
olmo2_7b   E_modulation  A_win40       | +0.10 (0.2034) | +0.89 +0.72 +0.91 Δ +0.017 (0.0035) ΔR² +0.024 (0.0980) ΔKL +0.0037 (0.0230)
olmo2_7b   E_modulation  B_any         | -0.04 (0.6292) | +0.89 +0.51 +0.89 Δ -0.000 (0.4898) ΔR² -0.016 (0.9755) ΔKL +0.0005 (0.2209)
olmo2_7b   E_modulation  D_doc         | +0.14 (0.1274) | +0.89 +0.56 +0.88 Δ -0.010 (0.9965) ΔR² +0.022 (0.1094) ΔKL -0.0005 (0.6042)
saved wikipedia_thin_dolmino_dclm_v4_s3
VALID /home/moloch/Documents/Research/pitch_fourier/results/phase5/v4_provenance_manifest.json
VALID results/phase5/fingerprint/wikipedia_thin_dolmino_dclm_v4_s3.json: 36 cells
VALID /home/moloch/Documents/Research/pitch_fourier/results/phase5/v4_provenance_manifest.json
== 00:29:48 fingerprint results/phase5/cond_wikipedia_thin_dolmino_dclm_v4_s3.npz wikipedia_thin_dolmino_dclm_v4_s3 olmo2_1b,gemma2_2b,qwen25_3b,olmo2_7b C_harmonic,D_chord,E_modulation A_win40,B_any,D_doc --neutral --nperm-res=2000 --nperm-loo=2000
corpus=wikipedia_thin_dolmino_dclm_v4_s3; source counts [2, 11, 27, 47, 144, 144, 225, 369, 254, 325, 216, 156, 94, 10, 7]; view=aggregated rich=False targetprior=False templates=[0, 1, 2, 3] nperm_res=2000 nperm_loo=2000 nboot=0 jobs=20
model      family        extract       | residual r (p) | LOO theory corpus both ΔCV(p) ΔR²(p) ΔKL(p)
olmo2_1b   C_harmonic    A_win40       | +0.01 (0.4838) | +0.70 +0.48 +0.70 Δ +0.001 (0.5067) ΔR² -0.020 (0.9895) ΔKL -0.0014 (0.8701)
olmo2_1b   C_harmonic    B_any         | -0.03 (0.5712) | +0.70 +0.29 +0.70 Δ -0.003 (0.6472) ΔR² -0.021 (0.9875) ΔKL -0.0018 (0.9175)
olmo2_1b   C_harmonic    D_doc         | -0.07 (0.6332) | +0.70 +0.34 +0.70 Δ +0.000 (0.4868) ΔR² -0.009 (0.8046) ΔKL -0.0012 (0.7646)
olmo2_1b   D_chord       A_win40       | -0.03 (0.5477) | +0.96 +0.34 +0.96 Δ +0.001 (0.3428) ΔR² -0.012 (0.8956) ΔKL -0.0006 (0.6462)
olmo2_1b   D_chord       B_any         | -0.14 (0.8341) | +0.96 +0.19 +0.96 Δ +0.002 (0.1724) ΔR² -0.010 (0.7936) ΔKL -0.0002 (0.4738)
olmo2_1b   D_chord       D_doc         | +0.08 (0.3408) | +0.96 +0.34 +0.96 Δ +0.002 (0.1754) ΔR² -0.003 (0.5422) ΔKL +0.0014 (0.2664)
olmo2_1b   E_modulation  A_win40       | +0.04 (0.3908) | +0.83 +0.53 +0.83 Δ -0.004 (0.6547) ΔR² -0.003 (0.4543) ΔKL -0.0006 (0.7471)
olmo2_1b   E_modulation  B_any         | +0.14 (0.1034) | +0.83 +0.39 +0.83 Δ -0.000 (0.2699) ΔR² -0.006 (0.5327) ΔKL -0.0008 (0.7836)
olmo2_1b   E_modulation  D_doc         | -0.04 (0.6337) | +0.83 +0.37 +0.82 Δ -0.010 (0.9170) ΔR² -0.011 (0.8731) ΔKL -0.0011 (0.9080)
gemma2_2b  C_harmonic    A_win40       | +0.11 (0.2389) | +0.81 +0.42 +0.81 Δ +0.002 (0.4798) ΔR² -0.027 (0.9945) ΔKL -0.0010 (0.6532)
gemma2_2b  C_harmonic    B_any         | +0.11 (0.2039) | +0.81 +0.24 +0.80 Δ -0.014 (0.9930) ΔR² -0.029 (0.9955) ΔKL -0.0024 (0.9080)
gemma2_2b  C_harmonic    D_doc         | -0.08 (0.6857) | +0.81 +0.33 +0.81 Δ -0.003 (0.7851) ΔR² -0.006 (0.7356) ΔKL +0.0003 (0.3783)
gemma2_2b  D_chord       A_win40       | +0.03 (0.3978) | +0.90 +0.34 +0.90 Δ +0.000 (0.7706) ΔR² -0.016 (0.9735) ΔKL -0.0007 (0.8026)
gemma2_2b  D_chord       B_any         | -0.04 (0.6347) | +0.90 +0.18 +0.90 Δ +0.001 (0.5902) ΔR² -0.012 (0.8586) ΔKL -0.0003 (0.5492)
gemma2_2b  D_chord       D_doc         | -0.03 (0.6127) | +0.90 +0.35 +0.90 Δ -0.002 (0.9460) ΔR² -0.017 (0.9750) ΔKL -0.0009 (0.8336)
gemma2_2b  E_modulation  A_win40       | +0.18 (0.0220) | +0.86 +0.54 +0.87 Δ +0.015 (0.0005) ΔR² +0.022 (0.0275) ΔKL +0.0025 (0.0105)
gemma2_2b  E_modulation  B_any         | +0.13 (0.0695) | +0.86 +0.37 +0.85 Δ -0.009 (0.9900) ΔR² -0.006 (0.5792) ΔKL -0.0001 (0.3563)
gemma2_2b  E_modulation  D_doc         | +0.02 (0.4368) | +0.86 +0.33 +0.85 Δ -0.012 (0.9980) ΔR² -0.018 (0.9820) ΔKL -0.0015 (0.9965)
qwen25_3b  C_harmonic    A_win40       | -0.03 (0.6437) | +0.81 +0.53 +0.82 Δ +0.009 (0.1194) ΔR² -0.006 (0.5762) ΔKL +0.0027 (0.1059)
qwen25_3b  C_harmonic    B_any         | -0.11 (0.8866) | +0.81 +0.36 +0.81 Δ -0.001 (0.7576) ΔR² -0.011 (0.7576) ΔKL -0.0010 (0.6822)
qwen25_3b  C_harmonic    D_doc         | +0.04 (0.3273) | +0.81 +0.37 +0.81 Δ -0.008 (0.9855) ΔR² -0.015 (0.9070) ΔKL +0.0000 (0.4148)
qwen25_3b  D_chord       A_win40       | -0.00 (0.4878) | +0.79 +0.38 +0.78 Δ -0.005 (0.8376) ΔR² -0.018 (0.9860) ΔKL -0.0007 (0.6947)
qwen25_3b  D_chord       B_any         | +0.02 (0.4518) | +0.79 +0.23 +0.79 Δ -0.004 (0.7966) ΔR² -0.013 (0.9355) ΔKL -0.0008 (0.6787)
qwen25_3b  D_chord       D_doc         | -0.13 (0.7611) | +0.79 +0.34 +0.80 Δ +0.009 (0.2669) ΔR² +0.013 (0.3948) ΔKL +0.0014 (0.4743)
qwen25_3b  E_modulation  A_win40       | -0.10 (0.8656) | +0.87 +0.48 +0.87 Δ -0.004 (0.9220) ΔR² -0.036 (0.9995) ΔKL -0.0011 (0.9655)
qwen25_3b  E_modulation  B_any         | -0.11 (0.8851) | +0.87 +0.31 +0.87 Δ -0.002 (0.8041) ΔR² -0.014 (0.9350) ΔKL -0.0007 (0.8056)
qwen25_3b  E_modulation  D_doc         | -0.04 (0.6682) | +0.87 +0.37 +0.87 Δ -0.006 (0.9635) ΔR² -0.019 (0.9925) ΔKL -0.0009 (0.9210)
olmo2_7b   C_harmonic    A_win40       | -0.08 (0.6737) | +0.71 +0.53 +0.70 Δ -0.010 (0.8741) ΔR² -0.017 (0.9400) ΔKL -0.0023 (0.9010)
olmo2_7b   C_harmonic    B_any         | -0.15 (0.8571) | +0.71 +0.33 +0.72 Δ +0.007 (0.1609) ΔR² -0.004 (0.5087) ΔKL -0.0009 (0.6237)
olmo2_7b   C_harmonic    D_doc         | -0.02 (0.5447) | +0.71 +0.30 +0.71 Δ -0.008 (0.8351) ΔR² -0.010 (0.7811) ΔKL -0.0012 (0.6607)
olmo2_7b   D_chord       A_win40       | -0.15 (0.8546) | +0.69 +0.45 +0.69 Δ +0.004 (0.1694) ΔR² +0.008 (0.2649) ΔKL -0.0039 (0.9290)
olmo2_7b   D_chord       B_any         | -0.24 (0.9825) | +0.69 +0.25 +0.71 Δ +0.018 (0.0375) ΔR² +0.019 (0.1189) ΔKL -0.0055 (0.9690)
olmo2_7b   D_chord       D_doc         | -0.12 (0.7956) | +0.69 +0.32 +0.68 Δ -0.004 (0.4983) ΔR² +0.004 (0.3093) ΔKL -0.0021 (0.7426)
olmo2_7b   E_modulation  A_win40       | +0.20 (0.0160) | +0.73 +0.57 +0.73 Δ +0.004 (0.2294) ΔR² +0.058 (0.0020) ΔKL +0.0037 (0.0015)
olmo2_7b   E_modulation  B_any         | +0.06 (0.2524) | +0.73 +0.37 +0.74 Δ +0.005 (0.1694) ΔR² -0.006 (0.5407) ΔKL -0.0007 (0.7961)
olmo2_7b   E_modulation  D_doc         | +0.06 (0.2604) | +0.73 +0.38 +0.73 Δ +0.002 (0.3278) ΔR² -0.002 (0.3698) ΔKL -0.0002 (0.4738)
saved wikipedia_thin_dolmino_dclm_v4_s3_neutral
VALID /home/moloch/Documents/Research/pitch_fourier/results/phase5/v4_provenance_manifest.json
VALID results/phase5/fingerprint/wikipedia_thin_dolmino_dclm_v4_s3_neutral.json: 36 cells
VALID /home/moloch/Documents/Research/pitch_fourier/results/phase5/v4_provenance_manifest.json
== 00:33:39 fingerprint results/phase5/cond_wikipedia_thin_dolmino_dclm_v4_s4.npz wikipedia_thin_dolmino_dclm_v4_s4 olmo2_1b,gemma2_2b,qwen25_3b,olmo2_7b C_harmonic,D_chord,E_modulation A_win40,B_any,D_doc --nperm-res=2000 --nperm-loo=2000
corpus=wikipedia_thin_dolmino_dclm_v4_s4; source counts [2, 10, 19, 38, 169, 130, 209, 345, 261, 326, 209, 156, 70, 15, 7]; view=spelled rich=False targetprior=False templates=[0, 1, 2, 3] nperm_res=2000 nperm_loo=2000 nboot=0 jobs=20
model      family        extract       | residual r (p) | LOO theory corpus both ΔCV(p) ΔR²(p) ΔKL(p)
olmo2_1b   C_harmonic    A_win40       | -0.13 (0.7396) | +0.87 +0.61 +0.86 Δ -0.005 (0.9475) ΔR² -0.004 (0.8521) ΔKL -0.0040 (0.9655)
olmo2_1b   C_harmonic    B_any         | -0.05 (0.6282) | +0.87 +0.45 +0.87 Δ +0.000 (0.5427) ΔR² -0.011 (0.9710) ΔKL -0.0020 (0.8756)
olmo2_1b   C_harmonic    D_doc         | +0.08 (0.3143) | +0.87 +0.53 +0.87 Δ +0.003 (0.2829) ΔR² -0.006 (0.8506) ΔKL -0.0015 (0.8166)
olmo2_1b   D_chord       A_win40       | -0.23 (0.8626) | +0.93 +0.56 +0.93 Δ -0.001 (0.7516) ΔR² +0.020 (0.4318) ΔKL -0.0045 (0.6482)
olmo2_1b   D_chord       B_any         | -0.07 (0.6472) | +0.93 +0.46 +0.93 Δ -0.000 (0.6647) ΔR² -0.011 (0.9885) ΔKL +0.0000 (0.1834)
olmo2_1b   D_chord       D_doc         | +0.06 (0.3898) | +0.93 +0.47 +0.94 Δ +0.001 (0.3863) ΔR² -0.006 (0.9215) ΔKL +0.0002 (0.1844)
olmo2_1b   E_modulation  A_win40       | -0.02 (0.5422) | +0.92 +0.69 +0.93 Δ +0.002 (0.5342) ΔR² -0.013 (0.9655) ΔKL +0.0005 (0.1919)
olmo2_1b   E_modulation  B_any         | +0.01 (0.4418) | +0.92 +0.48 +0.93 Δ +0.003 (0.3018) ΔR² +0.001 (0.4043) ΔKL -0.0001 (0.3453)
olmo2_1b   E_modulation  D_doc         | +0.16 (0.1109) | +0.92 +0.58 +0.92 Δ -0.001 (0.8681) ΔR² +0.020 (0.1579) ΔKL +0.0004 (0.1929)
gemma2_2b  C_harmonic    A_win40       | -0.13 (0.7781) | +0.88 +0.60 +0.88 Δ -0.002 (0.9355) ΔR² +0.007 (0.4923) ΔKL -0.0074 (0.9260)
gemma2_2b  C_harmonic    B_any         | +0.12 (0.2229) | +0.88 +0.50 +0.88 Δ +0.001 (0.6232) ΔR² +0.003 (0.4778) ΔKL +0.0043 (0.2104)
gemma2_2b  C_harmonic    D_doc         | +0.20 (0.0945) | +0.88 +0.51 +0.88 Δ +0.002 (0.5442) ΔR² +0.022 (0.2604) ΔKL +0.0017 (0.3638)
gemma2_2b  D_chord       A_win40       | -0.35 (0.9900) | +0.95 +0.58 +0.95 Δ -0.003 (0.8601) ΔR² +0.135 (0.0065) ΔKL -0.0056 (0.8276)
gemma2_2b  D_chord       B_any         | -0.03 (0.5762) | +0.95 +0.48 +0.95 Δ -0.002 (0.8046) ΔR² -0.010 (0.9530) ΔKL -0.0016 (0.5777)
gemma2_2b  D_chord       D_doc         | +0.02 (0.4538) | +0.95 +0.51 +0.95 Δ +0.000 (0.5037) ΔR² -0.015 (0.9915) ΔKL -0.0004 (0.3873)
gemma2_2b  E_modulation  A_win40       | -0.07 (0.6397) | +0.92 +0.69 +0.92 Δ -0.001 (0.6902) ΔR² +0.002 (0.6232) ΔKL -0.0045 (0.9100)
gemma2_2b  E_modulation  B_any         | +0.05 (0.3733) | +0.92 +0.51 +0.92 Δ +0.001 (0.4253) ΔR² -0.013 (0.9920) ΔKL +0.0000 (0.3953)
gemma2_2b  E_modulation  D_doc         | +0.19 (0.1144) | +0.92 +0.58 +0.92 Δ +0.002 (0.3268) ΔR² +0.004 (0.5397) ΔKL +0.0031 (0.1274)
qwen25_3b  C_harmonic    A_win40       | -0.20 (0.8556) | +0.87 +0.65 +0.87 Δ -0.001 (0.6677) ΔR² -0.016 (1.0000) ΔKL -0.0005 (0.6387)
qwen25_3b  C_harmonic    B_any         | -0.12 (0.7686) | +0.87 +0.49 +0.88 Δ +0.002 (0.3568) ΔR² -0.011 (0.9675) ΔKL +0.0003 (0.4518)
qwen25_3b  C_harmonic    D_doc         | +0.15 (0.1824) | +0.87 +0.55 +0.88 Δ +0.002 (0.3313) ΔR² +0.020 (0.2839) ΔKL +0.0042 (0.2344)
qwen25_3b  D_chord       A_win40       | -0.11 (0.7236) | +0.88 +0.61 +0.88 Δ -0.002 (0.7866) ΔR² -0.003 (0.7336) ΔKL -0.0003 (0.6757)
qwen25_3b  D_chord       B_any         | +0.08 (0.2939) | +0.88 +0.49 +0.88 Δ -0.001 (0.6847) ΔR² +0.006 (0.3718) ΔKL +0.0020 (0.3718)
qwen25_3b  D_chord       D_doc         | +0.01 (0.4698) | +0.88 +0.55 +0.88 Δ -0.000 (0.5252) ΔR² -0.010 (0.9315) ΔKL -0.0012 (0.7666)
qwen25_3b  E_modulation  A_win40       | -0.22 (0.9005) | +0.94 +0.68 +0.94 Δ +0.000 (0.4503) ΔR² +0.017 (0.2909) ΔKL -0.0019 (0.8891)
qwen25_3b  E_modulation  B_any         | -0.13 (0.8196) | +0.94 +0.51 +0.94 Δ +0.001 (0.2644) ΔR² -0.007 (0.8171) ΔKL -0.0014 (0.8561)
qwen25_3b  E_modulation  D_doc         | +0.11 (0.2089) | +0.94 +0.57 +0.95 Δ +0.005 (0.0695) ΔR² -0.005 (0.7871) ΔKL +0.0015 (0.1409)
olmo2_7b   C_harmonic    A_win40       | -0.05 (0.6167) | +0.77 +0.64 +0.77 Δ -0.002 (0.7786) ΔR² -0.025 (1.0000) ΔKL -0.0054 (0.9425)
olmo2_7b   C_harmonic    B_any         | -0.08 (0.6927) | +0.77 +0.44 +0.77 Δ +0.002 (0.4528) ΔR² -0.016 (0.9930) ΔKL -0.0043 (0.8916)
olmo2_7b   C_harmonic    D_doc         | -0.01 (0.5352) | +0.77 +0.47 +0.77 Δ -0.002 (0.8096) ΔR² -0.012 (0.9660) ΔKL -0.0030 (0.8251)
olmo2_7b   D_chord       A_win40       | -0.10 (0.7991) | +0.83 +0.61 +0.83 Δ +0.004 (0.4878) ΔR² -0.010 (0.8676) ΔKL -0.0006 (0.5247)
olmo2_7b   D_chord       B_any         | -0.04 (0.6572) | +0.83 +0.44 +0.83 Δ +0.000 (0.8126) ΔR² -0.008 (0.7436) ΔKL -0.0017 (0.6317)
olmo2_7b   D_chord       D_doc         | -0.02 (0.5737) | +0.83 +0.50 +0.83 Δ +0.001 (0.7246) ΔR² -0.020 (0.9950) ΔKL -0.0047 (0.8846)
olmo2_7b   E_modulation  A_win40       | +0.02 (0.4453) | +0.89 +0.71 +0.89 Δ +0.008 (0.0985) ΔR² +0.001 (0.4868) ΔKL +0.0019 (0.1864)
olmo2_7b   E_modulation  B_any         | +0.05 (0.3303) | +0.89 +0.51 +0.89 Δ +0.004 (0.2164) ΔR² +0.008 (0.2659) ΔKL +0.0010 (0.1999)
olmo2_7b   E_modulation  D_doc         | +0.14 (0.1454) | +0.89 +0.55 +0.88 Δ -0.004 (0.9780) ΔR² +0.009 (0.2694) ΔKL +0.0017 (0.1834)
saved wikipedia_thin_dolmino_dclm_v4_s4
VALID /home/moloch/Documents/Research/pitch_fourier/results/phase5/v4_provenance_manifest.json
VALID results/phase5/fingerprint/wikipedia_thin_dolmino_dclm_v4_s4.json: 36 cells
VALID /home/moloch/Documents/Research/pitch_fourier/results/phase5/v4_provenance_manifest.json
== 00:36:53 fingerprint results/phase5/cond_wikipedia_thin_dolmino_dclm_v4_s4.npz wikipedia_thin_dolmino_dclm_v4_s4 olmo2_1b,gemma2_2b,qwen25_3b,olmo2_7b C_harmonic,D_chord,E_modulation A_win40,B_any,D_doc --neutral --nperm-res=2000 --nperm-loo=2000
corpus=wikipedia_thin_dolmino_dclm_v4_s4; source counts [2, 10, 19, 38, 169, 130, 209, 345, 261, 326, 209, 156, 70, 15, 7]; view=aggregated rich=False targetprior=False templates=[0, 1, 2, 3] nperm_res=2000 nperm_loo=2000 nboot=0 jobs=20
model      family        extract       | residual r (p) | LOO theory corpus both ΔCV(p) ΔR²(p) ΔKL(p)
olmo2_1b   C_harmonic    A_win40       | +0.01 (0.4898) | +0.71 +0.51 +0.70 Δ -0.014 (0.8151) ΔR² -0.009 (0.8726) ΔKL -0.0011 (0.8491)
olmo2_1b   C_harmonic    B_any         | -0.06 (0.6292) | +0.71 +0.28 +0.71 Δ +0.002 (0.2459) ΔR² -0.012 (0.8761) ΔKL -0.0016 (0.8636)
olmo2_1b   C_harmonic    D_doc         | -0.02 (0.5807) | +0.71 +0.37 +0.70 Δ -0.005 (0.5267) ΔR² -0.015 (0.9395) ΔKL -0.0025 (0.9540)
olmo2_1b   D_chord       A_win40       | -0.03 (0.5902) | +0.96 +0.41 +0.96 Δ -0.001 (0.5662) ΔR² -0.017 (0.9595) ΔKL -0.0016 (0.8466)
olmo2_1b   D_chord       B_any         | -0.06 (0.6597) | +0.96 +0.30 +0.96 Δ -0.001 (0.5957) ΔR² -0.009 (0.7146) ΔKL -0.0004 (0.4878)
olmo2_1b   D_chord       D_doc         | +0.07 (0.3373) | +0.96 +0.30 +0.96 Δ -0.001 (0.4018) ΔR² -0.019 (0.9570) ΔKL -0.0003 (0.4943)
olmo2_1b   E_modulation  A_win40       | +0.16 (0.1049) | +0.83 +0.62 +0.83 Δ -0.008 (0.7651) ΔR² +0.029 (0.0240) ΔKL +0.0019 (0.0680)
olmo2_1b   E_modulation  B_any         | -0.02 (0.5642) | +0.83 +0.35 +0.83 Δ -0.005 (0.5657) ΔR² -0.016 (0.9380) ΔKL -0.0012 (0.9235)
olmo2_1b   E_modulation  D_doc         | +0.13 (0.1299) | +0.83 +0.44 +0.83 Δ -0.006 (0.6347) ΔR² +0.019 (0.0570) ΔKL +0.0002 (0.3028)
gemma2_2b  C_harmonic    A_win40       | +0.01 (0.5027) | +0.80 +0.44 +0.80 Δ -0.001 (0.4053) ΔR² -0.013 (0.9655) ΔKL -0.0011 (0.6942)
gemma2_2b  C_harmonic    B_any         | +0.09 (0.3288) | +0.80 +0.34 +0.79 Δ -0.008 (0.7386) ΔR² +0.006 (0.4543) ΔKL +0.0027 (0.2184)
gemma2_2b  C_harmonic    D_doc         | +0.05 (0.4093) | +0.80 +0.37 +0.80 Δ -0.004 (0.5617) ΔR² -0.008 (0.8411) ΔKL -0.0007 (0.5972)
gemma2_2b  D_chord       A_win40       | -0.09 (0.7176) | +0.90 +0.39 +0.90 Δ -0.001 (0.8766) ΔR² -0.017 (0.9750) ΔKL -0.0008 (0.8251)
gemma2_2b  D_chord       B_any         | -0.05 (0.6637) | +0.90 +0.29 +0.90 Δ -0.001 (0.8421) ΔR² -0.009 (0.7236) ΔKL -0.0010 (0.8016)
gemma2_2b  D_chord       D_doc         | -0.02 (0.5737) | +0.90 +0.31 +0.89 Δ -0.004 (0.9795) ΔR² -0.022 (0.9895) ΔKL -0.0010 (0.8221)
gemma2_2b  E_modulation  A_win40       | +0.23 (0.0085) | +0.86 +0.58 +0.87 Δ +0.007 (0.0080) ΔR² +0.055 (0.0045) ΔKL +0.0047 (0.0010)
gemma2_2b  E_modulation  B_any         | +0.04 (0.3728) | +0.86 +0.37 +0.87 Δ +0.003 (0.1024) ΔR² +0.001 (0.2694) ΔKL +0.0008 (0.1324)
gemma2_2b  E_modulation  D_doc         | +0.09 (0.1759) | +0.86 +0.42 +0.87 Δ +0.003 (0.0975) ΔR² +0.043 (0.0100) ΔKL +0.0010 (0.1139)
qwen25_3b  C_harmonic    A_win40       | +0.02 (0.4113) | +0.81 +0.54 +0.82 Δ +0.009 (0.1134) ΔR² +0.006 (0.2284) ΔKL +0.0007 (0.2999)
qwen25_3b  C_harmonic    B_any         | -0.15 (0.9495) | +0.81 +0.35 +0.81 Δ -0.002 (0.7011) ΔR² -0.012 (0.8056) ΔKL -0.0004 (0.4628)
qwen25_3b  C_harmonic    D_doc         | +0.08 (0.1554) | +0.81 +0.41 +0.81 Δ -0.007 (0.9475) ΔR² -0.012 (0.8026) ΔKL -0.0019 (0.8996)
qwen25_3b  D_chord       A_win40       | +0.00 (0.4968) | +0.81 +0.47 +0.81 Δ -0.001 (0.6462) ΔR² -0.010 (0.9245) ΔKL -0.0006 (0.7866)
qwen25_3b  D_chord       B_any         | -0.00 (0.4933) | +0.81 +0.33 +0.80 Δ -0.006 (0.8596) ΔR² -0.005 (0.6697) ΔKL -0.0016 (0.8956)
qwen25_3b  D_chord       D_doc         | +0.04 (0.4108) | +0.81 +0.37 +0.80 Δ -0.004 (0.7891) ΔR² -0.027 (0.9900) ΔKL -0.0022 (0.9540)
qwen25_3b  E_modulation  A_win40       | +0.01 (0.4888) | +0.88 +0.52 +0.88 Δ -0.002 (0.8276) ΔR² -0.011 (0.8641) ΔKL -0.0002 (0.3483)
qwen25_3b  E_modulation  B_any         | -0.22 (0.9930) | +0.88 +0.31 +0.88 Δ +0.005 (0.1189) ΔR² +0.010 (0.0915) ΔKL -0.0002 (0.2899)
qwen25_3b  E_modulation  D_doc         | -0.01 (0.5397) | +0.88 +0.38 +0.88 Δ +0.005 (0.1309) ΔR² -0.004 (0.3858) ΔKL -0.0005 (0.6617)
olmo2_7b   C_harmonic    A_win40       | +0.02 (0.4338) | +0.71 +0.50 +0.71 Δ +0.002 (0.5252) ΔR² -0.021 (0.9785) ΔKL -0.0030 (0.9625)
olmo2_7b   C_harmonic    B_any         | -0.26 (0.9815) | +0.71 +0.28 +0.73 Δ +0.021 (0.0550) ΔR² +0.017 (0.1589) ΔKL -0.0010 (0.6132)
olmo2_7b   C_harmonic    D_doc         | -0.16 (0.8776) | +0.71 +0.33 +0.70 Δ -0.007 (0.9000) ΔR² -0.022 (0.9730) ΔKL -0.0042 (0.9785)
olmo2_7b   D_chord       A_win40       | -0.15 (0.8261) | +0.69 +0.50 +0.70 Δ +0.010 (0.1574) ΔR² +0.013 (0.2079) ΔKL -0.0028 (0.8741)
olmo2_7b   D_chord       B_any         | -0.21 (0.9545) | +0.69 +0.32 +0.69 Δ -0.002 (0.4958) ΔR² +0.019 (0.1179) ΔKL -0.0013 (0.6327)
olmo2_7b   D_chord       D_doc         | -0.08 (0.7141) | +0.69 +0.37 +0.69 Δ -0.002 (0.5352) ΔR² -0.023 (0.9785) ΔKL -0.0061 (0.9720)
olmo2_7b   E_modulation  A_win40       | +0.18 (0.0290) | +0.74 +0.63 +0.74 Δ +0.003 (0.1064) ΔR² +0.048 (0.0040) ΔKL +0.0028 (0.0065)
olmo2_7b   E_modulation  B_any         | -0.06 (0.7621) | +0.74 +0.37 +0.73 Δ -0.007 (0.6447) ΔR² -0.005 (0.4628) ΔKL -0.0004 (0.5687)
olmo2_7b   E_modulation  D_doc         | +0.00 (0.4648) | +0.74 +0.40 +0.73 Δ -0.012 (0.8921) ΔR² +0.008 (0.1154) ΔKL +0.0003 (0.1849)
saved wikipedia_thin_dolmino_dclm_v4_s4_neutral
VALID /home/moloch/Documents/Research/pitch_fourier/results/phase5/v4_provenance_manifest.json
VALID results/phase5/fingerprint/wikipedia_thin_dolmino_dclm_v4_s4_neutral.json: 36 cells
VALID /home/moloch/Documents/Research/pitch_fourier/results/phase5/v4_provenance_manifest.json
== 00:40:40 thinning results/phase5/cond_olmomix_dclm_big.npz replicate=0
uni: wiki 37811 -> 6892 (target 6998)
A_win40: wiki 47247 -> 3787 (target 3843)
B_modulation: wiki 722 -> 165 (target 158)
B_chord: wiki 2038 -> 756 (target 770)
B_signature: wiki 8552 -> 632 (target 626)
B_enharmonic: wiki 145 -> 27 (target 24)
B_relation: wiki 252 -> 117 (target 125)
B_any: wiki 10775 -> 1427 (target 1482)
C_patterns: wiki 317 -> 103 (target 99)
D_doc: wiki 19162 -> 3722 (target 3740)
VALID /home/moloch/Documents/Research/pitch_fourier/results/phase5/v4_provenance_manifest.json
VALID /home/moloch/Documents/Research/pitch_fourier/results/phase5/v4_provenance_manifest.json
== 00:40:40 thinning results/phase5/cond_olmomix_dclm_big.npz replicate=1
uni: wiki 37811 -> 6970 (target 6998)
A_win40: wiki 47247 -> 3818 (target 3843)
B_modulation: wiki 722 -> 166 (target 158)
B_chord: wiki 2038 -> 781 (target 770)
B_signature: wiki 8552 -> 626 (target 626)
B_enharmonic: wiki 145 -> 18 (target 24)
B_relation: wiki 252 -> 125 (target 125)
B_any: wiki 10775 -> 1496 (target 1482)
C_patterns: wiki 317 -> 96 (target 99)
D_doc: wiki 19162 -> 3747 (target 3740)
VALID /home/moloch/Documents/Research/pitch_fourier/results/phase5/v4_provenance_manifest.json
VALID /home/moloch/Documents/Research/pitch_fourier/results/phase5/v4_provenance_manifest.json
== 00:40:40 thinning results/phase5/cond_olmomix_dclm_big.npz replicate=2
uni: wiki 37811 -> 7003 (target 6998)
A_win40: wiki 47247 -> 3784 (target 3843)
B_modulation: wiki 722 -> 148 (target 158)
B_chord: wiki 2038 -> 804 (target 770)
B_signature: wiki 8552 -> 625 (target 626)
B_enharmonic: wiki 145 -> 25 (target 24)
B_relation: wiki 252 -> 120 (target 125)
B_any: wiki 10775 -> 1544 (target 1482)
C_patterns: wiki 317 -> 106 (target 99)
D_doc: wiki 19162 -> 3817 (target 3740)
VALID /home/moloch/Documents/Research/pitch_fourier/results/phase5/v4_provenance_manifest.json
VALID /home/moloch/Documents/Research/pitch_fourier/results/phase5/v4_provenance_manifest.json
== 00:40:40 thinning results/phase5/cond_olmomix_dclm_big.npz replicate=3
uni: wiki 37811 -> 7072 (target 6998)
A_win40: wiki 47247 -> 3809 (target 3843)
B_modulation: wiki 722 -> 159 (target 158)
B_chord: wiki 2038 -> 747 (target 770)
B_signature: wiki 8552 -> 613 (target 626)
B_enharmonic: wiki 145 -> 20 (target 24)
B_relation: wiki 252 -> 129 (target 125)
B_any: wiki 10775 -> 1514 (target 1482)
C_patterns: wiki 317 -> 105 (target 99)
D_doc: wiki 19162 -> 3818 (target 3740)
VALID /home/moloch/Documents/Research/pitch_fourier/results/phase5/v4_provenance_manifest.json
VALID /home/moloch/Documents/Research/pitch_fourier/results/phase5/v4_provenance_manifest.json
== 00:40:40 thinning results/phase5/cond_olmomix_dclm_big.npz replicate=4
uni: wiki 37811 -> 7015 (target 6998)
A_win40: wiki 47247 -> 3772 (target 3843)
B_modulation: wiki 722 -> 169 (target 158)
B_chord: wiki 2038 -> 805 (target 770)
B_signature: wiki 8552 -> 606 (target 626)
B_enharmonic: wiki 145 -> 25 (target 24)
B_relation: wiki 252 -> 138 (target 125)
B_any: wiki 10775 -> 1439 (target 1482)
C_patterns: wiki 317 -> 104 (target 99)
D_doc: wiki 19162 -> 3690 (target 3740)
VALID /home/moloch/Documents/Research/pitch_fourier/results/phase5/v4_provenance_manifest.json
VALID /home/moloch/Documents/Research/pitch_fourier/results/phase5/v4_provenance_manifest.json
== 00:40:41 fingerprint results/phase5/cond_olmomix_dclm_big.npz olmomix_dclm_big_v4 olmo2_1b,gemma2_2b,qwen25_3b,olmo2_7b C_harmonic,D_chord,E_modulation A_win40,B_any,D_doc --nperm-res=2000 --nperm-loo=2000
corpus=olmomix_dclm_big_v4; source counts [5, 42, 110, 118, 313, 247, 449, 1801, 775, 743, 1601, 428, 200, 114, 52]; view=spelled rich=False targetprior=False templates=[0, 1, 2, 3] nperm_res=2000 nperm_loo=2000 nboot=0 jobs=20
model      family        extract       | residual r (p) | LOO theory corpus both ΔCV(p) ΔR²(p) ΔKL(p)
olmo2_1b   C_harmonic    A_win40       | +0.11 (0.2579) | +0.84 +0.57 +0.84 Δ -0.002 (0.7426) ΔR² +0.023 (0.3283) ΔKL +0.0044 (0.3353)
olmo2_1b   C_harmonic    B_any         | +0.12 (0.1934) | +0.84 +0.44 +0.83 Δ -0.006 (0.9385) ΔR² +0.023 (0.1869) ΔKL +0.0052 (0.1704)
olmo2_1b   C_harmonic    D_doc         | +0.26 (0.0915) | +0.84 +0.48 +0.84 Δ -0.001 (0.7121) ΔR² +0.073 (0.1324) ΔKL +0.0156 (0.1064)
olmo2_1b   D_chord       A_win40       | +0.04 (0.4288) | +0.94 +0.62 +0.93 Δ -0.002 (0.9000) ΔR² -0.002 (0.7451) ΔKL -0.0003 (0.5342)
olmo2_1b   D_chord       B_any         | -0.03 (0.5977) | +0.94 +0.43 +0.93 Δ -0.002 (0.8641) ΔR² -0.010 (0.9410) ΔKL -0.0003 (0.4588)
olmo2_1b   D_chord       D_doc         | +0.14 (0.2429) | +0.94 +0.60 +0.93 Δ -0.005 (0.9960) ΔR² +0.015 (0.4503) ΔKL +0.0050 (0.2424)
olmo2_1b   E_modulation  A_win40       | +0.20 (0.1429) | +0.90 +0.64 +0.89 Δ -0.004 (0.8031) ΔR² +0.034 (0.2444) ΔKL +0.0050 (0.3633)
olmo2_1b   E_modulation  B_any         | +0.09 (0.2484) | +0.90 +0.48 +0.90 Δ +0.001 (0.3123) ΔR² -0.001 (0.5327) ΔKL +0.0003 (0.5482)
olmo2_1b   E_modulation  D_doc         | +0.30 (0.0630) | +0.90 +0.54 +0.88 Δ -0.021 (1.0000) ΔR² +0.045 (0.2304) ΔKL +0.0148 (0.1544)
gemma2_2b  C_harmonic    A_win40       | +0.18 (0.1259) | +0.87 +0.61 +0.86 Δ -0.005 (0.9825) ΔR² +0.038 (0.1969) ΔKL +0.0144 (0.2139)
gemma2_2b  C_harmonic    B_any         | +0.17 (0.0940) | +0.87 +0.44 +0.86 Δ -0.005 (0.9890) ΔR² +0.033 (0.1074) ΔKL +0.0115 (0.1304)
gemma2_2b  C_harmonic    D_doc         | +0.29 (0.0325) | +0.87 +0.54 +0.86 Δ -0.007 (0.9930) ΔR² +0.082 (0.0900) ΔKL +0.0292 (0.1029)
gemma2_2b  D_chord       A_win40       | +0.11 (0.2514) | +0.94 +0.63 +0.94 Δ +0.002 (0.2609) ΔR² -0.005 (0.8311) ΔKL +0.0032 (0.4343)
gemma2_2b  D_chord       B_any         | +0.07 (0.2979) | +0.94 +0.46 +0.94 Δ +0.002 (0.1614) ΔR² -0.001 (0.5352) ΔKL -0.0017 (0.8531)
gemma2_2b  D_chord       D_doc         | +0.34 (0.0195) | +0.94 +0.60 +0.94 Δ +0.005 (0.0850) ΔR² +0.071 (0.0925) ΔKL +0.0276 (0.0470)
gemma2_2b  E_modulation  A_win40       | +0.17 (0.1524) | +0.89 +0.62 +0.90 Δ +0.007 (0.2814) ΔR² +0.026 (0.3193) ΔKL +0.0072 (0.3278)
gemma2_2b  E_modulation  B_any         | +0.13 (0.1719) | +0.89 +0.46 +0.89 Δ +0.004 (0.3388) ΔR² +0.021 (0.2154) ΔKL +0.0008 (0.5327)
gemma2_2b  E_modulation  D_doc         | +0.41 (0.0080) | +0.89 +0.53 +0.90 Δ +0.008 (0.2474) ΔR² +0.142 (0.0360) ΔKL +0.0419 (0.0230)
qwen25_3b  C_harmonic    A_win40       | +0.13 (0.2494) | +0.84 +0.64 +0.85 Δ +0.005 (0.1594) ΔR² +0.032 (0.2559) ΔKL +0.0049 (0.3928)
qwen25_3b  C_harmonic    B_any         | +0.08 (0.2959) | +0.84 +0.48 +0.83 Δ -0.006 (0.9015) ΔR² +0.009 (0.3853) ΔKL +0.0043 (0.3203)
qwen25_3b  C_harmonic    D_doc         | +0.26 (0.0860) | +0.84 +0.54 +0.84 Δ +0.003 (0.2914) ΔR² +0.071 (0.1404) ΔKL +0.0201 (0.1604)
qwen25_3b  D_chord       A_win40       | +0.18 (0.1099) | +0.92 +0.66 +0.91 Δ -0.008 (0.9930) ΔR² +0.038 (0.0720) ΔKL +0.0036 (0.1629)
qwen25_3b  D_chord       B_any         | +0.12 (0.1384) | +0.92 +0.49 +0.91 Δ -0.009 (0.9970) ΔR² +0.025 (0.0870) ΔKL +0.0021 (0.1769)
qwen25_3b  D_chord       D_doc         | +0.15 (0.1649) | +0.92 +0.57 +0.92 Δ -0.002 (0.6977) ΔR² +0.022 (0.2314) ΔKL +0.0059 (0.1074)
qwen25_3b  E_modulation  A_win40       | +0.18 (0.1574) | +0.90 +0.66 +0.90 Δ +0.006 (0.1139) ΔR² +0.023 (0.2969) ΔKL +0.0069 (0.2894)
qwen25_3b  E_modulation  B_any         | +0.08 (0.2779) | +0.90 +0.48 +0.90 Δ +0.004 (0.2374) ΔR² +0.001 (0.4793) ΔKL +0.0015 (0.4533)
qwen25_3b  E_modulation  D_doc         | +0.28 (0.0615) | +0.90 +0.55 +0.90 Δ +0.001 (0.6112) ΔR² +0.055 (0.1779) ΔKL +0.0233 (0.0910)
olmo2_7b   C_harmonic    A_win40       | +0.02 (0.4198) | +0.74 +0.56 +0.75 Δ +0.009 (0.2454) ΔR² +0.008 (0.4413) ΔKL +0.0050 (0.3793)
olmo2_7b   C_harmonic    B_any         | +0.06 (0.3058) | +0.74 +0.46 +0.74 Δ +0.002 (0.3268) ΔR² +0.002 (0.4318) ΔKL -0.0043 (0.9190)
olmo2_7b   C_harmonic    D_doc         | +0.20 (0.1419) | +0.74 +0.44 +0.73 Δ -0.009 (0.9195) ΔR² +0.039 (0.1849) ΔKL +0.0163 (0.1494)
olmo2_7b   D_chord       A_win40       | +0.16 (0.1139) | +0.79 +0.59 +0.81 Δ +0.017 (0.0850) ΔR² +0.026 (0.1284) ΔKL +0.0018 (0.3923)
olmo2_7b   D_chord       B_any         | +0.10 (0.1974) | +0.79 +0.45 +0.79 Δ +0.002 (0.4483) ΔR² +0.007 (0.2324) ΔKL -0.0063 (0.9265)
olmo2_7b   D_chord       D_doc         | +0.17 (0.1079) | +0.79 +0.44 +0.78 Δ -0.008 (0.9880) ΔR² +0.019 (0.2164) ΔKL +0.0059 (0.2404)
olmo2_7b   E_modulation  A_win40       | +0.19 (0.1149) | +0.87 +0.68 +0.88 Δ +0.002 (0.2069) ΔR² +0.052 (0.0875) ΔKL +0.0059 (0.1889)
olmo2_7b   E_modulation  B_any         | +0.05 (0.3233) | +0.87 +0.51 +0.87 Δ -0.006 (0.9540) ΔR² -0.002 (0.5307) ΔKL +0.0008 (0.4243)
olmo2_7b   E_modulation  D_doc         | +0.35 (0.0115) | +0.87 +0.53 +0.86 Δ -0.012 (0.9970) ΔR² +0.119 (0.0265) ΔKL +0.0179 (0.0530)
saved olmomix_dclm_big_v4
VALID /home/moloch/Documents/Research/pitch_fourier/results/phase5/v4_provenance_manifest.json
VALID results/phase5/fingerprint/olmomix_dclm_big_v4.json: 36 cells
VALID /home/moloch/Documents/Research/pitch_fourier/results/phase5/v4_provenance_manifest.json
== 00:43:52 fingerprint results/phase5/cond_olmomix_dclm_big.npz olmomix_dclm_big_v4 olmo2_1b,gemma2_2b,qwen25_3b,olmo2_7b C_harmonic,D_chord,E_modulation A_win40,B_any,D_doc --neutral --nperm-res=2000 --nperm-loo=2000
corpus=olmomix_dclm_big_v4; source counts [5, 42, 110, 118, 313, 247, 449, 1801, 775, 743, 1601, 428, 200, 114, 52]; view=aggregated rich=False targetprior=False templates=[0, 1, 2, 3] nperm_res=2000 nperm_loo=2000 nboot=0 jobs=20
model      family        extract       | residual r (p) | LOO theory corpus both ΔCV(p) ΔR²(p) ΔKL(p)
olmo2_1b   C_harmonic    A_win40       | +0.08 (0.3648) | +0.70 +0.36 +0.70 Δ -0.004 (0.7416) ΔR² -0.006 (0.7156) ΔKL -0.0007 (0.7426)
olmo2_1b   C_harmonic    B_any         | +0.11 (0.2259) | +0.70 +0.22 +0.70 Δ -0.003 (0.6732) ΔR² -0.000 (0.3963) ΔKL +0.0009 (0.3353)
olmo2_1b   C_harmonic    D_doc         | +0.04 (0.4293) | +0.70 +0.21 +0.68 Δ -0.015 (0.9490) ΔR² -0.008 (0.8371) ΔKL -0.0004 (0.6517)
olmo2_1b   D_chord       A_win40       | +0.16 (0.2364) | +0.92 +0.45 +0.93 Δ +0.005 (0.1724) ΔR² +0.012 (0.4573) ΔKL -0.0059 (0.9945)
olmo2_1b   D_chord       B_any         | +0.02 (0.4763) | +0.92 +0.25 +0.93 Δ +0.005 (0.1039) ΔR² +0.002 (0.4388) ΔKL -0.0041 (0.9875)
olmo2_1b   D_chord       D_doc         | +0.11 (0.3798) | +0.92 +0.41 +0.92 Δ -0.004 (0.9510) ΔR² -0.015 (0.9535) ΔKL -0.0037 (0.9615)
olmo2_1b   E_modulation  A_win40       | +0.21 (0.1079) | +0.78 +0.51 +0.75 Δ -0.032 (0.9995) ΔR² +0.010 (0.2889) ΔKL -0.0016 (0.9740)
olmo2_1b   E_modulation  B_any         | +0.07 (0.3423) | +0.78 +0.28 +0.77 Δ -0.010 (0.7961) ΔR² -0.007 (0.6577) ΔKL -0.0013 (0.9110)
olmo2_1b   E_modulation  D_doc         | +0.19 (0.1709) | +0.78 +0.29 +0.77 Δ -0.010 (0.8591) ΔR² -0.023 (0.9920) ΔKL -0.0023 (0.9940)
gemma2_2b  C_harmonic    A_win40       | +0.19 (0.1664) | +0.70 +0.44 +0.70 Δ -0.007 (0.9165) ΔR² +0.025 (0.3183) ΔKL +0.0021 (0.3408)
gemma2_2b  C_harmonic    B_any         | +0.13 (0.1944) | +0.70 +0.21 +0.70 Δ -0.006 (0.8861) ΔR² +0.023 (0.2069) ΔKL +0.0046 (0.1524)
gemma2_2b  C_harmonic    D_doc         | +0.24 (0.1199) | +0.70 +0.30 +0.70 Δ -0.000 (0.7131) ΔR² +0.006 (0.5542) ΔKL -0.0033 (0.8936)
gemma2_2b  D_chord       A_win40       | +0.08 (0.3168) | +0.88 +0.45 +0.88 Δ +0.001 (0.4343) ΔR² -0.020 (0.9855) ΔKL -0.0024 (0.9315)
gemma2_2b  D_chord       B_any         | +0.02 (0.4503) | +0.88 +0.24 +0.88 Δ -0.003 (0.6807) ΔR² -0.015 (0.9180) ΔKL -0.0042 (0.9920)
gemma2_2b  D_chord       D_doc         | +0.24 (0.1149) | +0.88 +0.39 +0.88 Δ -0.006 (0.8936) ΔR² -0.005 (0.7281) ΔKL -0.0022 (0.9040)
gemma2_2b  E_modulation  A_win40       | +0.01 (0.4798) | +0.84 +0.43 +0.84 Δ +0.001 (0.4983) ΔR² -0.009 (0.8516) ΔKL -0.0006 (0.8156)
gemma2_2b  E_modulation  B_any         | -0.07 (0.7641) | +0.84 +0.21 +0.84 Δ -0.001 (0.6372) ΔR² -0.004 (0.5012) ΔKL -0.0004 (0.5967)
gemma2_2b  E_modulation  D_doc         | +0.13 (0.2084) | +0.84 +0.24 +0.85 Δ +0.007 (0.2089) ΔR² -0.019 (0.9815) ΔKL -0.0006 (0.7906)
qwen25_3b  C_harmonic    A_win40       | +0.06 (0.3798) | +0.76 +0.46 +0.76 Δ -0.002 (0.5562) ΔR² -0.006 (0.7011) ΔKL -0.0017 (0.8651)
qwen25_3b  C_harmonic    B_any         | +0.05 (0.3723) | +0.76 +0.25 +0.75 Δ -0.013 (0.9240) ΔR² -0.001 (0.4328) ΔKL -0.0011 (0.6417)
qwen25_3b  C_harmonic    D_doc         | -0.01 (0.5207) | +0.76 +0.29 +0.76 Δ +0.001 (0.4293) ΔR² -0.009 (0.8391) ΔKL -0.0014 (0.8121)
qwen25_3b  D_chord       A_win40       | +0.24 (0.1009) | +0.82 +0.54 +0.84 Δ +0.013 (0.1369) ΔR² +0.041 (0.2029) ΔKL +0.0023 (0.1929)
qwen25_3b  D_chord       B_any         | +0.14 (0.1739) | +0.82 +0.30 +0.83 Δ +0.010 (0.1564) ΔR² +0.019 (0.2144) ΔKL +0.0028 (0.0970)
qwen25_3b  D_chord       D_doc         | +0.19 (0.1899) | +0.82 +0.36 +0.83 Δ +0.002 (0.5497) ΔR² +0.002 (0.5862) ΔKL +0.0002 (0.4273)
qwen25_3b  E_modulation  A_win40       | +0.02 (0.4593) | +0.84 +0.48 +0.85 Δ +0.012 (0.1954) ΔR² -0.009 (0.8236) ΔKL -0.0006 (0.7641)
qwen25_3b  E_modulation  B_any         | -0.04 (0.6362) | +0.84 +0.23 +0.84 Δ -0.004 (0.9175) ΔR² -0.013 (0.8896) ΔKL -0.0008 (0.8481)
qwen25_3b  E_modulation  D_doc         | -0.02 (0.5837) | +0.84 +0.26 +0.85 Δ +0.005 (0.5312) ΔR² -0.014 (0.9470) ΔKL -0.0007 (0.8486)
olmo2_7b   C_harmonic    A_win40       | -0.18 (0.8846) | +0.71 +0.36 +0.71 Δ +0.003 (0.4128) ΔR² -0.000 (0.4543) ΔKL -0.0008 (0.6492)
olmo2_7b   C_harmonic    B_any         | -0.16 (0.9025) | +0.71 +0.23 +0.70 Δ -0.005 (0.7996) ΔR² -0.011 (0.7491) ΔKL -0.0018 (0.7516)
olmo2_7b   C_harmonic    D_doc         | -0.23 (0.9400) | +0.71 +0.19 +0.70 Δ -0.003 (0.7421) ΔR² +0.007 (0.3473) ΔKL -0.0022 (0.8851)
olmo2_7b   D_chord       A_win40       | +0.12 (0.2254) | +0.67 +0.49 +0.66 Δ -0.011 (0.8281) ΔR² -0.003 (0.5102) ΔKL -0.0020 (0.7741)
olmo2_7b   D_chord       B_any         | +0.05 (0.3318) | +0.67 +0.28 +0.65 Δ -0.026 (0.9900) ΔR² -0.010 (0.7126) ΔKL -0.0020 (0.7001)
olmo2_7b   D_chord       D_doc         | -0.01 (0.5057) | +0.67 +0.27 +0.68 Δ +0.007 (0.2224) ΔR² -0.010 (0.8361) ΔKL -0.0033 (0.8626)
olmo2_7b   E_modulation  A_win40       | -0.01 (0.5162) | +0.70 +0.55 +0.70 Δ +0.000 (0.7021) ΔR² -0.006 (0.6462) ΔKL -0.0004 (0.6167)
olmo2_7b   E_modulation  B_any         | -0.11 (0.8506) | +0.70 +0.30 +0.71 Δ +0.010 (0.1814) ΔR² +0.001 (0.2759) ΔKL -0.0002 (0.4103)
olmo2_7b   E_modulation  D_doc         | -0.02 (0.5637) | +0.70 +0.31 +0.71 Δ +0.004 (0.4723) ΔR² -0.011 (0.8871) ΔKL -0.0007 (0.8176)
saved olmomix_dclm_big_v4_neutral
VALID /home/moloch/Documents/Research/pitch_fourier/results/phase5/v4_provenance_manifest.json
VALID results/phase5/fingerprint/olmomix_dclm_big_v4_neutral.json: 36 cells
VALID /home/moloch/Documents/Research/pitch_fourier/results/phase5/v4_provenance_manifest.json
== 00:47:38 fingerprint results/phase5/cond_wikipedia_thin_olmomix_dclm_big_v4.npz wikipedia_thin_olmomix_dclm_big_v4 olmo2_1b,gemma2_2b,qwen25_3b,olmo2_7b C_harmonic,D_chord,E_modulation A_win40,B_any,D_doc --nperm-res=2000 --nperm-loo=2000
corpus=wikipedia_thin_olmomix_dclm_big_v4; source counts [7, 33, 87, 153, 547, 524, 773, 1191, 788, 1100, 779, 565, 287, 38, 20]; view=spelled rich=False targetprior=False templates=[0, 1, 2, 3] nperm_res=2000 nperm_loo=2000 nboot=0 jobs=20
model      family        extract       | residual r (p) | LOO theory corpus both ΔCV(p) ΔR²(p) ΔKL(p)
olmo2_1b   C_harmonic    A_win40       | -0.07 (0.6487) | +0.88 +0.60 +0.88 Δ -0.001 (0.7826) ΔR² -0.019 (0.9995) ΔKL -0.0016 (0.8566)
olmo2_1b   C_harmonic    B_any         | +0.01 (0.4618) | +0.88 +0.54 +0.88 Δ +0.000 (0.5502) ΔR² -0.012 (0.9820) ΔKL -0.0007 (0.6872)
olmo2_1b   C_harmonic    D_doc         | +0.13 (0.2194) | +0.88 +0.66 +0.87 Δ -0.004 (0.9360) ΔR² +0.016 (0.4323) ΔKL -0.0020 (0.8876)
olmo2_1b   D_chord       A_win40       | -0.13 (0.7356) | +0.94 +0.55 +0.94 Δ +0.001 (0.5812) ΔR² -0.003 (0.8156) ΔKL -0.0013 (0.4518)
olmo2_1b   D_chord       B_any         | -0.04 (0.6037) | +0.94 +0.42 +0.94 Δ +0.001 (0.5332) ΔR² -0.019 (1.0000) ΔKL -0.0011 (0.4718)
olmo2_1b   D_chord       D_doc         | +0.07 (0.3818) | +0.94 +0.64 +0.94 Δ +0.000 (0.7581) ΔR² +0.003 (0.6822) ΔKL -0.0008 (0.4208)
olmo2_1b   E_modulation  A_win40       | +0.04 (0.3918) | +0.92 +0.65 +0.93 Δ +0.005 (0.1444) ΔR² +0.004 (0.3818) ΔKL +0.0009 (0.1899)
olmo2_1b   E_modulation  B_any         | -0.00 (0.4983) | +0.92 +0.53 +0.92 Δ -0.000 (0.6027) ΔR² -0.014 (0.9655) ΔKL -0.0002 (0.4818)
olmo2_1b   E_modulation  D_doc         | +0.18 (0.1039) | +0.92 +0.71 +0.93 Δ +0.006 (0.1114) ΔR² +0.043 (0.0660) ΔKL +0.0014 (0.1509)
gemma2_2b  C_harmonic    A_win40       | -0.08 (0.7146) | +0.89 +0.57 +0.89 Δ +0.000 (0.5642) ΔR² -0.013 (0.9830) ΔKL -0.0003 (0.5427)
gemma2_2b  C_harmonic    B_any         | -0.04 (0.6097) | +0.89 +0.47 +0.89 Δ -0.001 (0.7611) ΔR² -0.019 (0.9945) ΔKL -0.0014 (0.7156)
gemma2_2b  C_harmonic    D_doc         | +0.12 (0.2299) | +0.89 +0.67 +0.89 Δ +0.001 (0.4428) ΔR² +0.017 (0.3303) ΔKL +0.0026 (0.3018)
gemma2_2b  D_chord       A_win40       | -0.21 (0.9195) | +0.95 +0.56 +0.95 Δ +0.000 (0.3928) ΔR² +0.036 (0.1684) ΔKL -0.0009 (0.5492)
gemma2_2b  D_chord       B_any         | -0.18 (0.9075) | +0.95 +0.44 +0.95 Δ -0.002 (0.8891) ΔR² +0.053 (0.0650) ΔKL +0.0004 (0.2514)
gemma2_2b  D_chord       D_doc         | +0.13 (0.2289) | +0.95 +0.68 +0.96 Δ +0.004 (0.1164) ΔR² -0.000 (0.6487) ΔKL +0.0003 (0.2979)
gemma2_2b  E_modulation  A_win40       | -0.06 (0.6347) | +0.93 +0.64 +0.93 Δ -0.001 (0.7201) ΔR² -0.014 (0.9960) ΔKL +0.0001 (0.4413)
gemma2_2b  E_modulation  B_any         | -0.10 (0.7456) | +0.93 +0.55 +0.93 Δ -0.001 (0.6517) ΔR² -0.010 (0.9580) ΔKL -0.0017 (0.8291)
gemma2_2b  E_modulation  D_doc         | +0.29 (0.0495) | +0.93 +0.68 +0.94 Δ +0.008 (0.0365) ΔR² +0.056 (0.1219) ΔKL +0.0049 (0.0895)
qwen25_3b  C_harmonic    A_win40       | -0.12 (0.7476) | +0.88 +0.61 +0.88 Δ +0.004 (0.1329) ΔR² -0.008 (0.9240) ΔKL +0.0005 (0.4368)
qwen25_3b  C_harmonic    B_any         | -0.10 (0.7411) | +0.88 +0.53 +0.88 Δ -0.002 (0.5297) ΔR² -0.021 (1.0000) ΔKL -0.0011 (0.7416)
qwen25_3b  C_harmonic    D_doc         | +0.19 (0.1474) | +0.88 +0.71 +0.88 Δ -0.000 (0.3963) ΔR² +0.064 (0.0945) ΔKL +0.0013 (0.4258)
qwen25_3b  D_chord       A_win40       | -0.02 (0.5322) | +0.89 +0.59 +0.89 Δ -0.001 (0.4768) ΔR² -0.004 (0.7471) ΔKL -0.0005 (0.6647)
qwen25_3b  D_chord       B_any         | -0.03 (0.5882) | +0.89 +0.48 +0.88 Δ -0.009 (0.9810) ΔR² -0.017 (0.9960) ΔKL -0.0007 (0.6832)
qwen25_3b  D_chord       D_doc         | -0.08 (0.6822) | +0.89 +0.68 +0.88 Δ -0.006 (0.8686) ΔR² -0.012 (0.9870) ΔKL -0.0029 (0.9215)
qwen25_3b  E_modulation  A_win40       | -0.10 (0.7641) | +0.95 +0.63 +0.95 Δ +0.000 (0.5852) ΔR² -0.011 (0.9490) ΔKL -0.0004 (0.5682)
qwen25_3b  E_modulation  B_any         | -0.10 (0.7926) | +0.95 +0.54 +0.95 Δ +0.000 (0.6092) ΔR² -0.011 (0.9475) ΔKL -0.0005 (0.6452)
qwen25_3b  E_modulation  D_doc         | +0.15 (0.1219) | +0.95 +0.69 +0.95 Δ +0.003 (0.1689) ΔR² +0.027 (0.1589) ΔKL +0.0019 (0.1134)
olmo2_7b   C_harmonic    A_win40       | -0.21 (0.9110) | +0.77 +0.52 +0.78 Δ +0.003 (0.3283) ΔR² -0.010 (0.9575) ΔKL -0.0030 (0.8636)
olmo2_7b   C_harmonic    B_any         | -0.09 (0.7026) | +0.77 +0.52 +0.77 Δ -0.005 (0.8411) ΔR² -0.028 (1.0000) ΔKL -0.0054 (0.9595)
olmo2_7b   C_harmonic    D_doc         | +0.11 (0.2544) | +0.77 +0.58 +0.78 Δ +0.005 (0.3053) ΔR² +0.003 (0.5597) ΔKL -0.0021 (0.7836)
olmo2_7b   D_chord       A_win40       | -0.15 (0.8701) | +0.82 +0.52 +0.83 Δ +0.006 (0.3933) ΔR² -0.008 (0.8106) ΔKL -0.0002 (0.4873)
olmo2_7b   D_chord       B_any         | +0.00 (0.4798) | +0.82 +0.53 +0.83 Δ +0.003 (0.5767) ΔR² -0.011 (0.8981) ΔKL -0.0019 (0.6552)
olmo2_7b   D_chord       D_doc         | -0.00 (0.5137) | +0.82 +0.62 +0.83 Δ +0.005 (0.4828) ΔR² -0.007 (0.8546) ΔKL -0.0037 (0.8171)
olmo2_7b   E_modulation  A_win40       | +0.01 (0.4763) | +0.89 +0.66 +0.90 Δ +0.012 (0.0335) ΔR² +0.026 (0.0920) ΔKL +0.0021 (0.1074)
olmo2_7b   E_modulation  B_any         | +0.06 (0.3178) | +0.89 +0.55 +0.90 Δ +0.011 (0.0560) ΔR² +0.011 (0.1929) ΔKL -0.0001 (0.4268)
olmo2_7b   E_modulation  D_doc         | +0.29 (0.0130) | +0.89 +0.70 +0.90 Δ +0.011 (0.0635) ΔR² +0.093 (0.0030) ΔKL +0.0010 (0.2624)
saved wikipedia_thin_olmomix_dclm_big_v4
VALID /home/moloch/Documents/Research/pitch_fourier/results/phase5/v4_provenance_manifest.json
VALID results/phase5/fingerprint/wikipedia_thin_olmomix_dclm_big_v4.json: 36 cells
VALID /home/moloch/Documents/Research/pitch_fourier/results/phase5/v4_provenance_manifest.json
== 00:50:52 fingerprint results/phase5/cond_wikipedia_thin_olmomix_dclm_big_v4.npz wikipedia_thin_olmomix_dclm_big_v4 olmo2_1b,gemma2_2b,qwen25_3b,olmo2_7b C_harmonic,D_chord,E_modulation A_win40,B_any,D_doc --neutral --nperm-res=2000 --nperm-loo=2000
corpus=wikipedia_thin_olmomix_dclm_big_v4; source counts [7, 33, 87, 153, 547, 524, 773, 1191, 788, 1100, 779, 565, 287, 38, 20]; view=aggregated rich=False targetprior=False templates=[0, 1, 2, 3] nperm_res=2000 nperm_loo=2000 nboot=0 jobs=20
model      family        extract       | residual r (p) | LOO theory corpus both ΔCV(p) ΔR²(p) ΔKL(p)
olmo2_1b   C_harmonic    A_win40       | +0.02 (0.4648) | +0.71 +0.44 +0.72 Δ +0.013 (0.0730) ΔR² -0.003 (0.6402) ΔKL +0.0011 (0.4848)
olmo2_1b   C_harmonic    B_any         | +0.06 (0.3628) | +0.71 +0.39 +0.70 Δ -0.013 (0.7486) ΔR² +0.001 (0.4593) ΔKL -0.0007 (0.6817)
olmo2_1b   C_harmonic    D_doc         | -0.07 (0.6397) | +0.71 +0.46 +0.69 Δ -0.019 (0.8701) ΔR² -0.020 (0.9850) ΔKL -0.0034 (0.9925)
olmo2_1b   D_chord       A_win40       | +0.02 (0.4728) | +0.96 +0.39 +0.96 Δ -0.001 (0.4598) ΔR² -0.013 (0.9145) ΔKL +0.0001 (0.4568)
olmo2_1b   D_chord       B_any         | -0.04 (0.6217) | +0.96 +0.27 +0.96 Δ -0.002 (0.5522) ΔR² -0.001 (0.4553) ΔKL -0.0002 (0.5132)
olmo2_1b   D_chord       D_doc         | -0.02 (0.5657) | +0.96 +0.45 +0.96 Δ +0.000 (0.2869) ΔR² -0.035 (0.9950) ΔKL -0.0004 (0.6012)
olmo2_1b   E_modulation  A_win40       | +0.23 (0.0405) | +0.83 +0.58 +0.82 Δ -0.008 (0.8591) ΔR² +0.049 (0.0065) ΔKL +0.0026 (0.0860)
olmo2_1b   E_modulation  B_any         | +0.05 (0.3713) | +0.83 +0.41 +0.80 Δ -0.028 (0.9995) ΔR² -0.014 (0.9200) ΔKL -0.0018 (0.9860)
olmo2_1b   E_modulation  D_doc         | +0.04 (0.4253) | +0.83 +0.55 +0.82 Δ -0.011 (0.9315) ΔR² -0.006 (0.7131) ΔKL -0.0007 (0.8501)
gemma2_2b  C_harmonic    A_win40       | +0.02 (0.4538) | +0.80 +0.40 +0.79 Δ -0.005 (0.9170) ΔR² -0.028 (0.9990) ΔKL -0.0023 (0.8541)
gemma2_2b  C_harmonic    B_any         | +0.04 (0.4083) | +0.80 +0.35 +0.80 Δ +0.001 (0.5507) ΔR² -0.017 (0.9630) ΔKL -0.0016 (0.7611)
gemma2_2b  C_harmonic    D_doc         | +0.07 (0.3468) | +0.80 +0.51 +0.79 Δ -0.004 (0.8946) ΔR² -0.013 (0.9675) ΔKL -0.0025 (0.8836)
gemma2_2b  D_chord       A_win40       | +0.01 (0.4688) | +0.90 +0.37 +0.89 Δ -0.006 (0.9895) ΔR² -0.019 (0.9865) ΔKL -0.0005 (0.6917)
gemma2_2b  D_chord       B_any         | -0.08 (0.7671) | +0.90 +0.27 +0.90 Δ -0.003 (0.8956) ΔR² +0.000 (0.3428) ΔKL -0.0002 (0.5157)
gemma2_2b  D_chord       D_doc         | -0.01 (0.5482) | +0.90 +0.49 +0.90 Δ +0.002 (0.3673) ΔR² -0.014 (0.9650) ΔKL -0.0013 (0.9185)
gemma2_2b  E_modulation  A_win40       | +0.22 (0.0075) | +0.86 +0.53 +0.86 Δ +0.004 (0.2144) ΔR² +0.036 (0.0205) ΔKL +0.0032 (0.0160)
gemma2_2b  E_modulation  B_any         | +0.02 (0.4233) | +0.86 +0.39 +0.86 Δ +0.002 (0.3468) ΔR² -0.012 (0.9155) ΔKL +0.0000 (0.3483)
gemma2_2b  E_modulation  D_doc         | +0.07 (0.2704) | +0.86 +0.50 +0.85 Δ -0.004 (0.8611) ΔR² +0.012 (0.1409) ΔKL -0.0001 (0.5402)
qwen25_3b  C_harmonic    A_win40       | +0.01 (0.4483) | +0.82 +0.49 +0.82 Δ +0.003 (0.1739) ΔR² +0.003 (0.2714) ΔKL +0.0009 (0.2629)
qwen25_3b  C_harmonic    B_any         | -0.18 (0.9770) | +0.82 +0.45 +0.81 Δ -0.004 (0.6287) ΔR² -0.012 (0.7776) ΔKL -0.0006 (0.4793)
qwen25_3b  C_harmonic    D_doc         | -0.05 (0.6992) | +0.82 +0.57 +0.82 Δ +0.003 (0.1969) ΔR² -0.006 (0.6077) ΔKL -0.0012 (0.7611)
qwen25_3b  D_chord       A_win40       | +0.07 (0.3378) | +0.80 +0.45 +0.80 Δ -0.005 (0.9065) ΔR² -0.008 (0.8381) ΔKL -0.0006 (0.7281)
qwen25_3b  D_chord       B_any         | -0.07 (0.6702) | +0.80 +0.33 +0.80 Δ +0.001 (0.5722) ΔR² -0.017 (0.9705) ΔKL -0.0011 (0.7996)
qwen25_3b  D_chord       D_doc         | -0.06 (0.5777) | +0.80 +0.50 +0.79 Δ -0.012 (0.9845) ΔR² -0.059 (1.0000) ΔKL -0.0061 (0.9970)
qwen25_3b  E_modulation  A_win40       | +0.05 (0.3188) | +0.87 +0.47 +0.88 Δ +0.004 (0.2144) ΔR² -0.006 (0.5957) ΔKL +0.0004 (0.1729)
qwen25_3b  E_modulation  B_any         | -0.18 (0.9755) | +0.87 +0.40 +0.87 Δ +0.000 (0.7076) ΔR² -0.018 (0.9725) ΔKL -0.0008 (0.8731)
qwen25_3b  E_modulation  D_doc         | -0.07 (0.7691) | +0.87 +0.51 +0.87 Δ +0.001 (0.4648) ΔR² -0.010 (0.9000) ΔKL -0.0005 (0.7411)
olmo2_7b   C_harmonic    A_win40       | -0.16 (0.8466) | +0.70 +0.35 +0.70 Δ -0.002 (0.8256) ΔR² -0.018 (0.9535) ΔKL -0.0023 (0.9015)
olmo2_7b   C_harmonic    B_any         | -0.14 (0.8286) | +0.70 +0.42 +0.71 Δ +0.009 (0.3343) ΔR² -0.009 (0.7061) ΔKL -0.0014 (0.7276)
olmo2_7b   C_harmonic    D_doc         | -0.04 (0.5657) | +0.70 +0.45 +0.71 Δ +0.007 (0.4653) ΔR² -0.014 (0.9075) ΔKL -0.0025 (0.9260)
olmo2_7b   D_chord       A_win40       | -0.09 (0.7166) | +0.68 +0.42 +0.68 Δ -0.004 (0.5012) ΔR² -0.011 (0.8491) ΔKL -0.0028 (0.8536)
olmo2_7b   D_chord       B_any         | -0.08 (0.7306) | +0.68 +0.41 +0.68 Δ -0.010 (0.7071) ΔR² -0.027 (0.9885) ΔKL -0.0047 (0.9465)
olmo2_7b   D_chord       D_doc         | -0.08 (0.6767) | +0.68 +0.50 +0.66 Δ -0.023 (0.9625) ΔR² -0.046 (0.9990) ΔKL -0.0159 (1.0000)
olmo2_7b   E_modulation  A_win40       | +0.15 (0.0675) | +0.74 +0.57 +0.73 Δ -0.008 (0.7626) ΔR² +0.041 (0.0075) ΔKL +0.0020 (0.0280)
olmo2_7b   E_modulation  B_any         | +0.03 (0.3518) | +0.74 +0.44 +0.73 Δ -0.003 (0.3923) ΔR² +0.000 (0.2444) ΔKL -0.0013 (0.9770)
olmo2_7b   E_modulation  D_doc         | -0.02 (0.5752) | +0.74 +0.55 +0.74 Δ +0.005 (0.0620) ΔR² +0.002 (0.2844) ΔKL -0.0004 (0.6902)
saved wikipedia_thin_olmomix_dclm_big_v4_neutral
VALID /home/moloch/Documents/Research/pitch_fourier/results/phase5/v4_provenance_manifest.json
VALID results/phase5/fingerprint/wikipedia_thin_olmomix_dclm_big_v4_neutral.json: 36 cells
VALID /home/moloch/Documents/Research/pitch_fourier/results/phase5/v4_provenance_manifest.json
== 00:54:39 fingerprint results/phase5/cond_wikipedia_thin_olmomix_dclm_big_v4_s1.npz wikipedia_thin_olmomix_dclm_big_v4_s1 olmo2_1b,gemma2_2b,qwen25_3b,olmo2_7b C_harmonic,D_chord,E_modulation A_win40,B_any,D_doc --nperm-res=2000 --nperm-loo=2000
corpus=wikipedia_thin_olmomix_dclm_big_v4_s1; source counts [8, 22, 85, 138, 514, 493, 806, 1127, 896, 1101, 814, 580, 308, 53, 25]; view=spelled rich=False targetprior=False templates=[0, 1, 2, 3] nperm_res=2000 nperm_loo=2000 nboot=0 jobs=20
model      family        extract       | residual r (p) | LOO theory corpus both ΔCV(p) ΔR²(p) ΔKL(p)
olmo2_1b   C_harmonic    A_win40       | -0.07 (0.6397) | +0.87 +0.64 +0.87 Δ +0.002 (0.5017) ΔR² -0.012 (0.9945) ΔKL -0.0012 (0.8006)
olmo2_1b   C_harmonic    B_any         | -0.01 (0.5452) | +0.87 +0.54 +0.87 Δ +0.003 (0.3768) ΔR² -0.009 (0.9590) ΔKL -0.0006 (0.6542)
olmo2_1b   C_harmonic    D_doc         | +0.13 (0.2839) | +0.87 +0.69 +0.87 Δ -0.004 (0.9210) ΔR² -0.005 (0.8921) ΔKL -0.0072 (0.9840)
olmo2_1b   D_chord       A_win40       | -0.16 (0.7641) | +0.94 +0.59 +0.94 Δ +0.001 (0.5552) ΔR² -0.011 (0.9975) ΔKL -0.0016 (0.4943)
olmo2_1b   D_chord       B_any         | -0.16 (0.8061) | +0.94 +0.43 +0.94 Δ +0.000 (0.6547) ΔR² -0.006 (0.9110) ΔKL -0.0020 (0.5467)
olmo2_1b   D_chord       D_doc         | +0.04 (0.4388) | +0.94 +0.58 +0.94 Δ +0.000 (0.6427) ΔR² -0.000 (0.7516) ΔKL -0.0028 (0.5452)
olmo2_1b   E_modulation  A_win40       | +0.08 (0.3273) | +0.92 +0.71 +0.93 Δ +0.011 (0.0355) ΔR² +0.016 (0.3208) ΔKL +0.0028 (0.0200)
olmo2_1b   E_modulation  B_any         | +0.11 (0.2374) | +0.92 +0.60 +0.93 Δ +0.014 (0.0080) ΔR² +0.013 (0.2814) ΔKL +0.0014 (0.0735)
olmo2_1b   E_modulation  D_doc         | +0.26 (0.0730) | +0.92 +0.74 +0.93 Δ +0.017 (0.0050) ΔR² +0.095 (0.0400) ΔKL +0.0040 (0.0035)
gemma2_2b  C_harmonic    A_win40       | -0.06 (0.6257) | +0.89 +0.60 +0.89 Δ +0.000 (0.6787) ΔR² -0.012 (0.9910) ΔKL -0.0012 (0.6587)
gemma2_2b  C_harmonic    B_any         | -0.10 (0.7396) | +0.89 +0.49 +0.88 Δ -0.008 (0.9840) ΔR² -0.012 (0.9880) ΔKL -0.0036 (0.8396)
gemma2_2b  C_harmonic    D_doc         | +0.06 (0.3648) | +0.89 +0.65 +0.89 Δ -0.001 (0.7851) ΔR² +0.019 (0.3643) ΔKL -0.0025 (0.7551)
gemma2_2b  D_chord       A_win40       | -0.24 (0.9295) | +0.95 +0.61 +0.95 Δ -0.003 (0.9120) ΔR² +0.057 (0.0915) ΔKL -0.0006 (0.4578)
gemma2_2b  D_chord       B_any         | -0.27 (0.9800) | +0.95 +0.45 +0.95 Δ -0.001 (0.8271) ΔR² +0.048 (0.0860) ΔKL -0.0033 (0.8346)
gemma2_2b  D_chord       D_doc         | +0.07 (0.3643) | +0.95 +0.66 +0.96 Δ +0.003 (0.3003) ΔR² +0.001 (0.6607) ΔKL +0.0002 (0.2679)
gemma2_2b  E_modulation  A_win40       | -0.05 (0.6017) | +0.93 +0.68 +0.93 Δ +0.000 (0.5017) ΔR² -0.013 (0.9955) ΔKL -0.0010 (0.6167)
gemma2_2b  E_modulation  B_any         | -0.06 (0.6487) | +0.93 +0.59 +0.92 Δ -0.004 (0.9150) ΔR² -0.015 (0.9960) ΔKL -0.0032 (0.8606)
gemma2_2b  E_modulation  D_doc         | +0.27 (0.0860) | +0.93 +0.76 +0.94 Δ +0.010 (0.0190) ΔR² +0.067 (0.1519) ΔKL +0.0081 (0.0215)
qwen25_3b  C_harmonic    A_win40       | -0.13 (0.7716) | +0.88 +0.68 +0.89 Δ +0.010 (0.0790) ΔR² -0.006 (0.8876) ΔKL +0.0039 (0.2499)
qwen25_3b  C_harmonic    B_any         | -0.14 (0.8111) | +0.88 +0.53 +0.89 Δ +0.011 (0.0440) ΔR² -0.008 (0.8961) ΔKL +0.0021 (0.2794)
qwen25_3b  C_harmonic    D_doc         | +0.26 (0.0710) | +0.88 +0.68 +0.89 Δ +0.011 (0.0870) ΔR² +0.065 (0.1179) ΔKL +0.0056 (0.2359)
qwen25_3b  D_chord       A_win40       | +0.01 (0.4783) | +0.88 +0.64 +0.88 Δ +0.005 (0.4103) ΔR² -0.013 (0.9940) ΔKL +0.0000 (0.5927)
qwen25_3b  D_chord       B_any         | -0.01 (0.5562) | +0.88 +0.49 +0.88 Δ +0.000 (0.7706) ΔR² -0.011 (0.9675) ΔKL -0.0006 (0.6502)
qwen25_3b  D_chord       D_doc         | +0.03 (0.4378) | +0.88 +0.70 +0.88 Δ +0.008 (0.2929) ΔR² +0.001 (0.6162) ΔKL -0.0024 (0.8726)
qwen25_3b  E_modulation  A_win40       | -0.09 (0.7346) | +0.95 +0.70 +0.95 Δ -0.000 (0.1969) ΔR² -0.017 (0.9945) ΔKL -0.0005 (0.5187)
qwen25_3b  E_modulation  B_any         | -0.14 (0.8516) | +0.95 +0.54 +0.95 Δ -0.001 (0.2599) ΔR² -0.012 (0.9745) ΔKL -0.0008 (0.6277)
qwen25_3b  E_modulation  D_doc         | +0.25 (0.0570) | +0.95 +0.73 +0.95 Δ +0.001 (0.0565) ΔR² +0.044 (0.1374) ΔKL +0.0010 (0.1399)
olmo2_7b   C_harmonic    A_win40       | -0.23 (0.9105) | +0.77 +0.58 +0.77 Δ +0.001 (0.5312) ΔR² -0.001 (0.6572) ΔKL -0.0020 (0.7636)
olmo2_7b   C_harmonic    B_any         | -0.20 (0.9050) | +0.77 +0.47 +0.77 Δ +0.005 (0.2964) ΔR² -0.003 (0.6457) ΔKL -0.0015 (0.6582)
olmo2_7b   C_harmonic    D_doc         | +0.09 (0.3218) | +0.77 +0.62 +0.77 Δ +0.003 (0.4323) ΔR² +0.002 (0.5982) ΔKL +0.0009 (0.5157)
olmo2_7b   D_chord       A_win40       | -0.10 (0.7756) | +0.82 +0.58 +0.82 Δ -0.001 (0.7391) ΔR² -0.006 (0.7731) ΔKL -0.0004 (0.5412)
olmo2_7b   D_chord       B_any         | -0.14 (0.8716) | +0.82 +0.50 +0.82 Δ +0.001 (0.5607) ΔR² +0.001 (0.4353) ΔKL -0.0014 (0.6112)
olmo2_7b   D_chord       D_doc         | +0.01 (0.4818) | +0.82 +0.66 +0.82 Δ +0.003 (0.5082) ΔR² -0.007 (0.8796) ΔKL +0.0010 (0.4388)
olmo2_7b   E_modulation  A_win40       | +0.04 (0.3738) | +0.88 +0.70 +0.89 Δ +0.013 (0.0420) ΔR² +0.019 (0.2179) ΔKL +0.0040 (0.0490)
olmo2_7b   E_modulation  B_any         | +0.03 (0.4103) | +0.88 +0.58 +0.89 Δ +0.008 (0.0955) ΔR² -0.008 (0.8821) ΔKL +0.0014 (0.1379)
olmo2_7b   E_modulation  D_doc         | +0.25 (0.0495) | +0.88 +0.75 +0.89 Δ +0.012 (0.0715) ΔR² +0.079 (0.0245) ΔKL +0.0040 (0.0650)
saved wikipedia_thin_olmomix_dclm_big_v4_s1
VALID /home/moloch/Documents/Research/pitch_fourier/results/phase5/v4_provenance_manifest.json
VALID results/phase5/fingerprint/wikipedia_thin_olmomix_dclm_big_v4_s1.json: 36 cells
VALID /home/moloch/Documents/Research/pitch_fourier/results/phase5/v4_provenance_manifest.json
== 00:57:51 fingerprint results/phase5/cond_wikipedia_thin_olmomix_dclm_big_v4_s1.npz wikipedia_thin_olmomix_dclm_big_v4_s1 olmo2_1b,gemma2_2b,qwen25_3b,olmo2_7b C_harmonic,D_chord,E_modulation A_win40,B_any,D_doc --neutral --nperm-res=2000 --nperm-loo=2000
corpus=wikipedia_thin_olmomix_dclm_big_v4_s1; source counts [8, 22, 85, 138, 514, 493, 806, 1127, 896, 1101, 814, 580, 308, 53, 25]; view=aggregated rich=False targetprior=False templates=[0, 1, 2, 3] nperm_res=2000 nperm_loo=2000 nboot=0 jobs=20
model      family        extract       | residual r (p) | LOO theory corpus both ΔCV(p) ΔR²(p) ΔKL(p)
olmo2_1b   C_harmonic    A_win40       | +0.08 (0.3703) | +0.70 +0.51 +0.70 Δ -0.001 (0.4818) ΔR² +0.006 (0.4603) ΔKL +0.0013 (0.5067)
olmo2_1b   C_harmonic    B_any         | +0.08 (0.3303) | +0.70 +0.42 +0.69 Δ -0.010 (0.7631) ΔR² +0.001 (0.4818) ΔKL +0.0005 (0.4878)
olmo2_1b   C_harmonic    D_doc         | -0.11 (0.7041) | +0.70 +0.43 +0.67 Δ -0.035 (0.9925) ΔR² -0.046 (1.0000) ΔKL -0.0064 (1.0000)
olmo2_1b   D_chord       A_win40       | +0.01 (0.5037) | +0.96 +0.43 +0.97 Δ +0.003 (0.0600) ΔR² +0.003 (0.4198) ΔKL +0.0018 (0.1334)
olmo2_1b   D_chord       B_any         | -0.09 (0.7441) | +0.96 +0.28 +0.97 Δ +0.002 (0.0845) ΔR² -0.011 (0.8066) ΔKL -0.0005 (0.5422)
olmo2_1b   D_chord       D_doc         | -0.01 (0.5672) | +0.96 +0.31 +0.96 Δ +0.001 (0.1669) ΔR² -0.008 (0.8026) ΔKL -0.0004 (0.4788)
olmo2_1b   E_modulation  A_win40       | +0.23 (0.0360) | +0.83 +0.62 +0.82 Δ -0.006 (0.7006) ΔR² +0.048 (0.0075) ΔKL +0.0031 (0.0450)
olmo2_1b   E_modulation  B_any         | +0.18 (0.0540) | +0.83 +0.51 +0.81 Δ -0.022 (0.9955) ΔR² +0.013 (0.1039) ΔKL -0.0002 (0.4883)
olmo2_1b   E_modulation  D_doc         | +0.14 (0.2119) | +0.83 +0.53 +0.83 Δ +0.001 (0.1539) ΔR² +0.057 (0.0030) ΔKL +0.0049 (0.0110)
gemma2_2b  C_harmonic    A_win40       | +0.00 (0.5077) | +0.79 +0.46 +0.79 Δ -0.001 (0.7726) ΔR² -0.009 (0.9140) ΔKL -0.0011 (0.7141)
gemma2_2b  C_harmonic    B_any         | +0.09 (0.2904) | +0.79 +0.36 +0.79 Δ -0.002 (0.7876) ΔR² -0.008 (0.8081) ΔKL -0.0011 (0.6632)
gemma2_2b  C_harmonic    D_doc         | -0.04 (0.5602) | +0.79 +0.38 +0.80 Δ +0.001 (0.6317) ΔR² -0.010 (0.9305) ΔKL -0.0025 (0.8716)
gemma2_2b  D_chord       A_win40       | -0.03 (0.6102) | +0.90 +0.44 +0.90 Δ +0.000 (0.8421) ΔR² -0.017 (0.9820) ΔKL -0.0010 (0.8871)
gemma2_2b  D_chord       B_any         | -0.06 (0.6872) | +0.90 +0.27 +0.90 Δ -0.004 (0.9920) ΔR² -0.006 (0.6327) ΔKL -0.0012 (0.9130)
gemma2_2b  D_chord       D_doc         | +0.02 (0.4913) | +0.90 +0.39 +0.90 Δ +0.001 (0.7381) ΔR² -0.004 (0.6432) ΔKL +0.0003 (0.3653)
gemma2_2b  E_modulation  A_win40       | +0.17 (0.0555) | +0.86 +0.57 +0.86 Δ -0.004 (0.4583) ΔR² +0.035 (0.0160) ΔKL +0.0029 (0.0190)
gemma2_2b  E_modulation  B_any         | +0.09 (0.1729) | +0.86 +0.48 +0.85 Δ -0.010 (0.8396) ΔR² +0.005 (0.1884) ΔKL +0.0019 (0.0450)
gemma2_2b  E_modulation  D_doc         | +0.20 (0.0210) | +0.86 +0.56 +0.88 Δ +0.015 (0.0005) ΔR² +0.089 (0.0005) ΔKL +0.0028 (0.0340)
qwen25_3b  C_harmonic    A_win40       | +0.10 (0.1394) | +0.82 +0.58 +0.82 Δ +0.007 (0.1549) ΔR² +0.024 (0.0820) ΔKL +0.0044 (0.0755)
qwen25_3b  C_harmonic    B_any         | -0.01 (0.5452) | +0.82 +0.47 +0.82 Δ +0.005 (0.2009) ΔR² +0.004 (0.2184) ΔKL +0.0008 (0.2429)
qwen25_3b  C_harmonic    D_doc         | +0.08 (0.1679) | +0.82 +0.44 +0.83 Δ +0.015 (0.0410) ΔR² +0.031 (0.0880) ΔKL +0.0018 (0.2494)
qwen25_3b  D_chord       A_win40       | +0.11 (0.2579) | +0.80 +0.50 +0.79 Δ -0.004 (0.7346) ΔR² -0.009 (0.9070) ΔKL -0.0019 (0.9095)
qwen25_3b  D_chord       B_any         | +0.01 (0.4658) | +0.80 +0.35 +0.79 Δ -0.004 (0.6792) ΔR² -0.012 (0.9175) ΔKL -0.0012 (0.8401)
qwen25_3b  D_chord       D_doc         | +0.16 (0.2454) | +0.80 +0.47 +0.80 Δ +0.000 (0.6082) ΔR² +0.006 (0.6072) ΔKL -0.0015 (0.8851)
qwen25_3b  E_modulation  A_win40       | +0.11 (0.1139) | +0.87 +0.58 +0.87 Δ -0.002 (0.6337) ΔR² +0.008 (0.1219) ΔKL +0.0013 (0.0325)
qwen25_3b  E_modulation  B_any         | -0.03 (0.6522) | +0.87 +0.41 +0.87 Δ +0.001 (0.2304) ΔR² -0.011 (0.8601) ΔKL -0.0005 (0.6807)
qwen25_3b  E_modulation  D_doc         | +0.01 (0.4843) | +0.87 +0.48 +0.87 Δ -0.003 (0.6867) ΔR² +0.007 (0.1604) ΔKL +0.0009 (0.0795)
olmo2_7b   C_harmonic    A_win40       | -0.12 (0.7366) | +0.70 +0.44 +0.70 Δ -0.001 (0.7541) ΔR² -0.010 (0.8276) ΔKL -0.0026 (0.9420)
olmo2_7b   C_harmonic    B_any         | -0.15 (0.8581) | +0.70 +0.39 +0.71 Δ +0.004 (0.5322) ΔR² +0.000 (0.4133) ΔKL -0.0007 (0.5907)
olmo2_7b   C_harmonic    D_doc         | +0.02 (0.4288) | +0.70 +0.43 +0.72 Δ +0.016 (0.2354) ΔR² -0.001 (0.5437) ΔKL -0.0002 (0.6012)
olmo2_7b   D_chord       A_win40       | -0.14 (0.8066) | +0.68 +0.53 +0.68 Δ +0.005 (0.3118) ΔR² +0.008 (0.3353) ΔKL -0.0060 (0.9820)
olmo2_7b   D_chord       B_any         | -0.18 (0.9055) | +0.68 +0.39 +0.68 Δ +0.007 (0.1959) ΔR² +0.006 (0.2744) ΔKL -0.0041 (0.9105)
olmo2_7b   D_chord       D_doc         | +0.06 (0.3813) | +0.68 +0.46 +0.66 Δ -0.016 (0.9200) ΔR² -0.013 (0.9140) ΔKL -0.0026 (0.8351)
olmo2_7b   E_modulation  A_win40       | +0.25 (0.0055) | +0.72 +0.62 +0.73 Δ +0.012 (0.1434) ΔR² +0.072 (0.0015) ΔKL +0.0033 (0.0060)
olmo2_7b   E_modulation  B_any         | +0.09 (0.1709) | +0.72 +0.49 +0.72 Δ -0.001 (0.7586) ΔR² +0.011 (0.1094) ΔKL -0.0005 (0.6892)
olmo2_7b   E_modulation  D_doc         | +0.16 (0.0585) | +0.72 +0.54 +0.77 Δ +0.045 (0.0005) ΔR² +0.055 (0.0035) ΔKL +0.0025 (0.0420)
saved wikipedia_thin_olmomix_dclm_big_v4_s1_neutral
VALID /home/moloch/Documents/Research/pitch_fourier/results/phase5/v4_provenance_manifest.json
VALID results/phase5/fingerprint/wikipedia_thin_olmomix_dclm_big_v4_s1_neutral.json: 36 cells
VALID /home/moloch/Documents/Research/pitch_fourier/results/phase5/v4_provenance_manifest.json
== 01:01:38 fingerprint results/phase5/cond_wikipedia_thin_olmomix_dclm_big_v4_s2.npz wikipedia_thin_olmomix_dclm_big_v4_s2 olmo2_1b,gemma2_2b,qwen25_3b,olmo2_7b C_harmonic,D_chord,E_modulation A_win40,B_any,D_doc --nperm-res=2000 --nperm-loo=2000
corpus=wikipedia_thin_olmomix_dclm_big_v4_s2; source counts [5, 32, 80, 152, 552, 509, 782, 1151, 880, 1129, 796, 610, 266, 35, 24]; view=spelled rich=False targetprior=False templates=[0, 1, 2, 3] nperm_res=2000 nperm_loo=2000 nboot=0 jobs=20
model      family        extract       | residual r (p) | LOO theory corpus both ΔCV(p) ΔR²(p) ΔKL(p)
olmo2_1b   C_harmonic    A_win40       | +0.04 (0.3948) | +0.88 +0.65 +0.88 Δ +0.002 (0.4113) ΔR² -0.003 (0.7866) ΔKL +0.0009 (0.4863)
olmo2_1b   C_harmonic    B_any         | -0.12 (0.7776) | +0.88 +0.55 +0.87 Δ -0.003 (0.8946) ΔR² -0.002 (0.6702) ΔKL -0.0019 (0.9055)
olmo2_1b   C_harmonic    D_doc         | +0.09 (0.2944) | +0.88 +0.64 +0.88 Δ +0.004 (0.2699) ΔR² +0.001 (0.6412) ΔKL -0.0018 (0.8681)
olmo2_1b   D_chord       A_win40       | -0.06 (0.6057) | +0.94 +0.55 +0.94 Δ +0.000 (0.2844) ΔR² -0.010 (0.9950) ΔKL -0.0010 (0.4078)
olmo2_1b   D_chord       B_any         | -0.17 (0.7996) | +0.94 +0.52 +0.94 Δ -0.004 (0.8516) ΔR² +0.001 (0.6782) ΔKL -0.0039 (0.6657)
olmo2_1b   D_chord       D_doc         | +0.01 (0.5052) | +0.94 +0.58 +0.94 Δ +0.000 (0.3523) ΔR² -0.003 (0.8796) ΔKL +0.0007 (0.2484)
olmo2_1b   E_modulation  A_win40       | +0.13 (0.1349) | +0.93 +0.69 +0.93 Δ +0.003 (0.1354) ΔR² +0.022 (0.1000) ΔKL +0.0025 (0.0305)
olmo2_1b   E_modulation  B_any         | -0.05 (0.6792) | +0.93 +0.60 +0.93 Δ +0.002 (0.1439) ΔR² -0.008 (0.8476) ΔKL +0.0000 (0.3418)
olmo2_1b   E_modulation  D_doc         | +0.14 (0.1399) | +0.93 +0.70 +0.93 Δ +0.005 (0.0475) ΔR² +0.012 (0.2094) ΔKL -0.0006 (0.7251)
gemma2_2b  C_harmonic    A_win40       | -0.15 (0.8366) | +0.89 +0.59 +0.89 Δ +0.000 (0.7046) ΔR² +0.010 (0.3748) ΔKL -0.0059 (0.9635)
gemma2_2b  C_harmonic    B_any         | -0.11 (0.7681) | +0.89 +0.53 +0.89 Δ -0.004 (0.9910) ΔR² -0.007 (0.8571) ΔKL -0.0037 (0.9090)
gemma2_2b  C_harmonic    D_doc         | +0.09 (0.3108) | +0.89 +0.64 +0.89 Δ -0.001 (0.8346) ΔR² -0.005 (0.8561) ΔKL -0.0025 (0.8411)
gemma2_2b  D_chord       A_win40       | -0.13 (0.7841) | +0.95 +0.56 +0.95 Δ +0.000 (0.6672) ΔR² +0.006 (0.5312) ΔKL -0.0025 (0.6972)
gemma2_2b  D_chord       B_any         | -0.25 (0.9520) | +0.95 +0.53 +0.95 Δ -0.007 (0.9945) ΔR² +0.067 (0.0560) ΔKL -0.0059 (0.9135)
gemma2_2b  D_chord       D_doc         | +0.09 (0.3218) | +0.95 +0.64 +0.96 Δ +0.002 (0.3363) ΔR² -0.010 (0.9830) ΔKL -0.0015 (0.5952)
gemma2_2b  E_modulation  A_win40       | -0.03 (0.5882) | +0.93 +0.70 +0.93 Δ +0.004 (0.3123) ΔR² -0.011 (0.9840) ΔKL +0.0000 (0.4928)
gemma2_2b  E_modulation  B_any         | -0.13 (0.7956) | +0.93 +0.61 +0.92 Δ -0.006 (0.9975) ΔR² -0.003 (0.6937) ΔKL -0.0036 (0.9685)
gemma2_2b  E_modulation  D_doc         | +0.26 (0.0720) | +0.93 +0.71 +0.94 Δ +0.008 (0.1154) ΔR² +0.038 (0.1969) ΔKL +0.0053 (0.0890)
qwen25_3b  C_harmonic    A_win40       | -0.06 (0.6082) | +0.88 +0.62 +0.88 Δ +0.004 (0.0825) ΔR² -0.000 (0.6377) ΔKL +0.0030 (0.2899)
qwen25_3b  C_harmonic    B_any         | -0.16 (0.8436) | +0.88 +0.57 +0.88 Δ -0.001 (0.2554) ΔR² -0.008 (0.9250) ΔKL -0.0002 (0.5362)
qwen25_3b  C_harmonic    D_doc         | +0.13 (0.2629) | +0.88 +0.63 +0.88 Δ -0.004 (0.5977) ΔR² +0.014 (0.4313) ΔKL +0.0027 (0.3568)
qwen25_3b  D_chord       A_win40       | +0.03 (0.4023) | +0.88 +0.61 +0.89 Δ +0.007 (0.1679) ΔR² -0.013 (0.9875) ΔKL +0.0015 (0.4823)
qwen25_3b  D_chord       B_any         | +0.01 (0.4873) | +0.88 +0.57 +0.88 Δ -0.001 (0.7736) ΔR² -0.002 (0.6337) ΔKL +0.0022 (0.3778)
qwen25_3b  D_chord       D_doc         | -0.05 (0.6207) | +0.88 +0.65 +0.88 Δ -0.001 (0.7146) ΔR² -0.023 (1.0000) ΔKL -0.0033 (0.9260)
qwen25_3b  E_modulation  A_win40       | -0.03 (0.5792) | +0.95 +0.65 +0.95 Δ +0.001 (0.1749) ΔR² -0.034 (1.0000) ΔKL -0.0010 (0.7256)
qwen25_3b  E_modulation  B_any         | -0.08 (0.7021) | +0.95 +0.60 +0.95 Δ +0.000 (0.4923) ΔR² -0.008 (0.9105) ΔKL -0.0003 (0.4913)
qwen25_3b  E_modulation  D_doc         | +0.08 (0.3143) | +0.95 +0.69 +0.94 Δ -0.005 (0.9135) ΔR² -0.010 (0.9670) ΔKL +0.0001 (0.3798)
olmo2_7b   C_harmonic    A_win40       | -0.15 (0.8301) | +0.77 +0.53 +0.77 Δ -0.004 (0.9445) ΔR² -0.019 (0.9980) ΔKL -0.0055 (0.9655)
olmo2_7b   C_harmonic    B_any         | -0.09 (0.7186) | +0.77 +0.53 +0.77 Δ +0.003 (0.5737) ΔR² -0.016 (0.9955) ΔKL -0.0052 (0.9575)
olmo2_7b   C_harmonic    D_doc         | +0.10 (0.2729) | +0.77 +0.57 +0.78 Δ +0.008 (0.3668) ΔR² -0.019 (0.9975) ΔKL -0.0110 (0.9965)
olmo2_7b   D_chord       A_win40       | -0.04 (0.6137) | +0.83 +0.55 +0.83 Δ -0.000 (0.5942) ΔR² -0.007 (0.7671) ΔKL +0.0001 (0.4803)
olmo2_7b   D_chord       B_any         | -0.10 (0.7756) | +0.83 +0.55 +0.83 Δ +0.001 (0.4728) ΔR² -0.009 (0.8371) ΔKL -0.0054 (0.8991)
olmo2_7b   D_chord       D_doc         | +0.06 (0.3458) | +0.83 +0.63 +0.83 Δ +0.000 (0.5342) ΔR² -0.012 (0.9650) ΔKL -0.0112 (0.9740)
olmo2_7b   E_modulation  A_win40       | +0.11 (0.1874) | +0.89 +0.68 +0.90 Δ +0.005 (0.0745) ΔR² +0.045 (0.0465) ΔKL +0.0037 (0.0525)
olmo2_7b   E_modulation  B_any         | -0.04 (0.6007) | +0.89 +0.62 +0.89 Δ -0.001 (0.5127) ΔR² -0.015 (0.9825) ΔKL +0.0013 (0.1774)
olmo2_7b   E_modulation  D_doc         | +0.35 (0.0015) | +0.89 +0.69 +0.90 Δ +0.005 (0.0890) ΔR² +0.070 (0.0155) ΔKL -0.0034 (0.9880)
saved wikipedia_thin_olmomix_dclm_big_v4_s2
VALID /home/moloch/Documents/Research/pitch_fourier/results/phase5/v4_provenance_manifest.json
VALID results/phase5/fingerprint/wikipedia_thin_olmomix_dclm_big_v4_s2.json: 36 cells
VALID /home/moloch/Documents/Research/pitch_fourier/results/phase5/v4_provenance_manifest.json
== 01:04:45 fingerprint results/phase5/cond_wikipedia_thin_olmomix_dclm_big_v4_s2.npz wikipedia_thin_olmomix_dclm_big_v4_s2 olmo2_1b,gemma2_2b,qwen25_3b,olmo2_7b C_harmonic,D_chord,E_modulation A_win40,B_any,D_doc --neutral --nperm-res=2000 --nperm-loo=2000
corpus=wikipedia_thin_olmomix_dclm_big_v4_s2; source counts [5, 32, 80, 152, 552, 509, 782, 1151, 880, 1129, 796, 610, 266, 35, 24]; view=aggregated rich=False targetprior=False templates=[0, 1, 2, 3] nperm_res=2000 nperm_loo=2000 nboot=0 jobs=20
model      family        extract       | residual r (p) | LOO theory corpus both ΔCV(p) ΔR²(p) ΔKL(p)
olmo2_1b   C_harmonic    A_win40       | +0.08 (0.3583) | +0.70 +0.53 +0.70 Δ -0.005 (0.6712) ΔR² +0.016 (0.3293) ΔKL +0.0012 (0.4963)
olmo2_1b   C_harmonic    B_any         | -0.06 (0.6342) | +0.70 +0.34 +0.70 Δ -0.001 (0.5407) ΔR² -0.009 (0.8411) ΔKL -0.0008 (0.7346)
olmo2_1b   C_harmonic    D_doc         | -0.12 (0.6967) | +0.70 +0.38 +0.70 Δ -0.004 (0.6517) ΔR² -0.009 (0.8976) ΔKL -0.0010 (0.7846)
olmo2_1b   D_chord       A_win40       | -0.00 (0.5267) | +0.96 +0.40 +0.96 Δ -0.001 (0.3313) ΔR² -0.002 (0.5482) ΔKL +0.0004 (0.3173)
olmo2_1b   D_chord       B_any         | -0.09 (0.7131) | +0.96 +0.38 +0.96 Δ +0.000 (0.2399) ΔR² -0.014 (0.9105) ΔKL -0.0003 (0.4413)
olmo2_1b   D_chord       D_doc         | +0.01 (0.5087) | +0.96 +0.34 +0.96 Δ -0.001 (0.4193) ΔR² -0.038 (0.9970) ΔKL -0.0014 (0.7561)
olmo2_1b   E_modulation  A_win40       | +0.19 (0.0605) | +0.83 +0.60 +0.81 Δ -0.016 (0.9885) ΔR² +0.043 (0.0125) ΔKL +0.0019 (0.1004)
olmo2_1b   E_modulation  B_any         | -0.00 (0.5157) | +0.83 +0.45 +0.83 Δ -0.001 (0.5512) ΔR² -0.010 (0.8156) ΔKL -0.0007 (0.7736)
olmo2_1b   E_modulation  D_doc         | +0.11 (0.2819) | +0.83 +0.44 +0.82 Δ -0.004 (0.7236) ΔR² +0.017 (0.1164) ΔKL -0.0002 (0.5927)
gemma2_2b  C_harmonic    A_win40       | +0.06 (0.3713) | +0.80 +0.46 +0.79 Δ -0.007 (0.9070) ΔR² -0.003 (0.7026) ΔKL -0.0002 (0.5332)
gemma2_2b  C_harmonic    B_any         | -0.08 (0.6687) | +0.80 +0.35 +0.79 Δ -0.007 (0.9140) ΔR² -0.011 (0.9085) ΔKL -0.0013 (0.7141)
gemma2_2b  C_harmonic    D_doc         | +0.10 (0.3078) | +0.80 +0.42 +0.80 Δ +0.003 (0.4428) ΔR² +0.017 (0.3768) ΔKL +0.0012 (0.4138)
gemma2_2b  D_chord       A_win40       | +0.05 (0.3508) | +0.90 +0.38 +0.90 Δ +0.001 (0.7801) ΔR² -0.012 (0.9010) ΔKL -0.0006 (0.7206)
gemma2_2b  D_chord       B_any         | -0.05 (0.6762) | +0.90 +0.34 +0.90 Δ +0.002 (0.7096) ΔR² +0.003 (0.3093) ΔKL -0.0006 (0.7241)
gemma2_2b  D_chord       D_doc         | -0.00 (0.5412) | +0.90 +0.39 +0.90 Δ +0.000 (0.9310) ΔR² -0.005 (0.7166) ΔKL -0.0009 (0.8026)
gemma2_2b  E_modulation  A_win40       | +0.23 (0.0080) | +0.86 +0.60 +0.88 Δ +0.021 (0.0010) ΔR² +0.068 (0.0030) ΔKL +0.0059 (0.0010)
gemma2_2b  E_modulation  B_any         | +0.02 (0.4338) | +0.86 +0.43 +0.86 Δ -0.001 (0.4328) ΔR² -0.012 (0.9255) ΔKL +0.0001 (0.2944)
gemma2_2b  E_modulation  D_doc         | +0.07 (0.2949) | +0.86 +0.46 +0.86 Δ +0.002 (0.2549) ΔR² +0.011 (0.1429) ΔKL +0.0002 (0.4148)
qwen25_3b  C_harmonic    A_win40       | +0.01 (0.4528) | +0.81 +0.54 +0.82 Δ +0.012 (0.1354) ΔR² +0.011 (0.1484) ΔKL +0.0002 (0.3588)
qwen25_3b  C_harmonic    B_any         | -0.04 (0.6922) | +0.81 +0.46 +0.82 Δ +0.005 (0.3858) ΔR² -0.007 (0.5642) ΔKL -0.0003 (0.4323)
qwen25_3b  C_harmonic    D_doc         | -0.04 (0.6822) | +0.81 +0.39 +0.83 Δ +0.018 (0.0615) ΔR² +0.004 (0.3148) ΔKL +0.0013 (0.3063)
qwen25_3b  D_chord       A_win40       | +0.09 (0.2984) | +0.80 +0.48 +0.78 Δ -0.013 (0.9850) ΔR² -0.015 (0.9695) ΔKL -0.0018 (0.9075)
qwen25_3b  D_chord       B_any         | +0.07 (0.3428) | +0.80 +0.38 +0.79 Δ -0.006 (0.8931) ΔR² -0.014 (0.9540) ΔKL -0.0013 (0.8316)
qwen25_3b  D_chord       D_doc         | -0.03 (0.5292) | +0.80 +0.43 +0.81 Δ +0.009 (0.3648) ΔR² -0.006 (0.8351) ΔKL -0.0013 (0.8531)
qwen25_3b  E_modulation  A_win40       | +0.01 (0.4978) | +0.88 +0.53 +0.87 Δ -0.009 (0.9445) ΔR² -0.008 (0.7281) ΔKL -0.0002 (0.3448)
qwen25_3b  E_modulation  B_any         | -0.05 (0.7251) | +0.88 +0.42 +0.87 Δ -0.002 (0.6707) ΔR² -0.015 (0.9585) ΔKL -0.0006 (0.7341)
qwen25_3b  E_modulation  D_doc         | -0.12 (0.8881) | +0.88 +0.43 +0.88 Δ +0.004 (0.0920) ΔR² -0.003 (0.4538) ΔKL -0.0003 (0.4973)
olmo2_7b   C_harmonic    A_win40       | -0.08 (0.6597) | +0.71 +0.40 +0.70 Δ -0.002 (0.7366) ΔR² -0.013 (0.8881) ΔKL -0.0016 (0.8421)
olmo2_7b   C_harmonic    B_any         | -0.08 (0.6877) | +0.71 +0.36 +0.70 Δ -0.004 (0.7756) ΔR² -0.012 (0.8581) ΔKL -0.0018 (0.8381)
olmo2_7b   C_harmonic    D_doc         | -0.21 (0.8936) | +0.71 +0.36 +0.70 Δ -0.006 (0.8841) ΔR² -0.021 (0.9775) ΔKL -0.0056 (0.9980)
olmo2_7b   D_chord       A_win40       | -0.11 (0.7641) | +0.68 +0.44 +0.66 Δ -0.016 (0.8866) ΔR² -0.017 (0.9445) ΔKL -0.0084 (0.9950)
olmo2_7b   D_chord       B_any         | -0.14 (0.8411) | +0.68 +0.39 +0.67 Δ -0.015 (0.8941) ΔR² -0.006 (0.6342) ΔKL -0.0039 (0.9190)
olmo2_7b   D_chord       D_doc         | -0.14 (0.7811) | +0.68 +0.49 +0.67 Δ -0.013 (0.8811) ΔR² -0.023 (0.9815) ΔKL -0.0024 (0.8316)
olmo2_7b   E_modulation  A_win40       | +0.23 (0.0075) | +0.73 +0.60 +0.74 Δ +0.012 (0.0665) ΔR² +0.064 (0.0015) ΔKL +0.0010 (0.1279)
olmo2_7b   E_modulation  B_any         | +0.03 (0.3873) | +0.73 +0.46 +0.73 Δ -0.002 (0.7191) ΔR² -0.009 (0.7916) ΔKL -0.0004 (0.6052)
olmo2_7b   E_modulation  D_doc         | +0.02 (0.4078) | +0.73 +0.43 +0.73 Δ +0.000 (0.5022) ΔR² -0.004 (0.5692) ΔKL -0.0009 (0.9300)
saved wikipedia_thin_olmomix_dclm_big_v4_s2_neutral
VALID /home/moloch/Documents/Research/pitch_fourier/results/phase5/v4_provenance_manifest.json
VALID results/phase5/fingerprint/wikipedia_thin_olmomix_dclm_big_v4_s2_neutral.json: 36 cells
VALID /home/moloch/Documents/Research/pitch_fourier/results/phase5/v4_provenance_manifest.json
== 01:08:16 fingerprint results/phase5/cond_wikipedia_thin_olmomix_dclm_big_v4_s3.npz wikipedia_thin_olmomix_dclm_big_v4_s3 olmo2_1b,gemma2_2b,qwen25_3b,olmo2_7b C_harmonic,D_chord,E_modulation A_win40,B_any,D_doc --nperm-res=2000 --nperm-loo=2000
corpus=wikipedia_thin_olmomix_dclm_big_v4_s3; source counts [10, 34, 78, 163, 538, 509, 790, 1208, 860, 1142, 793, 582, 301, 39, 25]; view=spelled rich=False targetprior=False templates=[0, 1, 2, 3] nperm_res=2000 nperm_loo=2000 nboot=0 jobs=20
model      family        extract       | residual r (p) | LOO theory corpus both ΔCV(p) ΔR²(p) ΔKL(p)
olmo2_1b   C_harmonic    A_win40       | +0.01 (0.4583) | +0.87 +0.55 +0.87 Δ -0.001 (0.8266) ΔR² -0.021 (1.0000) ΔKL -0.0017 (0.8606)
olmo2_1b   C_harmonic    B_any         | -0.01 (0.5497) | +0.87 +0.48 +0.87 Δ -0.002 (0.8911) ΔR² -0.014 (0.9925) ΔKL -0.0010 (0.7341)
olmo2_1b   C_harmonic    D_doc         | +0.14 (0.2259) | +0.87 +0.64 +0.87 Δ +0.000 (0.7051) ΔR² +0.011 (0.5007) ΔKL -0.0020 (0.8626)
olmo2_1b   D_chord       A_win40       | -0.02 (0.5337) | +0.94 +0.52 +0.94 Δ +0.000 (0.4208) ΔR² -0.009 (0.9955) ΔKL -0.0004 (0.3093)
olmo2_1b   D_chord       B_any         | -0.05 (0.6147) | +0.94 +0.45 +0.94 Δ +0.000 (0.4133) ΔR² -0.019 (1.0000) ΔKL +0.0010 (0.1374)
olmo2_1b   D_chord       D_doc         | +0.06 (0.3943) | +0.94 +0.58 +0.94 Δ +0.001 (0.3778) ΔR² -0.008 (0.9885) ΔKL +0.0009 (0.1954)
olmo2_1b   E_modulation  A_win40       | +0.07 (0.3093) | +0.93 +0.62 +0.93 Δ +0.000 (0.4088) ΔR² +0.013 (0.2549) ΔKL +0.0009 (0.1359)
olmo2_1b   E_modulation  B_any         | +0.02 (0.4433) | +0.93 +0.52 +0.93 Δ +0.006 (0.0320) ΔR² +0.001 (0.3998) ΔKL +0.0006 (0.1574)
olmo2_1b   E_modulation  D_doc         | +0.17 (0.1294) | +0.93 +0.75 +0.93 Δ +0.003 (0.1254) ΔR² +0.019 (0.2124) ΔKL +0.0030 (0.0170)
gemma2_2b  C_harmonic    A_win40       | -0.05 (0.6392) | +0.89 +0.53 +0.89 Δ +0.001 (0.5562) ΔR² -0.003 (0.7731) ΔKL -0.0022 (0.7566)
gemma2_2b  C_harmonic    B_any         | -0.02 (0.5692) | +0.89 +0.48 +0.89 Δ +0.000 (0.5632) ΔR² -0.011 (0.9670) ΔKL -0.0018 (0.7201)
gemma2_2b  C_harmonic    D_doc         | -0.02 (0.5337) | +0.89 +0.63 +0.89 Δ +0.002 (0.4543) ΔR² -0.010 (0.9865) ΔKL -0.0036 (0.8351)
gemma2_2b  D_chord       A_win40       | -0.14 (0.7906) | +0.95 +0.52 +0.95 Δ -0.003 (0.8066) ΔR² +0.025 (0.3283) ΔKL +0.0006 (0.2484)
gemma2_2b  D_chord       B_any         | -0.14 (0.8411) | +0.95 +0.46 +0.95 Δ +0.001 (0.2689) ΔR² +0.003 (0.5177) ΔKL -0.0012 (0.5452)
gemma2_2b  D_chord       D_doc         | +0.09 (0.3263) | +0.95 +0.63 +0.95 Δ -0.001 (0.6442) ΔR² -0.009 (0.9830) ΔKL +0.0005 (0.2489)
gemma2_2b  E_modulation  A_win40       | -0.02 (0.5592) | +0.93 +0.63 +0.93 Δ +0.001 (0.5077) ΔR² -0.009 (0.9815) ΔKL -0.0003 (0.5292)
gemma2_2b  E_modulation  B_any         | +0.00 (0.5082) | +0.93 +0.49 +0.93 Δ +0.001 (0.5097) ΔR² -0.012 (0.9780) ΔKL -0.0001 (0.4023)
gemma2_2b  E_modulation  D_doc         | +0.29 (0.0610) | +0.93 +0.70 +0.94 Δ +0.012 (0.0175) ΔR² +0.025 (0.3423) ΔKL +0.0097 (0.0190)
qwen25_3b  C_harmonic    A_win40       | +0.03 (0.4258) | +0.88 +0.59 +0.88 Δ +0.005 (0.1449) ΔR² +0.018 (0.3553) ΔKL +0.0062 (0.1724)
qwen25_3b  C_harmonic    B_any         | -0.13 (0.8001) | +0.88 +0.50 +0.88 Δ +0.003 (0.1764) ΔR² -0.015 (0.9980) ΔKL -0.0009 (0.6307)
qwen25_3b  C_harmonic    D_doc         | +0.18 (0.1909) | +0.88 +0.67 +0.88 Δ +0.004 (0.2219) ΔR² +0.037 (0.2514) ΔKL +0.0047 (0.2584)
qwen25_3b  D_chord       A_win40       | -0.03 (0.5717) | +0.88 +0.55 +0.89 Δ +0.002 (0.3473) ΔR² -0.009 (0.9555) ΔKL -0.0007 (0.6997)
qwen25_3b  D_chord       B_any         | -0.01 (0.5317) | +0.88 +0.46 +0.88 Δ -0.001 (0.5352) ΔR² -0.009 (0.9220) ΔKL -0.0016 (0.8041)
qwen25_3b  D_chord       D_doc         | -0.09 (0.6782) | +0.88 +0.63 +0.89 Δ +0.001 (0.4108) ΔR² -0.016 (0.9980) ΔKL -0.0002 (0.6462)
qwen25_3b  E_modulation  A_win40       | -0.06 (0.6692) | +0.95 +0.62 +0.95 Δ -0.000 (0.1964) ΔR² -0.025 (0.9995) ΔKL -0.0009 (0.6772)
qwen25_3b  E_modulation  B_any         | -0.15 (0.8736) | +0.95 +0.49 +0.95 Δ +0.001 (0.1069) ΔR² -0.007 (0.8251) ΔKL -0.0009 (0.7131)
qwen25_3b  E_modulation  D_doc         | +0.07 (0.3428) | +0.95 +0.71 +0.95 Δ -0.001 (0.4493) ΔR² -0.028 (1.0000) ΔKL +0.0012 (0.1664)
olmo2_7b   C_harmonic    A_win40       | -0.19 (0.8746) | +0.77 +0.54 +0.77 Δ -0.000 (0.7326) ΔR² -0.005 (0.8191) ΔKL -0.0061 (0.9645)
olmo2_7b   C_harmonic    B_any         | -0.10 (0.7621) | +0.77 +0.42 +0.77 Δ -0.000 (0.6612) ΔR² -0.015 (0.9925) ΔKL -0.0030 (0.8286)
olmo2_7b   C_harmonic    D_doc         | +0.17 (0.1669) | +0.77 +0.61 +0.78 Δ +0.015 (0.1634) ΔR² +0.014 (0.3908) ΔKL +0.0063 (0.2979)
olmo2_7b   D_chord       A_win40       | -0.15 (0.8806) | +0.83 +0.52 +0.83 Δ -0.001 (0.5377) ΔR² -0.004 (0.6482) ΔKL -0.0013 (0.6257)
olmo2_7b   D_chord       B_any         | -0.09 (0.7526) | +0.83 +0.42 +0.83 Δ +0.001 (0.3358) ΔR² -0.004 (0.5382) ΔKL -0.0006 (0.5082)
olmo2_7b   D_chord       D_doc         | -0.01 (0.5257) | +0.83 +0.58 +0.83 Δ -0.001 (0.5662) ΔR² -0.006 (0.8266) ΔKL +0.0001 (0.4958)
olmo2_7b   E_modulation  A_win40       | +0.06 (0.3438) | +0.89 +0.62 +0.90 Δ +0.007 (0.0390) ΔR² +0.025 (0.1379) ΔKL +0.0028 (0.0850)
olmo2_7b   E_modulation  B_any         | -0.02 (0.5572) | +0.89 +0.50 +0.89 Δ -0.001 (0.5817) ΔR² -0.015 (0.9810) ΔKL -0.0010 (0.7666)
olmo2_7b   E_modulation  D_doc         | +0.32 (0.0095) | +0.89 +0.75 +0.90 Δ +0.008 (0.0355) ΔR² +0.073 (0.0185) ΔKL +0.0047 (0.0415)
saved wikipedia_thin_olmomix_dclm_big_v4_s3
VALID /home/moloch/Documents/Research/pitch_fourier/results/phase5/v4_provenance_manifest.json
VALID results/phase5/fingerprint/wikipedia_thin_olmomix_dclm_big_v4_s3.json: 36 cells
VALID /home/moloch/Documents/Research/pitch_fourier/results/phase5/v4_provenance_manifest.json
== 01:11:14 fingerprint results/phase5/cond_wikipedia_thin_olmomix_dclm_big_v4_s3.npz wikipedia_thin_olmomix_dclm_big_v4_s3 olmo2_1b,gemma2_2b,qwen25_3b,olmo2_7b C_harmonic,D_chord,E_modulation A_win40,B_any,D_doc --neutral --nperm-res=2000 --nperm-loo=2000
corpus=wikipedia_thin_olmomix_dclm_big_v4_s3; source counts [10, 34, 78, 163, 538, 509, 790, 1208, 860, 1142, 793, 582, 301, 39, 25]; view=aggregated rich=False targetprior=False templates=[0, 1, 2, 3] nperm_res=2000 nperm_loo=2000 nboot=0 jobs=20
model      family        extract       | residual r (p) | LOO theory corpus both ΔCV(p) ΔR²(p) ΔKL(p)
olmo2_1b   C_harmonic    A_win40       | +0.11 (0.3138) | +0.71 +0.44 +0.70 Δ -0.015 (0.7936) ΔR² +0.019 (0.3253) ΔKL +0.0008 (0.5327)
olmo2_1b   C_harmonic    B_any         | +0.10 (0.2989) | +0.71 +0.42 +0.69 Δ -0.020 (0.8916) ΔR² +0.015 (0.2519) ΔKL +0.0006 (0.4668)
olmo2_1b   C_harmonic    D_doc         | -0.04 (0.5837) | +0.71 +0.45 +0.70 Δ -0.012 (0.7141) ΔR² -0.017 (0.9850) ΔKL -0.0015 (0.8811)
olmo2_1b   D_chord       A_win40       | -0.06 (0.6407) | +0.96 +0.34 +0.96 Δ +0.001 (0.2199) ΔR² -0.011 (0.8726) ΔKL -0.0006 (0.6292)
olmo2_1b   D_chord       B_any         | -0.04 (0.6232) | +0.96 +0.38 +0.96 Δ -0.001 (0.5322) ΔR² -0.004 (0.5337) ΔKL +0.0013 (0.2234)
olmo2_1b   D_chord       D_doc         | +0.04 (0.4583) | +0.96 +0.36 +0.96 Δ -0.001 (0.5527) ΔR² -0.001 (0.5422) ΔKL +0.0021 (0.2434)
olmo2_1b   E_modulation  A_win40       | +0.17 (0.0835) | +0.83 +0.55 +0.82 Δ -0.012 (0.9300) ΔR² +0.071 (0.0015) ΔKL +0.0017 (0.1334)
olmo2_1b   E_modulation  B_any         | +0.14 (0.1009) | +0.83 +0.50 +0.83 Δ -0.007 (0.7716) ΔR² +0.003 (0.2004) ΔKL -0.0003 (0.4998)
olmo2_1b   E_modulation  D_doc         | +0.22 (0.0385) | +0.83 +0.62 +0.82 Δ -0.012 (0.9430) ΔR² +0.054 (0.0040) ΔKL +0.0033 (0.0355)
gemma2_2b  C_harmonic    A_win40       | +0.05 (0.4028) | +0.80 +0.39 +0.80 Δ -0.005 (0.7391) ΔR² -0.007 (0.8806) ΔKL -0.0019 (0.8346)
gemma2_2b  C_harmonic    B_any         | +0.06 (0.3548) | +0.80 +0.40 +0.80 Δ -0.003 (0.6087) ΔR² +0.001 (0.4558) ΔKL -0.0009 (0.6387)
gemma2_2b  C_harmonic    D_doc         | -0.06 (0.6097) | +0.80 +0.40 +0.79 Δ -0.010 (0.9290) ΔR² -0.026 (0.9975) ΔKL -0.0001 (0.5327)
gemma2_2b  D_chord       A_win40       | -0.03 (0.5812) | +0.90 +0.34 +0.90 Δ +0.002 (0.5562) ΔR² -0.009 (0.8311) ΔKL -0.0006 (0.7441)
gemma2_2b  D_chord       B_any         | -0.01 (0.5332) | +0.90 +0.37 +0.90 Δ +0.001 (0.5587) ΔR² -0.007 (0.6477) ΔKL -0.0009 (0.7966)
gemma2_2b  D_chord       D_doc         | +0.01 (0.4928) | +0.90 +0.40 +0.90 Δ +0.001 (0.7111) ΔR² -0.011 (0.9335) ΔKL -0.0009 (0.8411)
gemma2_2b  E_modulation  A_win40       | +0.25 (0.0040) | +0.86 +0.53 +0.87 Δ +0.004 (0.0275) ΔR² +0.093 (0.0010) ΔKL +0.0048 (0.0025)
gemma2_2b  E_modulation  B_any         | +0.05 (0.3043) | +0.86 +0.43 +0.86 Δ -0.000 (0.2334) ΔR² -0.005 (0.5622) ΔKL +0.0007 (0.1334)
gemma2_2b  E_modulation  D_doc         | +0.13 (0.1049) | +0.86 +0.54 +0.86 Δ -0.001 (0.2964) ΔR² +0.031 (0.0210) ΔKL +0.0011 (0.1454)
qwen25_3b  C_harmonic    A_win40       | +0.10 (0.1279) | +0.82 +0.48 +0.83 Δ +0.014 (0.0360) ΔR² +0.050 (0.0170) ΔKL +0.0056 (0.0550)
qwen25_3b  C_harmonic    B_any         | -0.08 (0.8251) | +0.82 +0.44 +0.81 Δ -0.007 (0.9595) ΔR² -0.007 (0.5277) ΔKL -0.0015 (0.8351)
qwen25_3b  C_harmonic    D_doc         | +0.14 (0.0580) | +0.82 +0.51 +0.83 Δ +0.012 (0.0540) ΔR² +0.041 (0.0340) ΔKL +0.0026 (0.1829)
qwen25_3b  D_chord       A_win40       | +0.12 (0.2579) | +0.80 +0.41 +0.79 Δ -0.013 (0.9590) ΔR² -0.015 (0.9800) ΔKL -0.0017 (0.8846)
qwen25_3b  D_chord       B_any         | -0.05 (0.6342) | +0.80 +0.37 +0.81 Δ +0.005 (0.2184) ΔR² -0.009 (0.8261) ΔKL -0.0006 (0.7001)
qwen25_3b  D_chord       D_doc         | -0.02 (0.5112) | +0.80 +0.46 +0.80 Δ -0.001 (0.5787) ΔR² -0.009 (0.9155) ΔKL -0.0003 (0.7376)
qwen25_3b  E_modulation  A_win40       | +0.05 (0.2799) | +0.88 +0.48 +0.87 Δ -0.008 (0.9695) ΔR² -0.000 (0.2674) ΔKL +0.0010 (0.0640)
qwen25_3b  E_modulation  B_any         | -0.09 (0.8396) | +0.88 +0.41 +0.88 Δ +0.000 (0.4343) ΔR² -0.012 (0.8586) ΔKL -0.0005 (0.6227)
qwen25_3b  E_modulation  D_doc         | +0.02 (0.4293) | +0.88 +0.52 +0.87 Δ -0.005 (0.9115) ΔR² +0.003 (0.2099) ΔKL +0.0001 (0.2699)
olmo2_7b   C_harmonic    A_win40       | -0.04 (0.5727) | +0.71 +0.39 +0.71 Δ -0.001 (0.7031) ΔR² -0.019 (0.9705) ΔKL -0.0027 (0.9460)
olmo2_7b   C_harmonic    B_any         | -0.15 (0.8656) | +0.71 +0.30 +0.70 Δ -0.002 (0.7681) ΔR² -0.008 (0.6652) ΔKL -0.0017 (0.7866)
olmo2_7b   C_harmonic    D_doc         | +0.03 (0.3993) | +0.71 +0.43 +0.71 Δ +0.008 (0.3678) ΔR² -0.000 (0.5257) ΔKL +0.0013 (0.4623)
olmo2_7b   D_chord       A_win40       | -0.03 (0.5712) | +0.69 +0.45 +0.68 Δ -0.008 (0.6752) ΔR² -0.013 (0.8961) ΔKL -0.0026 (0.8671)
olmo2_7b   D_chord       B_any         | -0.24 (0.9755) | +0.69 +0.32 +0.68 Δ -0.007 (0.5677) ΔR² +0.010 (0.1909) ΔKL -0.0106 (0.9975)
olmo2_7b   D_chord       D_doc         | -0.07 (0.6712) | +0.69 +0.44 +0.67 Δ -0.017 (0.8891) ΔR² -0.016 (0.9470) ΔKL -0.0034 (0.8921)
olmo2_7b   E_modulation  A_win40       | +0.26 (0.0045) | +0.73 +0.53 +0.74 Δ +0.007 (0.0650) ΔR² +0.109 (0.0005) ΔKL +0.0033 (0.0050)
olmo2_7b   E_modulation  B_any         | -0.03 (0.6302) | +0.73 +0.45 +0.73 Δ -0.003 (0.5222) ΔR² -0.015 (0.9430) ΔKL -0.0011 (0.9560)
olmo2_7b   E_modulation  D_doc         | +0.25 (0.0020) | +0.73 +0.64 +0.76 Δ +0.022 (0.0040) ΔR² +0.085 (0.0005) ΔKL +0.0014 (0.0895)
saved wikipedia_thin_olmomix_dclm_big_v4_s3_neutral
VALID /home/moloch/Documents/Research/pitch_fourier/results/phase5/v4_provenance_manifest.json
VALID results/phase5/fingerprint/wikipedia_thin_olmomix_dclm_big_v4_s3_neutral.json: 36 cells
VALID /home/moloch/Documents/Research/pitch_fourier/results/phase5/v4_provenance_manifest.json
== 01:14:42 fingerprint results/phase5/cond_wikipedia_thin_olmomix_dclm_big_v4_s4.npz wikipedia_thin_olmomix_dclm_big_v4_s4 olmo2_1b,gemma2_2b,qwen25_3b,olmo2_7b C_harmonic,D_chord,E_modulation A_win40,B_any,D_doc --nperm-res=2000 --nperm-loo=2000
corpus=wikipedia_thin_olmomix_dclm_big_v4_s4; source counts [6, 33, 68, 136, 582, 516, 802, 1187, 861, 1122, 797, 547, 276, 47, 35]; view=spelled rich=False targetprior=False templates=[0, 1, 2, 3] nperm_res=2000 nperm_loo=2000 nboot=0 jobs=20
model      family        extract       | residual r (p) | LOO theory corpus both ΔCV(p) ΔR²(p) ΔKL(p)
olmo2_1b   C_harmonic    A_win40       | +0.02 (0.4598) | +0.87 +0.65 +0.87 Δ -0.001 (0.7141) ΔR² +0.002 (0.6227) ΔKL +0.0016 (0.4428)
olmo2_1b   C_harmonic    B_any         | +0.04 (0.4053) | +0.87 +0.55 +0.87 Δ -0.004 (0.9515) ΔR² -0.017 (0.9995) ΔKL -0.0020 (0.9015)
olmo2_1b   C_harmonic    D_doc         | +0.05 (0.4148) | +0.87 +0.62 +0.87 Δ -0.003 (0.8926) ΔR² -0.005 (0.8726) ΔKL -0.0025 (0.8956)
olmo2_1b   D_chord       A_win40       | -0.17 (0.7916) | +0.94 +0.52 +0.94 Δ -0.001 (0.4158) ΔR² -0.004 (0.8786) ΔKL -0.0001 (0.2764)
olmo2_1b   D_chord       B_any         | -0.09 (0.6772) | +0.94 +0.52 +0.94 Δ -0.002 (0.6067) ΔR² -0.018 (0.9990) ΔKL -0.0011 (0.4248)
olmo2_1b   D_chord       D_doc         | +0.06 (0.4113) | +0.94 +0.62 +0.94 Δ +0.000 (0.2794) ΔR² -0.003 (0.8761) ΔKL -0.0007 (0.3733)
olmo2_1b   E_modulation  A_win40       | +0.08 (0.2989) | +0.93 +0.66 +0.93 Δ +0.001 (0.4008) ΔR² +0.013 (0.2024) ΔKL +0.0023 (0.0500)
olmo2_1b   E_modulation  B_any         | -0.04 (0.6032) | +0.93 +0.55 +0.92 Δ -0.003 (0.8821) ΔR² -0.014 (0.9585) ΔKL -0.0005 (0.6477)
olmo2_1b   E_modulation  D_doc         | +0.13 (0.1849) | +0.93 +0.71 +0.93 Δ +0.003 (0.2044) ΔR² +0.000 (0.4618) ΔKL +0.0017 (0.1019)
gemma2_2b  C_harmonic    A_win40       | -0.12 (0.7406) | +0.89 +0.57 +0.89 Δ -0.002 (0.8786) ΔR² -0.009 (0.9530) ΔKL -0.0037 (0.8811)
gemma2_2b  C_harmonic    B_any         | +0.09 (0.2819) | +0.89 +0.54 +0.89 Δ +0.003 (0.2804) ΔR² -0.013 (0.9770) ΔKL -0.0003 (0.5402)
gemma2_2b  C_harmonic    D_doc         | +0.12 (0.2359) | +0.89 +0.65 +0.88 Δ -0.013 (1.0000) ΔR² +0.008 (0.4728) ΔKL -0.0061 (0.9400)
gemma2_2b  D_chord       A_win40       | -0.17 (0.8371) | +0.95 +0.56 +0.95 Δ -0.002 (0.7881) ΔR² +0.024 (0.3083) ΔKL -0.0021 (0.6187)
gemma2_2b  D_chord       B_any         | -0.02 (0.5732) | +0.95 +0.52 +0.95 Δ -0.000 (0.5702) ΔR² -0.017 (0.9980) ΔKL -0.0020 (0.6452)
gemma2_2b  D_chord       D_doc         | +0.17 (0.1954) | +0.95 +0.67 +0.95 Δ -0.001 (0.6357) ΔR² -0.003 (0.8371) ΔKL -0.0010 (0.4973)
gemma2_2b  E_modulation  A_win40       | -0.04 (0.6012) | +0.92 +0.67 +0.92 Δ -0.002 (0.8721) ΔR² -0.011 (0.9905) ΔKL -0.0008 (0.6732)
gemma2_2b  E_modulation  B_any         | +0.00 (0.5062) | +0.92 +0.57 +0.92 Δ +0.000 (0.5692) ΔR² -0.014 (0.9935) ΔKL -0.0003 (0.5157)
gemma2_2b  E_modulation  D_doc         | +0.34 (0.0340) | +0.92 +0.70 +0.93 Δ +0.004 (0.3008) ΔR² +0.059 (0.1394) ΔKL +0.0053 (0.1104)
qwen25_3b  C_harmonic    A_win40       | -0.08 (0.6407) | +0.88 +0.59 +0.87 Δ -0.007 (0.9360) ΔR² -0.001 (0.6587) ΔKL +0.0034 (0.2474)
qwen25_3b  C_harmonic    B_any         | -0.12 (0.7331) | +0.88 +0.56 +0.88 Δ +0.000 (0.4213) ΔR² -0.016 (0.9960) ΔKL +0.0003 (0.4373)
qwen25_3b  C_harmonic    D_doc         | +0.07 (0.3543) | +0.88 +0.62 +0.88 Δ -0.001 (0.6437) ΔR² -0.002 (0.7491) ΔKL +0.0015 (0.4378)
qwen25_3b  D_chord       A_win40       | -0.09 (0.6902) | +0.88 +0.59 +0.88 Δ +0.003 (0.4843) ΔR² -0.019 (0.9995) ΔKL -0.0016 (0.8491)
qwen25_3b  D_chord       B_any         | +0.02 (0.4298) | +0.88 +0.55 +0.88 Δ -0.001 (0.8591) ΔR² -0.008 (0.9065) ΔKL -0.0008 (0.7036)
qwen25_3b  D_chord       D_doc         | -0.02 (0.5722) | +0.88 +0.63 +0.88 Δ -0.001 (0.8521) ΔR² -0.018 (1.0000) ΔKL -0.0012 (0.8031)
qwen25_3b  E_modulation  A_win40       | -0.04 (0.6027) | +0.95 +0.66 +0.95 Δ +0.001 (0.4738) ΔR² -0.028 (1.0000) ΔKL -0.0006 (0.6007)
qwen25_3b  E_modulation  B_any         | -0.06 (0.6732) | +0.95 +0.57 +0.95 Δ +0.000 (0.6262) ΔR² -0.020 (0.9990) ΔKL -0.0004 (0.5317)
qwen25_3b  E_modulation  D_doc         | +0.09 (0.2934) | +0.95 +0.70 +0.95 Δ +0.001 (0.3538) ΔR² -0.021 (0.9995) ΔKL +0.0017 (0.1314)
olmo2_7b   C_harmonic    A_win40       | -0.17 (0.8556) | +0.77 +0.56 +0.77 Δ +0.004 (0.4658) ΔR² -0.004 (0.7616) ΔKL -0.0037 (0.9180)
olmo2_7b   C_harmonic    B_any         | -0.15 (0.8466) | +0.77 +0.47 +0.77 Δ -0.004 (0.9280) ΔR² -0.007 (0.8406) ΔKL -0.0021 (0.7761)
olmo2_7b   C_harmonic    D_doc         | +0.17 (0.1704) | +0.77 +0.53 +0.78 Δ +0.009 (0.3088) ΔR² -0.013 (0.9910) ΔKL -0.0024 (0.8151)
olmo2_7b   D_chord       A_win40       | +0.00 (0.4933) | +0.83 +0.61 +0.84 Δ +0.006 (0.1749) ΔR² -0.002 (0.5332) ΔKL +0.0005 (0.4628)
olmo2_7b   D_chord       B_any         | -0.02 (0.5637) | +0.83 +0.52 +0.83 Δ -0.001 (0.6042) ΔR² -0.009 (0.8336) ΔKL -0.0032 (0.7841)
olmo2_7b   D_chord       D_doc         | -0.02 (0.5637) | +0.83 +0.55 +0.83 Δ -0.001 (0.6257) ΔR² -0.010 (0.9425) ΔKL -0.0026 (0.7671)
olmo2_7b   E_modulation  A_win40       | +0.14 (0.1589) | +0.89 +0.67 +0.90 Δ +0.012 (0.0130) ΔR² +0.050 (0.0350) ΔKL +0.0041 (0.0415)
olmo2_7b   E_modulation  B_any         | +0.05 (0.3178) | +0.89 +0.61 +0.89 Δ +0.001 (0.5772) ΔR² -0.006 (0.7011) ΔKL +0.0003 (0.3123)
olmo2_7b   E_modulation  D_doc         | +0.23 (0.0530) | +0.89 +0.68 +0.88 Δ -0.006 (0.9765) ΔR² +0.020 (0.2179) ΔKL +0.0013 (0.2394)
saved wikipedia_thin_olmomix_dclm_big_v4_s4
VALID /home/moloch/Documents/Research/pitch_fourier/results/phase5/v4_provenance_manifest.json
VALID results/phase5/fingerprint/wikipedia_thin_olmomix_dclm_big_v4_s4.json: 36 cells
VALID /home/moloch/Documents/Research/pitch_fourier/results/phase5/v4_provenance_manifest.json
== 01:17:38 fingerprint results/phase5/cond_wikipedia_thin_olmomix_dclm_big_v4_s4.npz wikipedia_thin_olmomix_dclm_big_v4_s4 olmo2_1b,gemma2_2b,qwen25_3b,olmo2_7b C_harmonic,D_chord,E_modulation A_win40,B_any,D_doc --neutral --nperm-res=2000 --nperm-loo=2000
corpus=wikipedia_thin_olmomix_dclm_big_v4_s4; source counts [6, 33, 68, 136, 582, 516, 802, 1187, 861, 1122, 797, 547, 276, 47, 35]; view=aggregated rich=False targetprior=False templates=[0, 1, 2, 3] nperm_res=2000 nperm_loo=2000 nboot=0 jobs=20
model      family        extract       | residual r (p) | LOO theory corpus both ΔCV(p) ΔR²(p) ΔKL(p)
olmo2_1b   C_harmonic    A_win40       | +0.06 (0.3843) | +0.71 +0.49 +0.72 Δ +0.005 (0.1579) ΔR² +0.037 (0.1759) ΔKL +0.0013 (0.4793)
olmo2_1b   C_harmonic    B_any         | -0.02 (0.5502) | +0.71 +0.39 +0.69 Δ -0.021 (0.9085) ΔR² -0.029 (0.9985) ΔKL -0.0047 (0.9985)
olmo2_1b   C_harmonic    D_doc         | -0.16 (0.7731) | +0.71 +0.31 +0.72 Δ +0.006 (0.1744) ΔR² -0.007 (0.8446) ΔKL -0.0005 (0.6957)
olmo2_1b   D_chord       A_win40       | -0.13 (0.7901) | +0.97 +0.37 +0.96 Δ -0.002 (0.5627) ΔR² -0.016 (0.9575) ΔKL -0.0019 (0.8826)
olmo2_1b   D_chord       B_any         | -0.14 (0.8316) | +0.97 +0.41 +0.97 Δ +0.000 (0.1914) ΔR² -0.013 (0.8836) ΔKL -0.0004 (0.4968)
olmo2_1b   D_chord       D_doc         | +0.03 (0.4743) | +0.97 +0.41 +0.97 Δ -0.001 (0.2299) ΔR² -0.007 (0.7601) ΔKL +0.0001 (0.4118)
olmo2_1b   E_modulation  A_win40       | +0.08 (0.3063) | +0.83 +0.53 +0.82 Δ -0.004 (0.6402) ΔR² +0.047 (0.0070) ΔKL +0.0019 (0.1249)
olmo2_1b   E_modulation  B_any         | -0.17 (0.9385) | +0.83 +0.44 +0.83 Δ -0.003 (0.5302) ΔR² -0.009 (0.7786) ΔKL -0.0005 (0.6777)
olmo2_1b   E_modulation  D_doc         | +0.06 (0.3853) | +0.83 +0.48 +0.82 Δ -0.005 (0.6952) ΔR² +0.002 (0.3593) ΔKL -0.0001 (0.5652)
gemma2_2b  C_harmonic    A_win40       | +0.05 (0.4078) | +0.80 +0.42 +0.80 Δ +0.001 (0.4313) ΔR² -0.009 (0.8966) ΔKL -0.0004 (0.5597)
gemma2_2b  C_harmonic    B_any         | +0.03 (0.4443) | +0.80 +0.42 +0.80 Δ -0.000 (0.4918) ΔR² -0.015 (0.9595) ΔKL -0.0022 (0.8376)
gemma2_2b  C_harmonic    D_doc         | +0.02 (0.4823) | +0.80 +0.41 +0.79 Δ -0.011 (0.9455) ΔR² -0.000 (0.6707) ΔKL -0.0025 (0.8611)
gemma2_2b  D_chord       A_win40       | -0.03 (0.5672) | +0.90 +0.38 +0.89 Δ -0.002 (0.9905) ΔR² -0.014 (0.9400) ΔKL -0.0007 (0.7666)
gemma2_2b  D_chord       B_any         | -0.11 (0.8121) | +0.90 +0.38 +0.90 Δ +0.003 (0.5447) ΔR² +0.005 (0.2589) ΔKL -0.0011 (0.8856)
gemma2_2b  D_chord       D_doc         | +0.04 (0.3998) | +0.90 +0.46 +0.90 Δ +0.001 (0.8566) ΔR² -0.007 (0.8261) ΔKL -0.0005 (0.6547)
gemma2_2b  E_modulation  A_win40       | +0.17 (0.0500) | +0.86 +0.52 +0.86 Δ -0.001 (0.2444) ΔR² +0.054 (0.0045) ΔKL +0.0045 (0.0030)
gemma2_2b  E_modulation  B_any         | -0.09 (0.8031) | +0.86 +0.42 +0.86 Δ -0.005 (0.6972) ΔR² -0.017 (0.9700) ΔKL -0.0013 (0.9835)
gemma2_2b  E_modulation  D_doc         | +0.06 (0.3133) | +0.86 +0.46 +0.86 Δ -0.008 (0.8171) ΔR² -0.004 (0.6867) ΔKL -0.0008 (0.9535)
qwen25_3b  C_harmonic    A_win40       | -0.07 (0.7696) | +0.82 +0.48 +0.82 Δ +0.004 (0.2969) ΔR² +0.014 (0.1324) ΔKL +0.0021 (0.1499)
qwen25_3b  C_harmonic    B_any         | -0.22 (0.9965) | +0.82 +0.47 +0.82 Δ -0.001 (0.7466) ΔR² -0.015 (0.8971) ΔKL -0.0015 (0.8176)
qwen25_3b  C_harmonic    D_doc         | -0.01 (0.5222) | +0.82 +0.39 +0.82 Δ +0.000 (0.6532) ΔR² -0.012 (0.8811) ΔKL -0.0008 (0.6612)
qwen25_3b  D_chord       A_win40       | +0.01 (0.4658) | +0.81 +0.41 +0.81 Δ -0.005 (0.7486) ΔR² -0.017 (0.9780) ΔKL -0.0017 (0.9240)
qwen25_3b  D_chord       B_any         | -0.04 (0.5882) | +0.81 +0.42 +0.81 Δ -0.001 (0.4418) ΔR² -0.016 (0.9580) ΔKL -0.0019 (0.9300)
qwen25_3b  D_chord       D_doc         | -0.13 (0.7146) | +0.81 +0.40 +0.82 Δ +0.005 (0.2389) ΔR² +0.006 (0.5727) ΔKL +0.0006 (0.6217)
qwen25_3b  E_modulation  A_win40       | -0.08 (0.7916) | +0.88 +0.50 +0.87 Δ -0.002 (0.6727) ΔR² -0.010 (0.8351) ΔKL +0.0003 (0.1644)
qwen25_3b  E_modulation  B_any         | -0.27 (0.9975) | +0.88 +0.42 +0.87 Δ -0.002 (0.6737) ΔR² +0.007 (0.1279) ΔKL +0.0001 (0.1894)
qwen25_3b  E_modulation  D_doc         | -0.03 (0.6442) | +0.88 +0.47 +0.87 Δ -0.002 (0.7316) ΔR² -0.007 (0.7571) ΔKL -0.0006 (0.8006)
olmo2_7b   C_harmonic    A_win40       | -0.11 (0.7321) | +0.70 +0.41 +0.71 Δ +0.005 (0.4713) ΔR² -0.007 (0.7131) ΔKL -0.0015 (0.8026)
olmo2_7b   C_harmonic    B_any         | -0.20 (0.9260) | +0.70 +0.33 +0.72 Δ +0.013 (0.2204) ΔR² +0.003 (0.3838) ΔKL +0.0011 (0.3958)
olmo2_7b   C_harmonic    D_doc         | -0.08 (0.6352) | +0.70 +0.29 +0.70 Δ -0.005 (0.8741) ΔR² -0.027 (0.9950) ΔKL -0.0042 (0.9940)
olmo2_7b   D_chord       A_win40       | -0.07 (0.6772) | +0.68 +0.48 +0.66 Δ -0.018 (0.9505) ΔR² -0.013 (0.8996) ΔKL -0.0066 (0.9855)
olmo2_7b   D_chord       B_any         | -0.12 (0.7956) | +0.68 +0.39 +0.67 Δ -0.010 (0.8461) ΔR² -0.004 (0.5257) ΔKL -0.0016 (0.7066)
olmo2_7b   D_chord       D_doc         | -0.09 (0.7046) | +0.68 +0.31 +0.71 Δ +0.029 (0.0520) ΔR² -0.004 (0.6607) ΔKL -0.0008 (0.6602)
olmo2_7b   E_modulation  A_win40       | +0.13 (0.0865) | +0.73 +0.54 +0.74 Δ +0.007 (0.0925) ΔR² +0.058 (0.0015) ΔKL +0.0018 (0.0455)
olmo2_7b   E_modulation  B_any         | -0.12 (0.8861) | +0.73 +0.50 +0.73 Δ -0.005 (0.7301) ΔR² -0.020 (0.9875) ΔKL -0.0014 (0.9905)
olmo2_7b   E_modulation  D_doc         | -0.03 (0.5872) | +0.73 +0.46 +0.73 Δ -0.005 (0.7521) ΔR² -0.013 (0.9610) ΔKL -0.0007 (0.8856)
saved wikipedia_thin_olmomix_dclm_big_v4_s4_neutral
VALID /home/moloch/Documents/Research/pitch_fourier/results/phase5/v4_provenance_manifest.json
VALID results/phase5/fingerprint/wikipedia_thin_olmomix_dclm_big_v4_s4_neutral.json: 36 cells
VALID /home/moloch/Documents/Research/pitch_fourier/results/phase5/v4_provenance_manifest.json
== 01:21:02 checkpoint fingerprint
checkpoint (tokens)    fam | line|circle circle|line | twin ECI asym | neutral residual r (rich+source-effects): A_win40 (p) D_doc (p) | KL rows
s1 300 1B              E | -0.24 +0.01 | 0.77 4.34 | +0.01 (0.509) -0.10 (0.599) | row entropy 1.96
s1 300 1B              C | -0.24 +0.01 | 0.81 3.96 | +0.03 (0.460) -0.14 (0.645) | row entropy 1.91
s1 10000 21B           E | +0.19 -0.09 | 0.79 3.44 | +0.03 (0.453) +0.03 (0.449) | row entropy 1.84
s1 10000 21B           C | +0.27 -0.20 | 0.85 2.52 | -0.07 (0.630) -0.14 (0.708) | row entropy 1.58
s1 23100 49B           E | +0.27 -0.25 | 0.87 2.14 | +0.03 (0.460) -0.00 (0.562) | row entropy 1.84
s1 23100 49B           C | +0.40 -0.18 | 0.92 2.92 | +0.02 (0.485) +0.03 (0.453) | row entropy 1.87
s1 50000 105B          E | +0.27 -0.09 | 0.89 2.12 | +0.05 (0.339) -0.08 (0.669) | row entropy 2.07
s1 50000 105B          C | +0.32 -0.03 | 0.87 2.26 | -0.09 (0.697) +0.02 (0.486) | row entropy 2.08
s1 140000 294B         E | +0.27 -0.07 | 0.92 3.38 | +0.10 (0.319) +0.07 (0.389) | row entropy 2.04
s1 140000 294B         C | +0.26 -0.10 | 0.87 3.03 | +0.19 (0.235) +0.10 (0.319) | row entropy 2.00
s1 480000 1007B        E | +0.34 -0.02 | 0.87 2.96 | +0.22 (0.083) +0.12 (0.239) | row entropy 2.15
s1 480000 1007B        C | +0.32 -0.02 | 0.77 2.48 | +0.10 (0.348) -0.16 (0.711) | row entropy 2.03
s1 950000 1993B        E | +0.33 -0.04 | 0.91 2.79 | +0.10 (0.214) +0.09 (0.290) | row entropy 2.16
s1 950000 1993B        C | +0.29 -0.07 | 0.83 2.60 | +0.12 (0.294) -0.06 (0.570) | row entropy 2.12
s1 1907359 4001B       E | +0.33 -0.06 | 0.91 2.63 | +0.13 (0.245) +0.05 (0.434) | row entropy 2.22
s1 1907359 4001B       C | +0.28 -0.10 | 0.87 2.21 | +0.10 (0.346) -0.05 (0.588) | row entropy 2.16
s2i3 23852 51B         E | +0.44 -0.01 | 0.91 2.62 | +0.18 (0.052) +0.08 (0.289) | row entropy 2.16
s2i3 23852 51B         C | +0.38 -0.06 | 0.84 2.01 | +0.11 (0.313) -0.10 (0.664) | row entropy 2.11
s2i1 23852 51B         E | +0.42 -0.03 | 0.92 2.55 | +0.21 (0.023) +0.11 (0.199) | row entropy 2.15
s2i1 23852 51B         C | +0.30 -0.05 | 0.83 2.09 | +0.08 (0.378) -0.04 (0.574) | row entropy 2.15
s2i2 23852 51B         E | +0.42 +0.02 | 0.91 2.65 | +0.23 (0.013) +0.09 (0.238) | row entropy 2.14
s2i2 23852 51B         C | +0.33 -0.08 | 0.83 1.92 | +0.10 (0.340) -0.06 (0.609) | row entropy 2.13
released (other run)   E | +0.47 +0.03 | 0.90 2.64 | +0.24 (0.018) +0.18 (0.138) | row entropy 2.18
released (other run)   C | +0.41 -0.04 | 0.89 2.09 | +0.12 (0.284) -0.11 (0.682) | row entropy 2.10
VALID /home/moloch/Documents/Research/pitch_fourier/results/phase5/v4_provenance_manifest.json
== 01:21:43 checkpoint twin differences
== E_modulation: magnitude; stability to released model; line-controlled Wikipedia twin correspondence
stage1-step300-tokens1B                      | Cb|B: 0.24; stab +0.71; A_win40 +0.39 (p=0.1499) D_doc +0.41 (p=0.1489) || Gb|F#: 0.24; stab +0.53; A_win40 +0.22 (p=0.2759) D_doc +0.27 (p=0.2544) || Db|C#: 0.41; stab -0.20; A_win40 +0.24 (p=0.2664) D_doc -0.06 (p=0.5492)
stage1-step10000-tokens21B                   | Cb|B: 1.81; stab +0.93; A_win40 +0.10 (p=0.3888) D_doc +0.10 (p=0.4118) || Gb|F#: 1.43; stab +0.80; A_win40 +0.47 (p=0.0940) D_doc -0.06 (p=0.5527) || Db|C#: 0.85; stab +0.77; A_win40 -0.55 (p=0.9400) D_doc +0.14 (p=0.3548)
stage1-step23100-tokens49B                   | Cb|B: 1.70; stab +0.92; A_win40 -0.02 (p=0.5257) D_doc +0.12 (p=0.3768) || Gb|F#: 1.33; stab +0.86; A_win40 +0.22 (p=0.2849) D_doc -0.32 (p=0.7901) || Db|C#: 1.39; stab +0.92; A_win40 +0.60 (p=0.0470) D_doc -0.06 (p=0.5502)
stage1-step50000-tokens105B                  | Cb|B: 1.69; stab +0.92; A_win40 +0.01 (p=0.4823) D_doc +0.01 (p=0.5057) || Gb|F#: 1.15; stab +0.95; A_win40 +0.35 (p=0.1854) D_doc +0.25 (p=0.2504) || Db|C#: 0.93; stab +0.86; A_win40 +0.11 (p=0.3733) D_doc +0.16 (p=0.3513)
stage1-step140000-tokens294B                 | Cb|B: 2.04; stab +0.94; A_win40 +0.02 (p=0.4633) D_doc +0.00 (p=0.5027) || Gb|F#: 1.39; stab +0.94; A_win40 +0.39 (p=0.1534) D_doc +0.16 (p=0.3343) || Db|C#: 1.29; stab +0.88; A_win40 +0.81 (p=0.0080) D_doc -0.24 (p=0.7236)
stage1-step480000-tokens1007B                | Cb|B: 1.50; stab +0.97; A_win40 +0.28 (p=0.2524) D_doc +0.27 (p=0.2489) || Gb|F#: 1.07; stab +0.96; A_win40 +0.00 (p=0.4813) D_doc +0.28 (p=0.2454) || Db|C#: 1.08; stab +0.93; A_win40 +0.55 (p=0.0505) D_doc +0.03 (p=0.4333)
stage1-step950000-tokens1993B                | Cb|B: 1.50; stab +0.99; A_win40 +0.39 (p=0.1549) D_doc +0.41 (p=0.1494) || Gb|F#: 0.87; stab +0.96; A_win40 +0.44 (p=0.1184) D_doc +0.50 (p=0.0825) || Db|C#: 0.73; stab +0.86; A_win40 +0.15 (p=0.3543) D_doc +0.31 (p=0.1904)
stage1-step1907359-tokens4001B               | Cb|B: 1.40; stab +0.97; A_win40 +0.48 (p=0.1009) D_doc +0.43 (p=0.1304) || Gb|F#: 1.04; stab +0.96; A_win40 +0.16 (p=0.3268) D_doc +0.88 (p=0.0015) || Db|C#: 0.76; stab +0.93; A_win40 +0.60 (p=0.0400) D_doc +0.29 (p=0.2079)
stage2-ingredient3-step23852-tokens51B       | Cb|B: 1.65; stab +0.98; A_win40 +0.38 (p=0.1684) D_doc +0.41 (p=0.1499) || Gb|F#: 1.02; stab +0.97; A_win40 +0.58 (p=0.0605) D_doc +0.86 (p=0.0040) || Db|C#: 0.69; stab +0.90; A_win40 +0.58 (p=0.0565) D_doc +0.40 (p=0.1359)
stage2-ingredient1-step23852-tokens51B       | Cb|B: 1.62; stab +0.98; A_win40 +0.45 (p=0.1254) D_doc +0.49 (p=0.1019) || Gb|F#: 0.97; stab +0.96; A_win40 +0.38 (p=0.1554) D_doc +0.77 (p=0.0095) || Db|C#: 0.75; stab +0.89; A_win40 +0.65 (p=0.0310) D_doc +0.34 (p=0.1674)
stage2-ingredient2-step23852-tokens51B       | Cb|B: 1.61; stab +0.98; A_win40 +0.45 (p=0.1259) D_doc +0.46 (p=0.1104) || Gb|F#: 0.94; stab +0.96; A_win40 +0.44 (p=0.1159) D_doc +0.90 (p=0.0015) || Db|C#: 0.69; stab +0.83; A_win40 +0.67 (p=0.0215) D_doc +0.31 (p=0.1894)
main                                         | Cb|B: 1.98; stab +1.00; A_win40 +0.47 (p=0.1059) D_doc +0.41 (p=0.1384) || Gb|F#: 1.32; stab +1.00; A_win40 +0.49 (p=0.0860) D_doc +0.63 (p=0.0365) || Db|C#: 0.92; stab +1.00; A_win40 +0.52 (p=0.0770) D_doc +0.18 (p=0.3083)
== C_harmonic: magnitude; stability to released model; line-controlled Wikipedia twin correspondence
stage1-step300-tokens1B                      | Cb|B: 0.34; stab +0.43; A_win40 +0.28 (p=0.2389) D_doc +0.49 (p=0.0795) || Gb|F#: 0.37; stab +0.33; A_win40 -0.19 (p=0.6737) D_doc +0.19 (p=0.3118) || Db|C#: 0.40; stab -0.04; A_win40 -0.27 (p=0.7601) D_doc -0.00 (p=0.5427)
stage1-step10000-tokens21B                   | Cb|B: 1.44; stab +0.86; A_win40 +0.46 (p=0.1094) D_doc +0.38 (p=0.1644) || Gb|F#: 1.50; stab +0.72; A_win40 +0.01 (p=0.5062) D_doc +0.13 (p=0.3763) || Db|C#: 1.62; stab +0.89; A_win40 -0.43 (p=0.8661) D_doc -0.03 (p=0.5482)
stage1-step23100-tokens49B                   | Cb|B: 1.51; stab +0.86; A_win40 +0.05 (p=0.4468) D_doc +0.05 (p=0.4688) || Gb|F#: 1.71; stab +0.78; A_win40 +0.32 (p=0.1974) D_doc -0.03 (p=0.5422) || Db|C#: 1.77; stab +0.89; A_win40 +0.24 (p=0.2724) D_doc +0.01 (p=0.4663)
stage1-step50000-tokens105B                  | Cb|B: 1.26; stab +0.97; A_win40 +0.70 (p=0.0230) D_doc +0.57 (p=0.0625) || Gb|F#: 1.20; stab +0.55; A_win40 -0.20 (p=0.6867) D_doc +0.06 (p=0.4633) || Db|C#: 1.28; stab +0.87; A_win40 +0.50 (p=0.0855) D_doc -0.05 (p=0.5932)
stage1-step140000-tokens294B                 | Cb|B: 1.58; stab +0.98; A_win40 +0.55 (p=0.0585) D_doc +0.46 (p=0.1104) || Gb|F#: 1.28; stab +0.72; A_win40 +0.23 (p=0.2949) D_doc +0.33 (p=0.1869) || Db|C#: 1.17; stab +0.84; A_win40 +0.53 (p=0.0855) D_doc +0.03 (p=0.5202)
stage1-step480000-tokens1007B                | Cb|B: 0.89; stab +0.91; A_win40 +0.51 (p=0.0795) D_doc +0.64 (p=0.0360) || Gb|F#: 1.01; stab +0.80; A_win40 -0.84 (p=0.9980) D_doc -0.65 (p=0.9745) || Db|C#: 1.40; stab +0.91; A_win40 +0.48 (p=0.1129) D_doc +0.03 (p=0.5052)
stage1-step950000-tokens1993B                | Cb|B: 1.05; stab +0.90; A_win40 +0.31 (p=0.2234) D_doc +0.32 (p=0.2074) || Gb|F#: 0.96; stab +0.91; A_win40 -0.50 (p=0.9260) D_doc -0.21 (p=0.7016) || Db|C#: 1.09; stab +0.83; A_win40 +0.64 (p=0.0350) D_doc -0.15 (p=0.6242)
stage1-step1907359-tokens4001B               | Cb|B: 1.08; stab +0.93; A_win40 +0.32 (p=0.1964) D_doc +0.09 (p=0.4418) || Gb|F#: 0.78; stab +0.90; A_win40 -0.43 (p=0.8771) D_doc -0.34 (p=0.8181) || Db|C#: 0.69; stab +0.91; A_win40 +0.70 (p=0.0120) D_doc +0.43 (p=0.1259)
stage2-ingredient3-step23852-tokens51B       | Cb|B: 0.99; stab +0.94; A_win40 +0.39 (p=0.1499) D_doc +0.36 (p=0.1619) || Gb|F#: 0.88; stab +0.90; A_win40 -0.45 (p=0.8801) D_doc -0.46 (p=0.8911) || Db|C#: 0.70; stab +0.87; A_win40 +0.63 (p=0.0345) D_doc +0.02 (p=0.4728)
stage2-ingredient1-step23852-tokens51B       | Cb|B: 1.08; stab +0.93; A_win40 +0.44 (p=0.1349) D_doc +0.43 (p=0.1314) || Gb|F#: 1.00; stab +0.87; A_win40 -0.63 (p=0.9615) D_doc -0.46 (p=0.8911) || Db|C#: 0.64; stab +0.88; A_win40 +0.52 (p=0.0705) D_doc +0.13 (p=0.3283)
stage2-ingredient2-step23852-tokens51B       | Cb|B: 0.90; stab +0.94; A_win40 +0.50 (p=0.0815) D_doc +0.41 (p=0.1324) || Gb|F#: 0.93; stab +0.87; A_win40 -0.68 (p=0.9820) D_doc -0.17 (p=0.6912) || Db|C#: 0.72; stab +0.79; A_win40 +0.56 (p=0.0570) D_doc +0.11 (p=0.3668)
main                                         | Cb|B: 1.44; stab +1.00; A_win40 +0.74 (p=0.0120) D_doc +0.43 (p=0.1139) || Gb|F#: 0.97; stab +1.00; A_win40 +0.03 (p=0.4653) D_doc -0.08 (p=0.5892) || Db|C#: 1.11; stab +1.00; A_win40 +0.47 (p=0.0980) D_doc +0.30 (p=0.2039)
VALID /home/moloch/Documents/Research/pitch_fourier/results/phase5/v4_provenance_manifest.json
VALID results/phase5/ckpt_fingerprint_v4.json: 24 checkpoint rows
VALID results/phase5/ckpt_twins_v4.json: 24 checkpoint-twin rows
VALID /home/moloch/Documents/Research/pitch_fourier/results/phase5/v4_provenance_manifest.json
== 01:22:01 exhaustive v3-v4 comparison
wrote results/phase5/v3_v4_comparison.csv (57348 rows), results/phase5/v3_v4_comparison.md, and results/phase5/thinning_seed_variance.csv (2304 rows)
VALID /home/moloch/Documents/Research/pitch_fourier/results/phase5/v4_provenance_manifest.json
VALID /home/moloch/Documents/Research/pitch_fourier/results/phase5/v4_provenance_manifest.json
== 01:22:10 corrected cross-corpus comparison
wrote /home/moloch/Documents/Research/pitch_fourier/results/phase5/crosscorpus_compare_v4_spelled.json
wrote /home/moloch/Documents/Research/pitch_fourier/results/phase5/crosscorpus_compare_v4_spelled.txt
wrote /home/moloch/Documents/Research/pitch_fourier/results/phase5/crosscorpus_compare_v4_aggregated.json
wrote /home/moloch/Documents/Research/pitch_fourier/results/phase5/crosscorpus_compare_v4_aggregated.txt
VALID /home/moloch/Documents/Research/pitch_fourier/results/phase5/v4_provenance_manifest.json
VALID /home/moloch/Documents/Research/pitch_fourier/results/phase5/v4_provenance_manifest.json
V4_COMPUTE_AND_COMPARISON_COMPLETE 2026-09-01T01:22:15Z
